{
 "n_inl": 678,
 "med_reproj": 0.779862105846405,
 "s_render_ppm": 23.942134180135756,
 "height_check_mm": 87.56973336661189,
 "rms_px": {
  "top": 1.6132858802406864,
  "right": 1.3900060485053145,
  "bottom": 15.412473187787839,
  "left": 11.026708915082816
 },
 "offsets_mm": {
  "left": 1.1245323390472528,
  "right": 1.0609670840590513,
  "top": 0.7818357773165501,
  "bottom": 1.248321852593501
 },
 "shift_x_mm": 0.03178262749410283,
 "shift_y_mm": -0.23324303763847246,
 "phys_border_mm": {
  "left": 3.630574596958439,
  "right": 3.5670093419702376,
  "top": 3.538482261018855,
  "bottom": 7.137521158684788
 }
}