{
 "n_inl": 50,
 "med_reproj": 1.7077763080596924,
 "ppm": 37.01116090472097,
 "height_check_mm": 88.7321255713795,
 "cut_rms_px": {
  "left": 0.87,
  "right": 2.72,
  "top": 2.09,
  "bottom": 1.19
 },
 "frame_rms_px": {
  "left": 1.46,
  "right": 1.08,
  "top": 0.97,
  "bottom": 1.92
 },
 "borders_mm": {
  "left": 2.550704753992611,
  "right": 2.235935829974142,
  "top": 1.923726487259964,
  "bottom": 2.473790259731366
 },
 "ratio_tb": 43.7457455637009,
 "ratio_lr": 53.287994142205015
}