{
 "n_inl": 99,
 "med_reproj": 1.0799219608306885,
 "ppm": 40.0085134903989,
 "height_check_mm": 87.55822920067001,
 "cut_rms_px": {
  "left": 0.69,
  "right": 4.53,
  "top": 15.28,
  "bottom": 2.89
 },
 "frame_rms_px": {
  "left": 0.64,
  "right": 0.99,
  "top": 1.82,
  "bottom": 1.54
 },
 "borders_mm": {
  "left": 2.699606160690906,
  "right": 2.2749149521590963,
  "top": 1.9841386995884904,
  "bottom": 1.5624765777383824
 },
 "ratio_tb": 55.94457093423338,
 "ratio_lr": 54.26866424825058
}