{
 "n_inl": 649,
 "med_reproj": 0.8826753497123718,
 "s_render_ppm": 24.17124714928245,
 "height_check_mm": 85.74766713706386,
 "rms_px": {
  "top": 3.0733058993569045,
  "right": 1.1811313140196305,
  "bottom": 0.9815015474896082,
  "left": 20.983942732430695
 },
 "offsets_mm": {
  "left": 2.2149221018966867,
  "right": 0.5517615353363552,
  "top": 0.5957323493462754,
  "bottom": 0.4231664560099984
 },
 "shift_x_mm": 0.8315802832801672,
 "shift_y_mm": 0.08628294666813852,
 "phys_border_mm": {
  "left": 4.697210236614682,
  "right": 3.0340496700543507,
  "top": 3.3262492975360707,
  "bottom": 6.2565435725972876
 }
}