{
 "n_inl": 693,
 "med_reproj": 0.9906870722770691,
 "s_render_ppm": 23.547575970632945,
 "height_check_mm": 89.40864305941547,
 "rms_px": {
  "top": 1.456619646107691,
  "right": 1.007961295338178,
  "bottom": 26.299997335942045,
  "left": 0.7823483442204158
 },
 "offsets_mm": {
  "left": 0.3597829884304366,
  "right": 0.7983436131867635,
  "top": 0.972198275276107,
  "bottom": 1.463585983125741
 },
 "shift_x_mm": -0.21928031237816145,
 "shift_y_mm": -0.24569385392481308,
 "phys_border_mm": {
  "left": 2.9078159611163823,
  "right": 3.346376585872709,
  "top": 3.775034545230647,
  "bottom": 7.451463468937713
 }
}