{
 "n_inl": 54,
 "med_reproj": 1.7155280113220215,
 "ppm": 39.9279976113337,
 "height_check_mm": 88.81703843279348,
 "cut_rms_px": {
  "left": 0.57,
  "right": 1.33,
  "top": 2.03,
  "bottom": 0.77
 },
 "frame_rms_px": {
  "left": 2.08,
  "right": 1.12,
  "top": 2.05,
  "bottom": 1.09
 },
 "borders_mm": {
  "left": 2.420640695964052,
  "right": 2.2997409060066634,
  "top": 2.185123326992387,
  "bottom": 2.247794001198276
 },
 "ratio_tb": 49.29312155442939,
 "ratio_lr": 51.28061457898779
}