{
 "n_inl": 65,
 "med_reproj": 1.4999442100524902,
 "ppm": 34.55746970659569,
 "height_check_mm": 88.64833295302545,
 "cut_rms_px": {
  "left": 0.88,
  "right": 3.21,
  "top": 1.04,
  "bottom": 0.72
 },
 "frame_rms_px": {
  "left": 1.15,
  "right": 0.93,
  "top": 0.53,
  "bottom": 1.62
 },
 "borders_mm": {
  "left": 2.58993660142975,
  "right": 2.28985709549847,
  "top": 2.128675293080679,
  "bottom": 2.3640213171788336
 },
 "ratio_tb": 47.38079326833778,
 "ratio_lr": 53.07471508601047
}