{
 "n_inl": 482,
 "med_reproj": 1.0025219917297363,
 "s_render_ppm": 23.770988505590953,
 "height_check_mm": 88.38934195720185,
 "rms_px": {
  "top": 1.1211815422442932,
  "right": 1.6853912337925707,
  "bottom": 15.028924171548532,
  "left": 5.09216517128261
 },
 "offsets_mm": {
  "left": 0.6594786762443531,
  "right": 1.0845703815083152,
  "top": 1.2080322294729011,
  "bottom": 1.02586863118771
 },
 "shift_x_mm": -0.21254585263197973,
 "shift_y_mm": 0.09108179914259487,
 "phys_border_mm": {
  "left": 3.1835638646195847,
  "right": 3.6086555698835467,
  "top": 3.984525936685656,
  "bottom": 6.957468823869504
 }
}