{
 "n_inl": 799,
 "med_reproj": 0.8358597159385681,
 "s_render_ppm": 23.542188299798177,
 "height_check_mm": 90.18815826417544,
 "rms_px": {
  "top": 2.0608651170966117,
  "right": 0.525953409775771,
  "bottom": 19.615199586037967,
  "left": 2.4471395367534123
 },
 "offsets_mm": {
  "left": 0.7852123212763715,
  "right": 0.35864723392967796,
  "top": 1.283637575945154,
  "bottom": 1.911757996855623
 },
 "shift_x_mm": 0.21328254367334917,
 "shift_y_mm": -0.314060210455237,
 "phys_border_mm": {
  "left": 3.3338284157502387,
  "right": 2.907263328403545,
  "top": 4.087115279866407,
  "bottom": 7.901005818869211
 }
}