{
 "n_inl": 44,
 "med_reproj": 1.526673436164856,
 "ppm": 36.40822343053749,
 "height_check_mm": 89.04746676743225,
 "cut_rms_px": {
  "left": 0.7,
  "right": 2.41,
  "top": 2.75,
  "bottom": 1.03
 },
 "frame_rms_px": {
  "left": 0.85,
  "right": 0.76,
  "top": 0.47,
  "bottom": 1.32
 },
 "borders_mm": {
  "left": 2.183898028820155,
  "right": 2.4221046239258985,
  "top": 2.285489116307617,
  "bottom": 2.0087845908723168
 },
 "ratio_tb": 53.221784919911556,
 "ratio_lr": 47.414172189374156
}