{
 "n_inl": 550,
 "med_reproj": 0.9941602349281311,
 "s_render_ppm": 23.75187225680127,
 "height_check_mm": 87.80016553295653,
 "rms_px": {
  "top": 1.5719051948460934,
  "right": 14.041382321676082,
  "bottom": 0.701272942721137,
  "left": 0.5221709412719294
 },
 "offsets_mm": {
  "left": 0.6153193729132737,
  "right": 1.0790265662939826,
  "top": 1.153178279702034,
  "bottom": 0.4222055662629727
 },
 "shift_x_mm": -0.2318535966903536,
 "shift_y_mm": 0.36548635671952934,
 "phys_border_mm": {
  "left": 3.1414360238993533,
  "right": 3.605143217280062,
  "top": 3.931906595786721,
  "bottom": 6.35857969608026
 }
}