{
 "n_inl": 8001,
 "med_reproj": 0.0,
 "ppm": 38.0036294559667,
 "height_check_mm": 89.70787669371207,
 "cut_rms_px": {
  "left": 0.45,
  "right": 2.83,
  "top": 0.68,
  "bottom": 20.77
 },
 "frame_rms_px": {
  "left": 0.82,
  "right": 1.93,
  "top": 2.23,
  "bottom": 1.24
 },
 "borders_mm": {
  "left": 2.281982777549515,
  "right": 2.6413134241711145,
  "top": 2.0679789210199977,
  "bottom": 3.061020657075814
 },
 "ratio_tb": 40.319342778884646,
 "ratio_lr": 46.35071066315268
}