id,file,setCode,number,promoGrouping,rarity,bordered_empirical,ok,reason,axis_x,sym_score,area,cx,cy,top_y,bot_y,left_x,right_x,bbox_cx,polarity,txt_ok,txt_reason,txt_top,txt_bot,txt_mid
1-1,images/1-1.jpg,1,1,,Uncommon,True,True,,733.524,0.9985,5264,733.5,1968.226,1929,2008,695,772,733.5,bright,True,,1976.9595,2009.2904,1993.125
1-1-C1,images/1-1-C1.jpg,1,1,C1,Special,False,False,no-symmetry-peak,,0.598,12387,742.703,1981.976,1919,2031,668,855,761.5,bright,True,,1976.7901,2009.2792,1993.0347
1-1-D23,images/1-1-D23.jpg,1,1,D23,Special,False,True,,733.513,0.9806,55014,734.748,1954.801,1866,2031,554,913,733.5,bright,True,,1976.8125,2009.3504,1993.0814
1-1-P1-_TFC,images/1-1-P1-_TFC.jpg,1,1,P1,Special,True,True,,733.38,0.8695,5534,731.394,1971.933,1928,2004,676,791,733.5,bright,True,,1976.6535,2009.0385,1992.846
1-10,images/1-10.jpg,1,10,,Super Rare,True,True,,733.623,0.9919,3452,733.725,1966.878,1929,2007,694,774,734.0,bright,True,,1976.9818,2009.2644,1993.1231
1-10-C1,images/1-10-C1.jpg,1,10,C1,Special,False,True,,717.885,0.9475,8022,717.952,1967.651,1919,2017,669,766,717.5,bright,True,,1976.7839,2009.2712,1993.0275
1-10-C2,images/1-10-C2.jpg,1,10,C2,Special,False,True,,733.5,0.9888,33691,733.373,1984.178,1917,2031,554,913,733.5,dark,True,,1976.8858,2009.2974,1993.0916
1-10-P1,images/1-10-P1.jpg,1,10,P1,Special,True,True,,724.15,0.8801,5304,727.448,1967.562,1925,2011,689,778,733.5,bright,True,,1976.7741,2009.1572,1992.9657
1-10-P3,images/1-10-P3.jpg,1,10,P3,Special,False,False,no-symmetry-peak,,0.7337,26084,721.802,1962.676,1883,2031,594,895,744.5,dark,True,,1976.7701,2009.1008,1992.9354
1-100,images/1-100.jpg,1,100,,Common,True,True,,733.581,0.9851,4485,733.635,1968.069,1930,2005,696,771,733.5,bright,True,,1976.9806,2009.2475,1993.114
1-101,images/1-101.jpg,1,101,,Uncommon,True,True,,733.52,0.9987,5265,733.506,1968.218,1929,2008,695,772,733.5,bright,True,,1976.958,2009.2733,1993.1157
1-102,images/1-102.jpg,1,102,,Common,True,True,,733.581,0.9848,4486,733.63,1968.062,1930,2005,696,771,733.5,bright,True,,1976.9788,2009.3729,1993.1758
1-103,images/1-103.jpg,1,103,,Common,True,True,,733.581,0.9851,4485,733.635,1968.069,1930,2005,696,771,733.5,bright,True,,1976.9488,2009.279,1993.1139
1-104,images/1-104.jpg,1,104,,Super Rare,True,True,,733.623,0.9919,3452,733.725,1966.878,1929,2007,694,774,734.0,bright,True,,1977.2855,2009.1402,1993.2128
1-105,images/1-105.jpg,1,105,,Common,True,True,,733.581,0.9851,4485,733.635,1968.069,1930,2005,696,771,733.5,bright,True,,1976.7956,2009.2783,1993.037
1-106,images/1-106.jpg,1,106,,Uncommon,True,True,,733.524,0.9985,5264,733.5,1968.226,1929,2008,695,772,733.5,bright,True,,1977.0781,2009.2545,1993.1663
1-107,images/1-107.jpg,1,107,,Rare,True,True,,733.677,0.991,4129,733.766,1980.054,1928,2007,686,782,734.0,bright,True,,1976.7715,2009.2543,1993.0129
1-108,images/1-108.jpg,1,108,,Uncommon,True,True,,733.524,0.9985,5264,733.5,1968.226,1929,2008,695,772,733.5,bright,True,,1976.9911,2009.2533,1993.1222
1-109,images/1-109.jpg,1,109,,Common,True,True,,733.581,0.9851,4485,733.635,1968.069,1930,2005,696,771,733.5,bright,True,,1976.9261,2009.2701,1993.0981
1-11,images/1-11.jpg,1,11,,Uncommon,True,True,,733.524,0.9985,5264,733.5,1968.226,1929,2008,695,772,733.5,bright,True,,1976.9459,2009.3006,1993.1233
1-11-P1,images/1-11-P1.jpg,1,11,P1,Special,True,True,,741.528,0.9891,7433,742.055,1969.374,1933,2005,691,799,745.0,bright,True,,1976.7367,2009.209,1992.9728
1-110,images/1-110.jpg,1,110,,Common,True,True,,733.581,0.9851,4485,733.635,1968.069,1930,2005,696,771,733.5,bright,True,,1976.9555,2009.2767,1993.1161
1-111,images/1-111.jpg,1,111,,Common,True,True,,733.581,0.9851,4485,733.635,1968.069,1930,2005,696,771,733.5,bright,True,,1976.9281,2009.3078,1993.1179
1-112,images/1-112.jpg,1,112,,Rare,True,True,,733.677,0.9891,4135,733.831,1980.069,1928,2007,686,782,734.0,bright,True,,1976.9288,2009.4181,1993.1734
1-113,images/1-113.jpg,1,113,,Legendary,True,True,,733.572,0.9965,5477,733.607,1969.601,1924,2008,689,778,733.5,bright,True,,1976.9185,2009.3141,1993.1163
1-114,images/1-114.jpg,1,114,,Rare,True,True,,733.677,0.9891,4135,733.831,1980.069,1928,2007,686,782,734.0,bright,True,,1977.2774,2009.1743,1993.2258
1-115,images/1-115.jpg,1,115,,Legendary,True,True,,733.572,0.9965,5477,733.607,1969.601,1924,2008,689,778,733.5,bright,True,,1976.7683,2009.3094,1993.0389
1-116,images/1-116.jpg,1,116,,Common,True,True,,733.581,0.9851,4485,733.635,1968.069,1930,2005,696,771,733.5,bright,True,,1977.0502,2009.2803,1993.1652
1-117,images/1-117.jpg,1,117,,Uncommon,True,True,,733.524,0.9985,5264,733.5,1968.226,1929,2008,695,772,733.5,bright,True,,1976.727,2009.3089,1993.0179
1-118,images/1-118.jpg,1,118,,Super Rare,True,True,,733.623,0.9919,3452,733.725,1966.878,1929,2007,694,774,734.0,bright,True,,1976.9519,2009.2802,1993.116
1-119,images/1-119.jpg,1,119,,Common,True,True,,733.57,0.9848,4484,733.609,1968.062,1930,2005,696,771,733.5,bright,True,,1976.9065,2009.2995,1993.103
1-12,images/1-12.jpg,1,12,,Uncommon,True,True,,733.524,0.9985,5264,733.5,1968.226,1929,2008,695,772,733.5,bright,True,,1976.9297,2009.4157,1993.1727
1-12-P1,images/1-12-P1.jpg,1,12,P1,Special,True,True,,690.013,0.9674,2883,690.128,1967.262,1928,2009,671,709,690.0,bright,True,,1976.7479,2009.3296,1993.0387
1-120,images/1-120.jpg,1,120,,Common,True,True,,733.581,0.9851,4485,733.635,1968.069,1930,2005,696,771,733.5,bright,True,,1976.9737,2009.3753,1993.1745
1-121,images/1-121.jpg,1,121,,Uncommon,True,True,,733.52,0.9987,5265,733.506,1968.218,1929,2008,695,772,733.5,bright,True,,1976.9317,2009.4157,1993.1737
1-122,images/1-122.jpg,1,122,,Common,True,True,,733.581,0.9851,4485,733.635,1968.069,1930,2005,696,771,733.5,bright,True,,1976.9999,2009.4491,1993.2245
1-123,images/1-123.jpg,1,123,,Rare,True,True,,733.677,0.991,4129,733.766,1980.054,1928,2007,686,782,734.0,bright,True,,1976.968,2009.3784,1993.1732
1-124,images/1-124.jpg,1,124,,Common,True,True,,733.581,0.9851,4485,733.635,1968.069,1930,2005,696,771,733.5,bright,True,,1977.1895,2009.3085,1993.249
1-125,images/1-125.jpg,1,125,,Rare,True,True,,733.677,0.9891,4135,733.831,1980.069,1928,2007,686,782,734.0,bright,True,,1976.8081,2009.3789,1993.0935
1-126,images/1-126.jpg,1,126,,Super Rare,True,True,,733.623,0.9919,3452,733.725,1966.878,1929,2007,694,774,734.0,bright,True,,1977.0809,2009.3786,1993.2297
1-127,images/1-127.jpg,1,127,,Uncommon,True,True,,733.524,0.9985,5264,733.5,1968.226,1929,2008,695,772,733.5,bright,True,,1976.7779,2009.3701,1993.074
1-128,images/1-128.jpg,1,128,,Rare,True,True,,733.677,0.991,4129,733.766,1980.054,1928,2007,686,782,734.0,bright,True,,1976.9958,2009.3719,1993.1839
1-129,images/1-129.jpg,1,129,,Uncommon,True,True,,733.524,0.9985,5264,733.5,1968.226,1929,2008,695,772,733.5,bright,True,,1976.9211,2009.3971,1993.1591
1-13,images/1-13.jpg,1,13,,Common,True,True,,733.581,0.9851,4485,733.635,1968.069,1930,2005,696,771,733.5,bright,True,,1976.9277,2009.305,1993.1164
1-13-P1,images/1-13-P1.jpg,1,13,P1,Special,True,True,,734.125,0.8476,5879,733.958,1968.226,1923,2014,688,779,733.5,bright,True,,1976.7573,2009.1887,1992.973
1-130,images/1-130.jpg,1,130,,Uncommon,True,True,,733.52,0.9987,5265,733.506,1968.218,1929,2008,695,772,733.5,bright,True,,1976.9411,2009.2844,1993.1127
1-131,images/1-131.jpg,1,131,,Uncommon,True,True,,733.524,0.9985,5264,733.5,1968.226,1929,2008,695,772,733.5,bright,True,,1976.9172,2009.3132,1993.1152
1-132,images/1-132.jpg,1,132,,Common,True,True,,733.581,0.9851,4485,733.635,1968.069,1930,2005,696,771,733.5,bright,True,,1976.9676,2009.3793,1993.1735
1-133,images/1-133.jpg,1,133,,Common,True,True,,733.581,0.9851,4485,733.635,1968.069,1930,2005,696,771,733.5,bright,True,,1976.9584,2009.2806,1993.1195
1-134,images/1-134.jpg,1,134,,Rare,True,True,,733.677,0.9891,4137,733.829,1980.049,1928,2007,686,782,734.0,bright,True,,1977.1965,2009.1777,1993.1871
1-135,images/1-135.jpg,1,135,,Uncommon,True,True,,733.52,0.9987,5265,733.506,1968.218,1929,2008,695,772,733.5,bright,True,,1976.8063,2009.2797,1993.043
1-136,images/1-136.jpg,1,136,,Rare,True,True,,733.677,0.9891,4137,733.829,1980.049,1928,2007,686,782,734.0,bright,True,,1977.0426,2009.2822,1993.1624
1-137,images/1-137.jpg,1,137,,Rare,True,True,,733.677,0.991,4129,733.766,1980.054,1928,2007,686,782,734.0,bright,True,,1976.7767,2009.2582,1993.0174
1-138,images/1-138.jpg,1,138,,Common,True,True,,733.581,0.9851,4485,733.635,1968.069,1930,2005,696,771,733.5,bright,True,,1976.9638,2009.2732,1993.1185
1-139,images/1-139.jpg,1,139,,Super Rare,True,True,,733.623,0.9919,3452,733.725,1966.878,1929,2007,694,774,734.0,bright,True,,1976.9332,2009.2828,1993.108
1-14,images/1-14.jpg,1,14,,Rare,True,True,,733.677,0.9891,4135,733.831,1980.069,1928,2007,686,782,734.0,bright,True,,1977.3459,2009.1597,1993.2528
1-140,images/1-140.jpg,1,140,,Uncommon,True,True,,733.524,0.9985,5264,733.5,1968.226,1929,2008,695,772,733.5,bright,True,,1977.2725,2009.1435,1993.208
1-141,images/1-141.jpg,1,141,,Uncommon,True,True,,733.524,0.9985,5264,733.5,1968.226,1929,2008,695,772,733.5,bright,True,,1977.2708,2009.1731,1993.222
1-142,images/1-142.jpg,1,142,,Legendary,True,True,,733.546,0.9926,5523,733.491,1969.613,1924,2008,689,778,733.5,bright,True,,1977.1139,2009.3206,1993.2172
1-143,images/1-143.jpg,1,143,,Uncommon,True,True,,733.524,0.9985,5264,733.5,1968.226,1929,2008,695,772,733.5,bright,True,,1977.2012,2009.1791,1993.1902
1-144,images/1-144.jpg,1,144,,Common,True,True,,733.581,0.9851,4485,733.635,1968.069,1930,2005,696,771,733.5,bright,True,,1977.6951,2009.0547,1993.3749
1-145,images/1-145.jpg,1,145,,Common,True,True,,733.581,0.9851,4485,733.635,1968.069,1930,2005,696,771,733.5,bright,True,,1976.9215,2009.1739,1993.0477
1-146,images/1-146.jpg,1,146,,Uncommon,True,True,,733.524,0.9985,5264,733.5,1968.226,1929,2008,695,772,733.5,bright,True,,1977.4847,2009.1448,1993.3148
1-147,images/1-147.jpg,1,147,,Legendary,True,True,,733.572,0.9965,5477,733.605,1969.6,1924,2008,689,778,733.5,bright,True,,1976.8735,2009.1724,1993.023
1-148,images/1-148.jpg,1,148,,Common,True,True,,733.581,0.9851,4485,733.635,1968.069,1930,2005,696,771,733.5,bright,True,,1977.2582,2009.151,1993.2046
1-149,images/1-149.jpg,1,149,,Rare,True,True,,733.677,0.9891,4135,733.831,1980.069,1928,2007,686,782,734.0,bright,True,,1977.1963,2009.1581,1993.1772
1-15,images/1-15.jpg,1,15,,Common,True,True,,733.581,0.9851,4485,733.635,1968.069,1930,2005,696,771,733.5,bright,True,,1976.7678,2009.3002,1993.034
1-150,images/1-150.jpg,1,150,,Common,True,True,,733.581,0.9851,4485,733.635,1968.069,1930,2005,696,771,733.5,bright,True,,1976.7914,2009.2823,1993.0369
1-151,images/1-151.jpg,1,151,,Rare,True,True,,733.677,0.9891,4135,733.831,1980.069,1928,2007,686,782,734.0,bright,True,,1976.7695,2009.3103,1993.0399
1-152,images/1-152.jpg,1,152,,Rare,True,True,,733.677,0.9891,4135,733.831,1980.069,1928,2007,686,782,734.0,bright,True,,1976.8141,2009.3782,1993.0962
1-153,images/1-153.jpg,1,153,,Common,True,True,,733.581,0.9851,4485,733.635,1968.069,1930,2005,696,771,733.5,bright,True,,1976.8052,2009.2787,1993.042
1-154,images/1-154.jpg,1,154,,Common,True,True,,733.57,0.9848,4484,733.609,1968.062,1930,2005,696,771,733.5,bright,True,,1976.9209,2009.1734,1993.0471
1-155,images/1-155.jpg,1,155,,Common,True,True,,733.581,0.9851,4485,733.635,1968.069,1930,2005,696,771,733.5,bright,True,,1976.697,2009.2708,1992.9839
1-156,images/1-156.jpg,1,156,,Common,True,True,,733.581,0.9851,4485,733.635,1968.069,1930,2005,696,771,733.5,bright,True,,1976.8504,2009.2801,1993.0652
1-157,images/1-157.jpg,1,157,,Super Rare,True,True,,733.623,0.9919,3452,733.725,1966.878,1929,2007,694,774,734.0,bright,True,,1976.6807,2009.2467,1992.9637
1-158,images/1-158.jpg,1,158,,Rare,True,True,,733.677,0.9891,4135,733.831,1980.069,1928,2007,686,782,734.0,bright,True,,1976.8103,2009.2682,1993.0393
1-159,images/1-159.jpg,1,159,,Super Rare,True,True,,733.623,0.9919,3452,733.725,1966.878,1929,2007,694,774,734.0,bright,True,,1976.7954,2009.27,1993.0327
1-16,images/1-16.jpg,1,16,,Uncommon,True,True,,733.52,0.9987,5265,733.506,1968.218,1929,2008,695,772,733.5,bright,True,,1977.1225,2009.2685,1993.1955
1-160,images/1-160.jpg,1,160,,Uncommon,True,True,,733.524,0.9985,5264,733.5,1968.226,1929,2008,695,772,733.5,bright,True,,1977.0707,2009.2564,1993.1636
1-161,images/1-161.jpg,1,161,,Common,True,True,,733.581,0.9851,4485,733.635,1968.069,1930,2005,696,771,733.5,bright,True,,1977.0679,2009.2771,1993.1725
1-162,images/1-162.jpg,1,162,,Rare,True,True,,733.677,0.991,4129,733.766,1980.054,1928,2007,686,782,734.0,bright,True,,1977.0836,2009.3799,1993.2318
1-163,images/1-163.jpg,1,163,,Rare,True,True,,733.677,0.9891,4135,733.831,1980.069,1928,2007,686,782,734.0,bright,True,,1977.0473,2009.284,1993.1657
1-164,images/1-164.jpg,1,164,,Uncommon,True,True,,733.52,0.9987,5265,733.506,1968.218,1929,2008,695,772,733.5,bright,True,,1977.4797,2009.1455,1993.3126
1-165,images/1-165.jpg,1,165,,Common,True,True,,733.581,0.9851,4485,733.635,1968.069,1930,2005,696,771,733.5,bright,True,,1976.8468,2009.281,1993.0639
1-166,images/1-166.jpg,1,166,,Uncommon,True,True,,733.52,0.9987,5265,733.506,1968.218,1929,2008,695,772,733.5,bright,True,,1977.275,2009.2544,1993.2647
1-167,images/1-167.jpg,1,167,,Uncommon,True,True,,733.52,0.9987,5265,733.506,1968.218,1929,2008,695,772,733.5,bright,True,,1976.7987,2009.2786,1993.0387
1-168,images/1-168.jpg,1,168,,Rare,True,True,,733.668,0.991,4129,733.774,1980.069,1928,2007,686,782,734.0,bright,True,,1977.1067,2009.2547,1993.1807
1-169,images/1-169.jpg,1,169,,Common,True,True,,733.581,0.9848,4486,733.63,1968.062,1930,2005,696,771,733.5,bright,True,,1977.0186,2009.2749,1993.1467
1-17,images/1-17.jpg,1,17,,Common,True,True,,733.581,0.9851,4485,733.635,1968.069,1930,2005,696,771,733.5,bright,True,,1976.7339,2009.2948,1993.0143
1-170,images/1-170.jpg,1,170,,Uncommon,True,True,,733.52,0.9987,5265,733.506,1968.218,1929,2008,695,772,733.5,bright,True,,1976.7832,2009.2518,1993.0175
1-171,images/1-171.jpg,1,171,,Common,True,True,,733.581,0.9851,4485,733.635,1968.069,1930,2005,696,771,733.5,bright,True,,1976.7353,2009.305,1993.0202
1-172,images/1-172.jpg,1,172,,Uncommon,True,True,,733.524,0.9985,5264,733.5,1968.226,1929,2008,695,772,733.5,bright,True,,1976.7778,2009.3725,1993.0752
1-173,images/1-173.jpg,1,173,,Rare,True,True,,733.677,0.991,4129,733.766,1980.054,1928,2007,686,782,734.0,bright,True,,1976.7769,2009.2557,1993.0163
1-174,images/1-174.jpg,1,174,,Common,True,True,,733.581,0.9851,4485,733.635,1968.069,1930,2005,696,771,733.5,bright,True,,1976.8707,2009.1689,1993.0198
1-175,images/1-175.jpg,1,175,,Rare,True,True,,733.677,0.991,4129,733.766,1980.054,1928,2007,686,782,734.0,bright,True,,1976.6842,2009.243,1992.9636
1-176,images/1-176.jpg,1,176,,Common,True,True,,733.581,0.9851,4485,733.635,1968.069,1930,2005,696,771,733.5,bright,True,,1976.8005,2009.2768,1993.0387
1-177,images/1-177.jpg,1,177,,Uncommon,True,True,,733.524,0.9985,5264,733.5,1968.226,1929,2008,695,772,733.5,bright,True,,1976.677,2009.2188,1992.9479
1-178,images/1-178.jpg,1,178,,Legendary,True,True,,733.572,0.9965,5477,733.607,1969.601,1924,2008,689,778,733.5,bright,True,,1976.7775,2009.2616,1993.0195
1-179,images/1-179.jpg,1,179,,Common,True,True,,733.581,0.9851,4485,733.635,1968.069,1930,2005,696,771,733.5,bright,True,,1976.7734,2009.2477,1993.0106
1-18,images/1-18.jpg,1,18,,Legendary,True,True,,733.572,0.9965,5477,733.607,1969.601,1924,2008,689,778,733.5,bright,True,,1976.9701,2009.2732,1993.1217
1-180,images/1-180.jpg,1,180,,Super Rare,True,True,,733.623,0.9919,3452,733.725,1966.878,1929,2007,694,774,734.0,bright,True,,1976.9836,2009.2545,1993.1191
1-181,images/1-181.jpg,1,181,,Common,True,True,,733.581,0.9851,4485,733.635,1968.069,1930,2005,696,771,733.5,bright,True,,1976.9496,2009.2812,1993.1154
1-182,images/1-182.jpg,1,182,,Common,True,True,,733.581,0.9851,4485,733.635,1968.069,1930,2005,696,771,733.5,bright,True,,1976.9915,2009.3732,1993.1823
1-183,images/1-183.jpg,1,183,,Uncommon,True,True,,733.524,0.9985,5264,733.5,1968.226,1929,2008,695,772,733.5,bright,True,,1976.9643,2009.2762,1993.1202
1-184,images/1-184.jpg,1,184,,Uncommon,True,True,,733.524,0.9985,5264,733.5,1968.226,1929,2008,695,772,733.5,bright,True,,1977.2636,2009.1502,1993.2069
1-185,images/1-185.jpg,1,185,,Rare,True,True,,733.677,0.9891,4135,733.831,1980.069,1928,2007,686,782,734.0,bright,True,,1976.8071,2009.273,1993.04
1-186,images/1-186.jpg,1,186,,Rare,True,True,,733.677,0.9891,4135,733.831,1980.069,1928,2007,686,782,734.0,bright,True,,1977.1099,2009.2482,1993.1791
1-187,images/1-187.jpg,1,187,,Common,True,True,,733.581,0.9851,4485,733.635,1968.069,1930,2005,696,771,733.5,bright,True,,1976.782,2009.2562,1993.0191
1-188,images/1-188.jpg,1,188,,Common,True,True,,733.581,0.9851,4485,733.635,1968.069,1930,2005,696,771,733.5,bright,True,,1976.9917,2009.2499,1993.1208
1-189,images/1-189.jpg,1,189,,Rare,True,True,,733.677,0.9891,4135,733.831,1980.069,1928,2007,686,782,734.0,bright,True,,1976.9503,2009.2669,1993.1086
1-19,images/1-19.jpg,1,19,,Common,True,True,,733.581,0.9851,4485,733.635,1968.069,1930,2005,696,771,733.5,bright,True,,1976.9287,2009.2891,1993.1089
1-190,images/1-190.jpg,1,190,,Uncommon,True,True,,733.52,0.9987,5265,733.506,1968.218,1929,2008,695,772,733.5,bright,True,,1976.9253,2009.2753,1993.1003
1-191,images/1-191.jpg,1,191,,Uncommon,True,True,,733.524,0.9985,5264,733.5,1968.226,1929,2008,695,772,733.5,bright,True,,1976.9059,2009.3008,1993.1034
1-192,images/1-192.jpg,1,192,,Legendary,True,True,,733.572,0.9965,5477,733.607,1969.601,1924,2008,689,778,733.5,bright,True,,1976.9169,2009.3995,1993.1582
1-193,images/1-193.jpg,1,193,,Super Rare,True,True,,733.623,0.9919,3452,733.725,1966.878,1929,2007,694,774,734.0,bright,True,,1976.9287,2009.2854,1993.1071
1-194,images/1-194.jpg,1,194,,Common,True,True,,733.581,0.9851,4485,733.635,1968.069,1930,2005,696,771,733.5,bright,True,,1977.1908,2009.1596,1993.1752
1-195,images/1-195.jpg,1,195,,Super Rare,True,True,,733.623,0.9919,3452,733.725,1966.878,1929,2007,694,774,734.0,bright,True,,1976.7967,2009.2696,1993.0331
1-196,images/1-196.jpg,1,196,,Common,True,True,,733.581,0.9851,4485,733.635,1968.069,1930,2005,696,771,733.5,bright,True,,1977.0122,2009.2731,1993.1426
1-197,images/1-197.jpg,1,197,,Common,True,True,,733.57,0.9848,4484,733.609,1968.062,1930,2005,696,771,733.5,bright,True,,1976.7711,2009.2468,1993.0089
1-198,images/1-198.jpg,1,198,,Rare,True,True,,733.677,0.991,4129,733.766,1980.054,1928,2007,686,782,734.0,bright,True,,1976.952,2009.2638,1993.1079
1-199,images/1-199.jpg,1,199,,Uncommon,True,True,,733.524,0.9985,5264,733.5,1968.226,1929,2008,695,772,733.5,bright,True,,1976.9873,2009.2203,1993.1038
1-2,images/1-2.jpg,1,2,,Super Rare,True,True,,733.623,0.9919,3452,733.725,1966.878,1929,2007,694,774,734.0,bright,True,,1976.9596,2009.4149,1993.1872
1-2-C1,images/1-2-C1.jpg,1,2,C1,Special,False,True,,783.536,0.8805,43005,786.017,1935.708,1856,2031,611,913,762.0,bright,True,,1976.8695,2009.4323,1993.1509
1-2-P1,images/1-2-P1.jpg,1,2,P1,Special,True,True,,733.38,0.8695,5534,731.394,1971.933,1928,2004,676,791,733.5,bright,True,,1976.6905,2009.1581,1992.9243
1-20,images/1-20.jpg,1,20,,Common,True,True,,733.581,0.9851,4485,733.635,1968.069,1930,2005,696,771,733.5,bright,True,,1976.9975,2009.3668,1993.1822
1-20-P1,images/1-20-P1.jpg,1,20,P1,Special,False,True,,734.9,0.8031,6444,736.385,1976.56,1923,2014,673,794,733.5,dark,True,,1976.7748,2009.31,1993.0424
1-200,images/1-200.jpg,1,200,,Uncommon,True,True,,733.524,0.9985,5264,733.5,1968.226,1929,2008,695,772,733.5,bright,True,,1977.0518,2009.3267,1993.1893
1-201,images/1-201.jpg,1,201,,Common,True,True,,733.581,0.9848,4486,733.63,1968.062,1930,2005,696,771,733.5,bright,True,,1976.9774,2009.3766,1993.177
1-202,images/1-202.jpg,1,202,,Uncommon,True,True,,733.52,0.9987,5265,733.506,1968.218,1929,2008,695,772,733.5,bright,True,,1977.0928,2009.4043,1993.2485
1-203,images/1-203.jpg,1,203,,Rare,True,True,,733.677,0.9891,4137,733.829,1980.049,1928,2007,686,782,734.0,bright,True,,1977.0597,2009.3319,1993.1958
1-204,images/1-204.jpg,1,204,,Rare,True,True,,733.677,0.9891,4137,733.829,1980.049,1928,2007,686,782,734.0,bright,True,,1977.2288,2009.2772,1993.253
1-205,images/1-205.jpg,1,205,,Enchanted,False,True,,733.605,0.9458,60105,741.488,1946.824,1856,2031,554,913,733.5,bright,True,,1976.881,2009.3285,1993.1048
1-206,images/1-206.jpg,1,206,,Enchanted,False,True,,733.5,1.0,63360,733.5,1943.5,1856,2031,554,913,733.5,bright,True,,1977.1697,2009.3323,1993.251
1-207,images/1-207.jpg,1,207,,Enchanted,False,True,,733.679,0.9893,5618,733.764,1968.647,1923,2014,694,774,734.0,bright,True,,1976.827,2009.3295,1993.0782
1-208,images/1-208.jpg,1,208,,Enchanted,False,True,,733.679,0.9893,5618,733.764,1968.647,1923,2014,694,774,734.0,bright,True,,1977.0851,2009.3208,1993.203
1-209,images/1-209.jpg,1,209,,Enchanted,False,True,,733.5,1.0,63360,733.5,1943.5,1856,2031,554,913,733.5,bright,True,,1976.9852,2009.3518,1993.1685
1-21,images/1-21.jpg,1,21,,Legendary,True,True,,733.572,0.9965,5477,733.607,1969.601,1924,2008,689,778,733.5,bright,True,,1976.9338,2009.4155,1993.1747
1-21-P1,images/1-21-P1.jpg,1,21,P1,Special,False,True,,704.5,0.8132,6702,713.169,1892.132,1874,1910,575,833,704.0,dark,True,,1976.7222,2009.3623,1993.0422
1-210,images/1-210.jpg,1,210,,Enchanted,False,True,,733.5,1.0,63360,733.5,1943.5,1856,2031,554,913,733.5,bright,True,,1976.9767,2009.3758,1993.1762
1-211,images/1-211.jpg,1,211,,Enchanted,False,True,,733.5,1.0,63360,733.5,1943.5,1856,2031,554,913,733.5,bright,True,,1976.9356,2009.4156,1993.1756
1-212,images/1-212.jpg,1,212,,Enchanted,False,True,,733.679,0.9893,5618,733.764,1968.647,1923,2014,694,774,734.0,bright,True,,1977.0047,2009.4494,1993.2271
1-213,images/1-213.jpg,1,213,,Enchanted,False,True,,733.553,0.8679,55481,747.6,1952.775,1856,2031,554,913,733.5,bright,True,,1976.9657,2009.3822,1993.174
1-214,images/1-214.jpg,1,214,,Enchanted,False,True,,733.775,0.9883,5652,733.805,1968.659,1923,2014,693,774,733.5,bright,True,,1977.116,2009.3205,1993.2183
1-215,images/1-215.jpg,1,215,,Enchanted,False,True,,733.679,0.9893,5618,733.764,1968.647,1923,2014,694,774,734.0,bright,True,,1976.8103,2009.3795,1993.0949
1-216,images/1-216.jpg,1,216,,Enchanted,False,True,,733.605,0.9763,61892,737.406,1944.885,1856,2031,554,913,733.5,bright,True,,1977.0765,2009.3787,1993.2276
1-22,images/1-22.jpg,1,22,,Common,True,True,,733.581,0.9851,4485,733.635,1968.069,1930,2005,696,771,733.5,bright,True,,1977.0601,2009.4407,1993.2504
1-22-P1,images/1-22-P1.jpg,1,22,P1,Special,False,True,,735.042,0.8051,6440,736.365,1976.635,1924,2014,673,794,733.5,dark,True,,1976.7827,2009.4278,1993.1052
1-23,images/1-23.jpg,1,23,,Super Rare,True,True,,733.615,0.991,3449,733.716,1966.853,1929,2007,694,774,734.0,bright,True,,1977.0097,2009.367,1993.1883
1-23-P1,images/1-23-P1.jpg,1,23,P1,Special,False,True,,735.042,0.8051,6440,736.365,1976.635,1924,2014,673,794,733.5,dark,True,,1976.7727,2009.3157,1993.0442
1-24,images/1-24.jpg,1,24,,Common,True,True,,733.581,0.9851,4485,733.635,1968.069,1930,2005,696,771,733.5,bright,True,,1977.2496,2009.298,1993.2738
1-24-P1,images/1-24-P1.jpg,1,24,P1,Special,True,True,,724.125,0.8783,5499,727.594,1967.519,1924,2011,689,779,734.0,bright,True,,1976.7897,2009.2946,1993.0421
1-25,images/1-25.jpg,1,25,,Uncommon,True,True,,733.524,0.9985,5264,733.5,1968.226,1929,2008,695,772,733.5,bright,True,,1976.8319,2009.3684,1993.1001
1-26,images/1-26.jpg,1,26,,Common,True,True,,733.581,0.9851,4485,733.635,1968.069,1930,2005,696,771,733.5,bright,True,,1977.1222,2009.3739,1993.248
1-27,images/1-27.jpg,1,27,,Common,True,True,,733.581,0.9851,4485,733.635,1968.069,1930,2005,696,771,733.5,bright,True,,1976.7706,2009.3764,1993.0735
1-28,images/1-28.jpg,1,28,,Common,True,True,,733.581,0.9851,4485,733.635,1968.069,1930,2005,696,771,733.5,bright,True,,1977.0009,2009.3686,1993.1848
1-29,images/1-29.jpg,1,29,,Rare,True,True,,733.677,0.991,4129,733.766,1980.054,1928,2007,686,782,734.0,bright,True,,1976.927,2009.4016,1993.1643
1-3,images/1-3.jpg,1,3,,Uncommon,True,True,,733.524,0.9985,5264,733.5,1968.226,1929,2008,695,772,733.5,bright,True,,1976.9516,2009.2978,1993.1247
1-3-P1,images/1-3-P1.jpg,1,3,P1,Special,True,True,,733.38,0.8695,5534,731.394,1971.933,1928,2004,676,791,733.5,bright,True,,1976.6892,2008.9483,1992.8187
1-30,images/1-30.jpg,1,30,,Rare,True,True,,733.677,0.991,4129,733.766,1980.054,1928,2007,686,782,734.0,bright,True,,1976.963,2009.2749,1993.1189
1-31,images/1-31.jpg,1,31,,Uncommon,True,True,,733.524,0.9985,5264,733.5,1968.226,1929,2008,695,772,733.5,bright,True,,1976.9317,2009.3072,1993.1195
1-32,images/1-32.jpg,1,32,,Common,True,True,,733.581,0.9848,4486,733.63,1968.062,1930,2005,696,771,733.5,bright,True,,1977.0027,2009.3693,1993.186
1-33,images/1-33.jpg,1,33,,Rare,True,True,,733.677,0.9891,4137,733.829,1980.049,1928,2007,686,782,734.0,bright,True,,1976.9695,2009.2723,1993.1209
1-34,images/1-34.jpg,1,34,,Rare,True,True,,733.677,0.9891,4137,733.829,1980.049,1928,2007,686,782,734.0,bright,True,,1977.2564,2009.1601,1993.2083
1-35,images/1-35.jpg,1,35,,Uncommon,True,True,,733.524,0.9985,5264,733.5,1968.226,1929,2008,695,772,733.5,bright,True,,1976.808,2009.2722,1993.0401
1-36,images/1-36.jpg,1,36,,Common,True,True,,733.581,0.9851,4485,733.635,1968.069,1930,2005,696,771,733.5,bright,True,,1977.069,2009.2736,1993.1713
1-37,images/1-37.jpg,1,37,,Rare,True,True,,733.677,0.991,4129,733.766,1980.054,1928,2007,686,782,734.0,bright,True,,1976.777,2009.2563,1993.0166
1-38,images/1-38.jpg,1,38,,Common,True,True,,733.581,0.9851,4485,733.635,1968.069,1930,2005,696,771,733.5,bright,True,,1976.9907,2009.258,1993.1244
1-39,images/1-39.jpg,1,39,,Rare,True,True,,733.677,0.9891,4135,733.831,1980.069,1928,2007,686,782,734.0,bright,True,,1976.9163,2009.2941,1993.1052
1-4,images/1-4.jpg,1,4,,Uncommon,True,True,,733.524,0.9985,5264,733.5,1968.226,1929,2008,695,772,733.5,bright,True,,1977.4444,2009.1294,1993.2869
1-4-C1,images/1-4-C1.jpg,1,4,C1,Special,False,True,,717.889,0.943,8338,718.063,1967.423,1918,2018,668,767,717.5,bright,True,,1976.8567,2009.1681,1993.0124
1-4-P1,images/1-4-P1.jpg,1,4,P1,Special,True,True,,733.38,0.8695,5534,731.394,1971.933,1928,2004,676,791,733.5,bright,True,,1976.6461,2009.0475,1992.8468
1-40,images/1-40.jpg,1,40,,Common,True,True,,733.581,0.9851,4485,733.635,1968.069,1930,2005,696,771,733.5,bright,True,,1977.3069,2009.1361,1993.2215
1-41,images/1-41.jpg,1,41,,Uncommon,True,True,,733.524,0.9985,5264,733.5,1968.226,1929,2008,695,772,733.5,bright,True,,1977.3583,2009.1563,1993.2573
1-42,images/1-42.jpg,1,42,,Legendary,True,True,,733.572,0.9965,5477,733.605,1969.6,1924,2008,689,778,733.5,bright,True,,1977.2409,2009.2953,1993.2681
1-43,images/1-43.jpg,1,43,,Rare,True,True,,733.677,0.991,4129,733.766,1980.054,1928,2007,686,782,734.0,bright,True,,1977.2548,2009.1561,1993.2055
1-44,images/1-44.jpg,1,44,,Rare,True,True,,733.677,0.9891,4135,733.831,1980.069,1928,2007,686,782,734.0,bright,True,,1977.8358,2009.021,1993.4284
1-45,images/1-45.jpg,1,45,,Common,True,True,,733.581,0.9851,4485,733.635,1968.069,1930,2005,696,771,733.5,bright,True,,1976.9361,2009.1541,1993.0451
1-46,images/1-46.jpg,1,46,,Common,True,True,,733.581,0.9851,4485,733.635,1968.069,1930,2005,696,771,733.5,bright,True,,1977.5699,2009.1278,1993.3488
1-47,images/1-47.jpg,1,47,,Common,True,True,,733.581,0.9851,4485,733.635,1968.069,1930,2005,696,771,733.5,bright,True,,1976.8979,2009.1462,1993.022
1-48,images/1-48.jpg,1,48,,Rare,True,True,,733.677,0.991,4129,733.766,1980.054,1928,2007,686,782,734.0,bright,True,,1977.3262,2009.133,1993.2296
1-49,images/1-49.jpg,1,49,,Common,True,True,,733.581,0.9851,4485,733.635,1968.069,1930,2005,696,771,733.5,bright,True,,1977.2563,2009.137,1993.1967
1-5,images/1-5.jpg,1,5,,Rare,True,True,,733.677,0.991,4129,733.766,1980.054,1928,2007,686,782,734.0,bright,True,,1976.7773,2009.2899,1993.0336
1-5-P1,images/1-5-P1.jpg,1,5,P1,Special,True,True,,733.38,0.8695,5534,731.394,1971.933,1928,2004,676,791,733.5,bright,True,,1976.6259,2008.9075,1992.7667
1-50,images/1-50.jpg,1,50,,Super Rare,True,True,,733.623,0.9919,3452,733.725,1966.878,1929,2007,694,774,734.0,bright,True,,1976.7982,2009.2682,1993.0332
1-51,images/1-51.jpg,1,51,,Super Rare,True,True,,733.623,0.9919,3452,733.725,1966.878,1929,2007,694,774,734.0,bright,True,,1976.7697,2009.2977,1993.0337
1-52,images/1-52.jpg,1,52,,Uncommon,True,True,,733.524,0.9985,5264,733.5,1968.226,1929,2008,695,772,733.5,bright,True,,1976.8296,2009.3665,1993.098
1-53,images/1-53.jpg,1,53,,Uncommon,True,True,,733.524,0.9985,5264,733.5,1968.226,1929,2008,695,772,733.5,bright,True,,1976.8067,2009.2659,1993.0363
1-54,images/1-54.jpg,1,54,,Uncommon,True,True,,733.52,0.9987,5265,733.5,1968.269,1929,2008,695,772,733.5,bright,True,,1976.9312,2009.1548,1993.043
1-55,images/1-55.jpg,1,55,,Uncommon,True,True,,733.524,0.9985,5264,733.5,1968.226,1929,2008,695,772,733.5,bright,True,,1976.6887,2009.2673,1992.978
1-56,images/1-56.jpg,1,56,,Super Rare,True,True,,733.623,0.9919,3452,733.725,1966.878,1929,2007,694,774,734.0,bright,True,,1976.8486,2009.2689,1993.0587
1-57,images/1-57.jpg,1,57,,Common,True,True,,733.581,0.9851,4485,733.635,1968.069,1930,2005,696,771,733.5,bright,True,,1976.6758,2009.2388,1992.9573
1-58,images/1-58.jpg,1,58,,Common,True,True,,733.57,0.9848,4484,733.609,1968.062,1930,2005,696,771,733.5,bright,True,,1976.8202,2009.254,1993.0371
1-59,images/1-59.jpg,1,59,,Legendary,True,True,,733.572,0.9965,5477,733.605,1969.6,1924,2008,689,778,733.5,bright,True,,1976.7749,2009.2749,1993.0249
1-6,images/1-6.jpg,1,6,,Rare,True,True,,733.677,0.991,4129,733.766,1980.054,1928,2007,686,782,734.0,bright,True,,1977.2102,2009.2519,1993.2311
1-6-P1,images/1-6-P1.jpg,1,6,P1,Special,True,True,,733.38,0.8695,5534,731.394,1971.933,1928,2004,676,791,733.5,bright,True,,1976.6762,2009.0273,1992.8518
1-60,images/1-60.jpg,1,60,,Common,True,True,,733.581,0.9851,4485,733.635,1968.069,1930,2005,696,771,733.5,bright,True,,1977.1404,2009.2373,1993.1888
1-61,images/1-61.jpg,1,61,,Rare,True,True,,733.655,0.9915,4119,733.768,1980.137,1929,2007,686,782,734.0,bright,True,,1977.1174,2009.264,1993.1907
1-62,images/1-62.jpg,1,62,,Uncommon,True,True,,733.524,0.9985,5264,733.5,1968.226,1929,2008,695,772,733.5,bright,True,,1977.1257,2009.3729,1993.2493
1-63,images/1-63.jpg,1,63,,Common,True,True,,733.57,0.9848,4484,733.609,1968.062,1930,2005,696,771,733.5,bright,True,,1977.0754,2009.272,1993.1737
1-64,images/1-64.jpg,1,64,,Common,True,True,,733.581,0.9851,4485,733.635,1968.069,1930,2005,696,771,733.5,bright,True,,1977.5792,2009.1272,1993.3532
1-65,images/1-65.jpg,1,65,,Uncommon,True,True,,733.524,0.9985,5264,733.5,1968.226,1929,2008,695,772,733.5,bright,True,,1976.8529,2009.2734,1993.0631
1-66,images/1-66.jpg,1,66,,Rare,True,True,,733.677,0.9891,4137,733.829,1980.049,1928,2007,686,782,734.0,bright,True,,1977.342,2009.2389,1993.2904
1-67,images/1-67.jpg,1,67,,Uncommon,True,True,,733.52,0.9987,5265,733.506,1968.218,1929,2008,695,772,733.5,bright,True,,1976.8103,2009.2687,1993.0395
1-68,images/1-68.jpg,1,68,,Rare,True,True,,733.668,0.991,4129,733.774,1980.069,1928,2007,686,782,734.0,bright,True,,1977.1776,2009.236,1993.2068
1-69,images/1-69.jpg,1,69,,Common,True,True,,733.581,0.9851,4485,733.635,1968.069,1930,2005,696,771,733.5,bright,True,,1977.0595,2009.2603,1993.1599
1-7,images/1-7.jpg,1,7,,Common,True,True,,733.581,0.9851,4485,733.635,1968.069,1930,2005,696,771,733.5,bright,True,,1976.7337,2009.2842,1993.009
1-7-P1,images/1-7-P1.jpg,1,7,P1,Special,True,True,,733.38,0.8695,5534,731.394,1971.933,1928,2004,676,791,733.5,bright,True,,1976.6192,2008.7845,1992.7018
1-70,images/1-70.jpg,1,70,,Legendary,True,True,,733.572,0.9965,5477,733.605,1969.6,1924,2008,689,778,733.5,bright,True,,1976.7646,2009.2558,1993.0102
1-71,images/1-71.jpg,1,71,,Uncommon,True,True,,733.524,0.9985,5264,733.5,1968.226,1929,2008,695,772,733.5,bright,True,,1976.7289,2009.3,1993.0144
1-72,images/1-72.jpg,1,72,,Rare,True,True,,733.677,0.9891,4135,733.831,1980.069,1928,2007,686,782,734.0,bright,True,,1976.7804,2009.3768,1993.0786
1-73,images/1-73.jpg,1,73,,Common,True,True,,733.581,0.9851,4485,733.635,1968.069,1930,2005,696,771,733.5,bright,True,,1976.772,2009.2617,1993.0168
1-74,images/1-74.jpg,1,74,,Uncommon,True,True,,733.524,0.9985,5264,733.5,1968.226,1929,2008,695,772,733.5,bright,True,,1976.8884,2009.151,1993.0197
1-75,images/1-75.jpg,1,75,,Super Rare,True,True,,733.623,0.9919,3452,733.725,1966.878,1929,2007,694,774,734.0,bright,True,,1976.6766,2009.2409,1992.9587
1-76,images/1-76.jpg,1,76,,Rare,True,True,,733.677,0.991,4129,733.766,1980.054,1928,2007,686,782,734.0,bright,True,,1976.8088,2009.2684,1993.0386
1-77,images/1-77.jpg,1,77,,Common,True,True,,733.581,0.9851,4485,733.635,1968.069,1930,2005,696,771,733.5,bright,True,,1976.6686,2009.2086,1992.9386
1-78,images/1-78.jpg,1,78,,Rare,True,True,,733.677,0.9891,4135,733.831,1980.069,1928,2007,686,782,734.0,bright,True,,1976.7827,2009.2501,1993.0164
1-79,images/1-79.jpg,1,79,,Common,True,True,,733.581,0.9851,4485,733.635,1968.069,1930,2005,696,771,733.5,bright,True,,1976.7659,2009.2448,1993.0054
1-8,images/1-8.jpg,1,8,,Uncommon,True,True,,733.524,0.9985,5264,733.5,1968.226,1929,2008,695,772,733.5,bright,True,,1977.0014,2009.2623,1993.1318
1-8-C1,images/1-8-C1.jpg,1,8,C1,Special,False,True,,730.35,0.7458,18416,745.094,1964.917,1911,2031,594,868,731.0,dark,True,,1976.9044,2009.3824,1993.1434
1-8-P1,images/1-8-P1.jpg,1,8,P1,Special,True,True,,724.15,0.8799,5305,727.442,1967.558,1925,2011,689,778,733.5,bright,True,,1976.826,2009.0784,1992.9522
1-80,images/1-80.jpg,1,80,,Rare,True,True,,733.677,0.9891,4135,733.831,1980.069,1928,2007,686,782,734.0,bright,True,,1976.9975,2009.2443,1993.1209
1-81,images/1-81.jpg,1,81,,Uncommon,True,True,,733.524,0.9985,5264,733.5,1968.226,1929,2008,695,772,733.5,bright,True,,1976.98,2009.2756,1993.1278
1-82,images/1-82.jpg,1,82,,Legendary,True,True,,733.572,0.9965,5477,733.607,1969.601,1924,2008,689,778,733.5,bright,True,,1976.999,2009.3668,1993.1829
1-83,images/1-83.jpg,1,83,,Uncommon,True,True,,733.524,0.9985,5264,733.5,1968.226,1929,2008,695,772,733.5,bright,True,,1976.987,2009.2569,1993.122
1-84,images/1-84.jpg,1,84,,Rare,True,True,,733.677,0.991,4129,733.766,1980.054,1928,2007,686,782,734.0,bright,True,,1977.3243,2009.135,1993.2296
1-85,images/1-85.jpg,1,85,,Rare,True,True,,733.677,0.991,4129,733.766,1980.054,1928,2007,686,782,734.0,bright,True,,1976.8199,2009.2579,1993.0389
1-86,images/1-86.jpg,1,86,,Uncommon,True,True,,733.524,0.9985,5264,733.5,1968.226,1929,2008,695,772,733.5,bright,True,,1977.1687,2009.2405,1993.2046
1-87,images/1-87.jpg,1,87,,Common,True,True,,733.581,0.9851,4485,733.635,1968.069,1930,2005,696,771,733.5,bright,True,,1976.7896,2009.2493,1993.0194
1-88,images/1-88.jpg,1,88,,Super Rare,True,True,,733.623,0.9919,3452,733.725,1966.878,1929,2007,694,774,734.0,bright,True,,1977.0187,2009.2477,1993.1332
1-89,images/1-89.jpg,1,89,,Common,True,True,,733.581,0.9851,4485,733.635,1968.069,1930,2005,696,771,733.5,bright,True,,1976.961,2009.2593,1993.1101
1-9,images/1-9.jpg,1,9,,Rare,True,True,,733.677,0.991,4129,733.766,1980.054,1928,2007,686,782,734.0,bright,True,,1976.9483,2009.2793,1993.1138
1-9-C2,images/1-9-C2.jpg,1,9,C2,Special,False,True,,733.504,0.9917,33021,733.549,1985.004,1917,2031,554,913,733.5,dark,True,,1976.8597,2009.2967,1993.0782
1-9-P1,images/1-9-P1.jpg,1,9,P1,Special,True,True,,724.15,0.8801,5304,727.448,1967.562,1925,2011,689,778,733.5,bright,True,,1976.8312,2009.0414,1992.9363
1-90,images/1-90.jpg,1,90,,Super Rare,True,True,,733.623,0.9919,3452,733.725,1966.878,1929,2007,694,774,734.0,bright,True,,1976.9551,2009.2568,1993.106
1-91,images/1-91.jpg,1,91,,Common,True,True,,733.581,0.9851,4485,733.635,1968.069,1930,2005,696,771,733.5,bright,True,,1976.9307,2009.2897,1993.1102
1-92,images/1-92.jpg,1,92,,Uncommon,True,True,,733.524,0.9985,5264,733.5,1968.226,1929,2008,695,772,733.5,bright,True,,1976.9263,2009.4016,1993.164
1-93,images/1-93.jpg,1,93,,Common,True,True,,733.581,0.9851,4485,733.635,1968.069,1930,2005,696,771,733.5,bright,True,,1976.9207,2009.2892,1993.1049
1-94,images/1-94.jpg,1,94,,Rare,True,True,,733.677,0.991,4129,733.766,1980.054,1928,2007,686,782,734.0,bright,True,,1977.2433,2009.1393,1993.1913
1-95,images/1-95.jpg,1,95,,Uncommon,True,True,,733.52,0.9987,5265,733.506,1968.218,1929,2008,695,772,733.5,bright,True,,1976.7755,2009.2779,1993.0267
1-96,images/1-96.jpg,1,96,,Common,True,True,,733.57,0.9848,4484,733.609,1968.062,1930,2005,696,771,733.5,bright,True,,1977.0299,2009.2598,1993.1449
1-97,images/1-97.jpg,1,97,,Rare,True,True,,733.677,0.991,4129,733.766,1980.054,1928,2007,686,782,734.0,bright,True,,1976.7707,2009.239,1993.0049
1-98,images/1-98.jpg,1,98,,Common,True,True,,733.581,0.9851,4485,733.635,1968.069,1930,2005,696,771,733.5,bright,True,,1976.9609,2009.2575,1993.1092
1-99,images/1-99.jpg,1,99,,Uncommon,True,True,,733.524,0.9985,5264,733.5,1968.226,1929,2008,695,772,733.5,bright,True,,1977.0048,2009.2025,1993.1037
10-1,images/10-1.jpg,10,1,,Rare,True,True,,733.605,0.9932,4130,733.743,1980.145,1929,2007,686,782,734.0,bright,True,,1976.9299,2009.2865,1993.1082
10-10,images/10-10.jpg,10,10,,Common,True,True,,733.574,0.9851,4493,733.637,1968.051,1930,2005,696,771,733.5,bright,True,,1976.9364,2009.2754,1993.1059
10-100,images/10-100.jpg,10,100,,Rare,True,True,,733.605,0.9932,4130,733.743,1980.145,1929,2007,686,782,734.0,bright,True,,1976.9508,2009.2547,1993.1027
10-101,images/10-101.jpg,10,101,,Uncommon,True,True,,733.505,0.9991,5279,733.48,1968.192,1928,2008,695,772,733.5,bright,True,,1976.9184,2009.2821,1993.1003
10-102,images/10-102.jpg,10,102,,Rare,True,False,no-core-component,,,,,,,,,,,,False,no-text,,,
10-103,images/10-103.jpg,10,103,,Rare,True,True,,733.605,0.9932,4130,733.743,1980.145,1929,2007,686,782,734.0,bright,True,,1976.9474,2009.2545,1993.1009
10-104,images/10-104.jpg,10,104,,Uncommon,True,True,,733.505,0.9991,5279,733.48,1968.192,1928,2008,695,772,733.5,bright,True,,1977.1217,2009.1654,1993.1435
10-105,images/10-105.jpg,10,105,,Common,True,True,,733.574,0.9851,4493,733.637,1968.051,1930,2005,696,771,733.5,bright,True,,1976.8218,2009.2471,1993.0344
10-106,images/10-106.jpg,10,106,,Common,True,True,,733.574,0.9851,4493,733.637,1968.051,1930,2005,696,771,733.5,bright,True,,1976.9983,2009.2643,1993.1313
10-107,images/10-107.jpg,10,107,,Common,True,True,,733.574,0.9851,4493,733.637,1968.051,1930,2005,696,771,733.5,bright,True,,1976.7973,2009.2243,1993.0108
10-108,images/10-108.jpg,10,108,,Common,True,True,,733.574,0.9851,4493,733.637,1968.051,1930,2005,696,771,733.5,bright,True,,1976.947,2009.2503,1993.0986
10-109,images/10-109.jpg,10,109,,Common,True,True,,733.574,0.9851,4493,733.637,1968.051,1930,2005,696,771,733.5,bright,True,,1976.9344,2009.2462,1993.0903
10-11,images/10-11.jpg,10,11,,Common,True,True,,733.574,0.9851,4493,733.637,1968.051,1930,2005,696,771,733.5,bright,True,,1976.9217,2009.299,1993.1104
10-110,images/10-110.jpg,10,110,,Common,True,True,,733.574,0.9851,4493,733.637,1968.051,1930,2005,696,771,733.5,bright,True,,1976.9174,2009.2861,1993.1018
10-111,images/10-111.jpg,10,111,,Uncommon,True,True,,733.505,0.9991,5279,733.48,1968.192,1928,2008,695,772,733.5,bright,True,,1976.8955,2009.3038,1993.0997
10-112,images/10-112.jpg,10,112,,Common,True,True,,733.574,0.9851,4493,733.637,1968.051,1930,2005,696,771,733.5,bright,True,,1976.9266,2009.3854,1993.156
10-113,images/10-113.jpg,10,113,,Uncommon,True,True,,733.505,0.9991,5279,733.48,1968.192,1928,2008,695,772,733.5,bright,True,,1976.9048,2009.3005,1993.1027
10-114,images/10-114.jpg,10,114,,Common,True,True,,733.574,0.9851,4493,733.637,1968.051,1930,2005,696,771,733.5,bright,True,,1977.1205,2009.1867,1993.1536
10-115,images/10-115.jpg,10,115,,Uncommon,True,True,,733.505,0.9991,5279,733.48,1968.192,1928,2008,695,772,733.5,bright,True,,1976.7816,2009.2919,1993.0367
10-116,images/10-116.jpg,10,116,,Super Rare,True,True,,733.627,0.9913,3454,733.735,1966.891,1929,2007,694,774,734.0,bright,True,,1976.9848,2009.286,1993.1354
10-117,images/10-117.jpg,10,117,,Super Rare,True,True,,733.627,0.9913,3454,733.735,1966.891,1929,2007,694,774,734.0,bright,True,,1976.7686,2009.2662,1993.0174
10-118,images/10-118.jpg,10,118,,Legendary,True,True,,733.48,0.9949,6658,733.564,1970.24,1920,2012,683,783,733.0,bright,True,,1976.9193,2009.2849,1993.1021
10-119,images/10-119.jpg,10,119,,Uncommon,True,True,,733.505,0.9991,5279,733.48,1968.192,1928,2008,695,772,733.5,bright,True,,1976.8963,2009.2892,1993.0927
10-12,images/10-12.jpg,10,12,,Uncommon,True,True,,733.505,0.9991,5279,733.48,1968.192,1928,2008,695,772,733.5,bright,True,,1976.9388,2009.3826,1993.1607
10-120,images/10-120.jpg,10,120,,Common,True,True,,733.574,0.9851,4493,733.637,1968.051,1930,2005,696,771,733.5,bright,True,,1976.9761,2009.3413,1993.1587
10-121,images/10-121.jpg,10,121,,Rare,True,True,,733.605,0.9932,4130,733.743,1980.145,1929,2007,686,782,734.0,bright,True,,1976.923,2009.3831,1993.1531
10-122,images/10-122.jpg,10,122,,Rare,True,True,,733.605,0.9932,4130,733.743,1980.145,1929,2007,686,782,734.0,bright,True,,1977.0041,2009.4098,1993.2069
10-123,images/10-123.jpg,10,123,,Rare,True,True,,733.605,0.9932,4130,733.743,1980.145,1929,2007,686,782,734.0,bright,True,,1976.9809,2009.3439,1993.1624
10-124,images/10-124.jpg,10,124,,Super Rare,True,True,,733.627,0.9913,3454,733.735,1966.891,1929,2007,694,774,734.0,bright,True,,1977.0538,2009.3163,1993.1851
10-125,images/10-125.jpg,10,125,,Legendary,True,True,,733.473,0.9949,6652,733.566,1970.236,1920,2012,684,783,733.5,bright,True,,1976.8351,2009.3443,1993.0897
10-126,images/10-126.jpg,10,126,,Uncommon,True,True,,733.505,0.9991,5279,733.48,1968.192,1928,2008,695,772,733.5,bright,True,,1977.0834,2009.3481,1993.2157
10-127,images/10-127.jpg,10,127,,Common,True,True,,733.574,0.9851,4493,733.637,1968.051,1930,2005,696,771,733.5,bright,True,,1976.8052,2009.3312,1993.0682
10-128,images/10-128.jpg,10,128,,Rare,True,True,,733.605,0.9932,4130,733.743,1980.145,1929,2007,686,782,734.0,bright,True,,1976.9907,2009.3383,1993.1645
10-129,images/10-129.jpg,10,129,,Rare,True,True,,733.605,0.9932,4130,733.743,1980.145,1929,2007,686,782,734.0,bright,True,,1976.9379,2009.3614,1993.1496
10-13,images/10-13.jpg,10,13,,Common,True,True,,733.574,0.9851,4493,733.637,1968.051,1930,2005,696,771,733.5,bright,True,,1976.9148,2009.2952,1993.105
10-130,images/10-130.jpg,10,130,,Rare,True,True,,733.605,0.9932,4130,733.743,1980.145,1929,2007,686,782,734.0,bright,True,,1976.9477,2009.2528,1993.1002
10-131,images/10-131.jpg,10,131,,Uncommon,True,True,,733.505,0.9991,5279,733.48,1968.192,1928,2008,695,772,733.5,bright,True,,1976.9007,2009.2999,1993.1003
10-132,images/10-132.jpg,10,132,,Common,True,True,,733.574,0.9851,4493,733.637,1968.051,1930,2005,696,771,733.5,bright,True,,1976.9707,2009.3459,1993.1583
10-133,images/10-133.jpg,10,133,,Common,True,True,,733.574,0.9851,4493,733.637,1968.051,1930,2005,696,771,733.5,bright,True,,1976.9505,2009.2617,1993.1061
10-134,images/10-134.jpg,10,134,,Uncommon,True,True,,733.505,0.9991,5279,733.48,1968.192,1928,2008,695,772,733.5,bright,True,,1977.0339,2009.2079,1993.1209
10-135,images/10-135.jpg,10,135,,Rare,True,False,no-core-component,,,,,,,,,,,,False,text-clipped,,,
10-136,images/10-136.jpg,10,136,,Uncommon,True,False,no-core-component,,,,,,,,,,,,False,text-too-thin,,,
10-137,images/10-137.jpg,10,137,,Uncommon,True,True,,733.505,0.9991,5279,733.48,1968.192,1928,2008,695,772,733.5,bright,True,,1976.8047,2009.2264,1993.0156
10-138,images/10-138.jpg,10,138,,Common,True,True,,733.574,0.9851,4493,733.637,1968.051,1930,2005,696,771,733.5,bright,True,,1976.9667,2009.2456,1993.1062
10-139,images/10-139.jpg,10,139,,Common,True,True,,733.574,0.9851,4493,733.637,1968.051,1930,2005,696,771,733.5,bright,True,,1976.9465,2009.2472,1993.0968
10-14,images/10-14.jpg,10,14,,Common,True,True,,733.574,0.9851,4493,733.637,1968.051,1930,2005,696,771,733.5,bright,True,,1977.1876,2009.1729,1993.1802
10-140,images/10-140.jpg,10,140,,Uncommon,True,True,,733.505,0.9991,5279,733.48,1968.192,1928,2008,695,772,733.5,bright,True,,1977.1103,2009.17,1993.1401
10-141,images/10-141.jpg,10,141,,Common,True,True,,733.574,0.9851,4493,733.637,1968.051,1930,2005,696,771,733.5,bright,True,,1977.1216,2009.1894,1993.1555
10-142,images/10-142.jpg,10,142,,Common,True,True,,733.574,0.9851,4493,733.637,1968.051,1930,2005,696,771,733.5,bright,True,,1977.0523,2009.3171,1993.1847
10-143,images/10-143.jpg,10,143,,Common,True,True,,733.574,0.9851,4493,733.637,1968.051,1930,2005,696,771,733.5,bright,True,,1977.0499,2009.2081,1993.129
10-144,images/10-144.jpg,10,144,,Common,True,True,,733.574,0.9851,4493,733.637,1968.051,1930,2005,696,771,733.5,bright,True,,1977.4243,2009.0916,1993.258
10-145,images/10-145.jpg,10,145,,Common,True,True,,733.574,0.9851,4493,733.637,1968.051,1930,2005,696,771,733.5,bright,True,,1976.889,2009.198,1993.0435
10-146,images/10-146.jpg,10,146,,Common,True,True,,733.574,0.9851,4493,733.637,1968.051,1930,2005,696,771,733.5,bright,True,,1977.2924,2009.1705,1993.2314
10-147,images/10-147.jpg,10,147,,Uncommon,True,True,,733.505,0.9991,5279,733.48,1968.192,1928,2008,695,772,733.5,bright,True,,1976.8557,2009.1847,1993.0202
10-148,images/10-148.jpg,10,148,,Rare,True,True,,733.605,0.9932,4130,733.743,1980.145,1929,2007,686,782,734.0,bright,True,,1977.1259,2009.1768,1993.1514
10-149,images/10-149.jpg,10,149,,Uncommon,True,True,,733.505,0.9991,5279,733.48,1968.192,1928,2008,695,772,733.5,bright,True,,1977.0544,2009.1853,1993.1198
10-15,images/10-15.jpg,10,15,,Uncommon,True,True,,733.505,0.9991,5279,733.48,1968.192,1928,2008,695,772,733.5,bright,True,,1976.7816,2009.2885,1993.035
10-150,images/10-150.jpg,10,150,,Rare,True,True,,733.605,0.9932,4130,733.743,1980.145,1929,2007,686,782,734.0,bright,True,,1976.8187,2009.2498,1993.0343
10-151,images/10-151.jpg,10,151,,Rare,True,True,,733.605,0.9932,4130,733.743,1980.145,1929,2007,686,782,734.0,bright,True,,1976.7833,2009.2912,1993.0372
10-152,images/10-152.jpg,10,152,,Uncommon,True,True,,733.505,0.9991,5279,733.48,1968.192,1928,2008,695,772,733.5,bright,True,,1976.8416,2009.3413,1993.0914
10-153,images/10-153.jpg,10,153,,Super Rare,True,True,,733.627,0.9913,3454,733.735,1966.891,1929,2007,694,774,734.0,bright,True,,1976.8269,2009.2535,1993.0402
10-154,images/10-154.jpg,10,154,,Legendary,True,True,,733.48,0.9949,6658,733.564,1970.24,1920,2012,683,783,733.0,bright,True,,1976.8804,2009.202,1993.0412
10-155,images/10-155.jpg,10,155,,Legendary,True,True,,733.48,0.9949,6658,733.564,1970.24,1920,2012,683,783,733.0,bright,True,,1976.7357,2009.2436,1992.9897
10-156,images/10-156.jpg,10,156,,Super Rare,True,True,,733.627,0.9913,3454,733.735,1966.891,1929,2007,694,774,734.0,bright,True,,1976.8671,2009.2532,1993.0602
10-157,images/10-157.jpg,10,157,,Uncommon,True,True,,733.505,0.9991,5279,733.48,1968.192,1928,2008,695,772,733.5,bright,True,,1976.7213,2009.2155,1992.9684
10-158,images/10-158.jpg,10,158,,Rare,True,True,,733.605,0.9932,4130,733.743,1980.145,1929,2007,686,782,734.0,bright,True,,1976.8379,2009.2386,1993.0382
10-159,images/10-159.jpg,10,159,,Rare,True,True,,733.605,0.9932,4130,733.743,1980.145,1929,2007,686,782,734.0,bright,True,,1976.8259,2009.2358,1993.0308
10-16,images/10-16.jpg,10,16,,Rare,True,True,,733.605,0.9932,4130,733.743,1980.145,1929,2007,686,782,734.0,bright,True,,1977.0642,2009.2638,1993.164
10-160,images/10-160.jpg,10,160,,Common,True,True,,733.574,0.9851,4493,733.637,1968.051,1930,2005,696,771,733.5,bright,True,,1977.0099,2009.267,1993.1385
10-161,images/10-161.jpg,10,161,,Common,True,True,,733.574,0.9851,4493,733.637,1968.051,1930,2005,696,771,733.5,bright,True,,1976.9923,2009.283,1993.1377
10-162,images/10-162.jpg,10,162,,Common,True,True,,733.574,0.9851,4493,733.637,1968.051,1930,2005,696,771,733.5,bright,True,,1977.08,2009.3535,1993.2168
10-163,images/10-163.jpg,10,163,,Uncommon,True,True,,733.505,0.9991,5279,733.48,1968.192,1928,2008,695,772,733.5,bright,True,,1977.0291,2009.2622,1993.1456
10-164,images/10-164.jpg,10,164,,Uncommon,True,True,,733.505,0.9991,5279,733.48,1968.192,1928,2008,695,772,733.5,bright,True,,1977.2903,2009.1754,1993.2328
10-165,images/10-165.jpg,10,165,,Rare,True,True,,733.605,0.9932,4130,733.743,1980.145,1929,2007,686,782,734.0,bright,True,,1976.8659,2009.2608,1993.0634
10-166,images/10-166.jpg,10,166,,Common,True,True,,733.574,0.9851,4493,733.637,1968.051,1930,2005,696,771,733.5,bright,True,,1977.1758,2009.2588,1993.2173
10-167,images/10-167.jpg,10,167,,Rare,True,True,,733.605,0.9932,4130,733.743,1980.145,1929,2007,686,782,734.0,bright,True,,1976.8027,2009.2827,1993.0427
10-168,images/10-168.jpg,10,168,,Super Rare,True,True,,733.627,0.9913,3454,733.735,1966.891,1929,2007,694,774,734.0,bright,True,,1977.057,2009.2517,1993.1543
10-169,images/10-169.jpg,10,169,,Uncommon,True,True,,733.505,0.9991,5279,733.48,1968.192,1928,2008,695,772,733.5,bright,True,,1976.9716,2009.276,1993.1238
10-17,images/10-17.jpg,10,17,,Rare,True,True,,733.605,0.9932,4130,733.743,1980.145,1929,2007,686,782,734.0,bright,True,,1976.7588,2009.2662,1993.0125
10-170,images/10-170.jpg,10,170,,Rare,True,False,no-core-component,,,,,,,,,,,,False,no-text,,,
10-171,images/10-171.jpg,10,171,,Rare,True,True,,733.605,0.9932,4130,733.743,1980.145,1929,2007,686,782,734.0,bright,True,,1976.771,2009.2699,1993.0204
10-172,images/10-172.jpg,10,172,,Common,True,True,,733.574,0.9851,4493,733.637,1968.051,1930,2005,696,771,733.5,bright,True,,1976.8047,2009.3431,1993.0739
10-173,images/10-173.jpg,10,173,,Legendary,True,True,,733.48,0.9949,6658,733.564,1970.24,1920,2012,683,783,733.0,bright,True,,1976.8041,2009.2319,1993.018
10-174,images/10-174.jpg,10,174,,Super Rare,True,True,,733.627,0.9913,3454,733.735,1966.891,1929,2007,694,774,734.0,bright,True,,1976.8588,2009.1886,1993.0237
10-175,images/10-175.jpg,10,175,,Common,True,True,,733.574,0.9851,4493,733.637,1968.051,1930,2005,696,771,733.5,bright,True,,1976.724,2009.2226,1992.9733
10-176,images/10-176.jpg,10,176,,Common,True,True,,733.574,0.9851,4493,733.637,1968.051,1930,2005,696,771,733.5,bright,True,,1976.8033,2009.2722,1993.0378
10-177,images/10-177.jpg,10,177,,Common,True,True,,733.574,0.9851,4493,733.637,1968.051,1930,2005,696,771,733.5,bright,True,,1976.7061,2009.1932,1992.9497
10-178,images/10-178.jpg,10,178,,Common,True,True,,733.574,0.9851,4493,733.637,1968.051,1930,2005,696,771,733.5,bright,True,,1976.8061,2009.2307,1993.0184
10-179,images/10-179.jpg,10,179,,Common,True,True,,733.574,0.9851,4493,733.637,1968.051,1930,2005,696,771,733.5,bright,True,,1976.8005,2009.2206,1993.0106
10-18,images/10-18.jpg,10,18,,Rare,True,True,,733.605,0.9932,4130,733.743,1980.145,1929,2007,686,782,734.0,bright,True,,1976.9461,2009.2762,1993.1112
10-18-P3,images/10-18-P3.jpg,10,18,P3,Special,True,True,,733.617,0.9516,7123,733.716,1967.69,1921,2014,688,779,733.5,bright,True,,1976.8616,2009.0721,1992.9669
10-180,images/10-180.jpg,10,180,,Common,True,True,,733.574,0.9851,4493,733.637,1968.051,1930,2005,696,771,733.5,bright,True,,1976.9443,2009.2568,1993.1005
10-181,images/10-181.jpg,10,181,,Common,True,True,,733.574,0.9851,4493,733.637,1968.051,1930,2005,696,771,733.5,bright,True,,1976.9193,2009.2825,1993.1009
10-182,images/10-182.jpg,10,182,,Uncommon,True,True,,733.505,0.9991,5279,733.48,1968.192,1928,2008,695,772,733.5,bright,True,,1976.9863,2009.3423,1993.1643
10-183,images/10-183.jpg,10,183,,Uncommon,True,True,,733.505,0.9991,5279,733.48,1968.192,1928,2008,695,772,733.5,bright,True,,1976.9658,2009.249,1993.1074
10-184,images/10-184.jpg,10,184,,Uncommon,True,True,,733.505,0.9991,5279,733.48,1968.192,1928,2008,695,772,733.5,bright,True,,1977.129,2009.1758,1993.1524
10-185,images/10-185.jpg,10,185,,Rare,True,True,,733.605,0.9932,4130,733.743,1980.145,1929,2007,686,782,734.0,bright,True,,1976.831,2009.246,1993.0385
10-186,images/10-186.jpg,10,186,,Common,True,True,,733.574,0.9851,4493,733.637,1968.051,1930,2005,696,771,733.5,bright,True,,1977.0511,2009.2476,1993.1494
10-187,images/10-187.jpg,10,187,,Rare,True,True,,733.605,0.9932,4130,733.743,1980.145,1929,2007,686,782,734.0,bright,True,,1976.8059,2009.2292,1993.0175
10-188,images/10-188.jpg,10,188,,Rare,True,True,,733.605,0.9932,4130,733.743,1980.145,1929,2007,686,782,734.0,bright,True,,1976.9591,2009.2537,1993.1064
10-189,images/10-189.jpg,10,189,,Legendary,True,True,,733.48,0.9949,6658,733.564,1970.24,1920,2012,683,783,733.0,bright,True,,1976.946,2009.2454,1993.0957
10-19,images/10-19.jpg,10,19,,Super Rare,True,True,,733.627,0.9913,3454,733.735,1966.891,1929,2007,694,774,734.0,bright,True,,1976.906,2009.2843,1993.0952
10-19-P3,images/10-19-P3.jpg,10,19,P3,Special,True,True,,788.444,0.8401,17191,788.268,1895.168,1856,1990,654,913,783.5,bright,False,no-text,,,
10-190,images/10-190.jpg,10,190,,Uncommon,True,True,,733.505,0.9991,5279,733.48,1968.192,1928,2008,695,772,733.5,bright,True,,1976.9354,2009.243,1993.0892
10-191,images/10-191.jpg,10,191,,Rare,True,True,,733.605,0.9932,4130,733.743,1980.145,1929,2007,686,782,734.0,bright,True,,1976.8906,2009.291,1993.0908
10-192,images/10-192.jpg,10,192,,Super Rare,True,True,,733.627,0.9913,3454,733.735,1966.891,1929,2007,694,774,734.0,bright,True,,1976.9297,2009.3608,1993.1452
10-193,images/10-193.jpg,10,193,,Uncommon,True,True,,733.505,0.9991,5279,733.48,1968.192,1928,2008,695,772,733.5,bright,True,,1976.94,2009.2525,1993.0963
10-194,images/10-194.jpg,10,194,,Common,True,True,,733.574,0.9851,4493,733.637,1968.051,1930,2005,696,771,733.5,bright,True,,1977.0404,2009.1856,1993.113
10-195,images/10-195.jpg,10,195,,Common,True,True,,733.574,0.9851,4493,733.637,1968.051,1930,2005,696,771,733.5,bright,True,,1976.825,2009.2388,1993.0319
10-196,images/10-196.jpg,10,196,,Common,True,True,,733.574,0.9851,4493,733.637,1968.051,1930,2005,696,771,733.5,bright,True,,1976.968,2009.2683,1993.1181
10-197,images/10-197.jpg,10,197,,Uncommon,True,True,,733.505,0.9991,5279,733.48,1968.192,1928,2008,695,772,733.5,bright,True,,1976.7982,2009.2126,1993.0054
10-198,images/10-198.jpg,10,198,,Uncommon,True,True,,733.505,0.9991,5279,733.48,1968.192,1928,2008,695,772,733.5,bright,True,,1976.943,2009.2461,1993.0945
10-199,images/10-199.jpg,10,199,,Uncommon,True,True,,733.505,0.9991,5279,733.48,1968.192,1928,2008,695,772,733.5,bright,True,,1976.9626,2009.2148,1993.0887
10-2,images/10-2.jpg,10,2,,Uncommon,True,True,,733.505,0.9991,5279,733.48,1968.192,1928,2008,695,772,733.5,bright,True,,1976.9616,2009.3809,1993.1713
10-20,images/10-20.jpg,10,20,,Super Rare,True,True,,733.627,0.9913,3454,733.735,1966.891,1929,2007,694,774,734.0,bright,True,,1976.9919,2009.3353,1993.1636
10-20-P3,images/10-20-P3.jpg,10,20,P3,Special,True,True,,733.617,0.9516,7123,733.716,1967.69,1921,2014,688,779,733.5,bright,True,,1976.8784,2009.2181,1993.0482
10-200,images/10-200.jpg,10,200,,Rare,True,True,,733.605,0.9932,4130,733.743,1980.145,1929,2007,686,782,734.0,bright,True,,1977.0337,2009.2989,1993.1663
10-201,images/10-201.jpg,10,201,,Rare,True,True,,733.605,0.9932,4130,733.743,1980.145,1929,2007,686,782,734.0,bright,True,,1976.9775,2009.3414,1993.1594
10-202,images/10-202.jpg,10,202,,Super Rare,True,True,,771.364,0.5734,17470,756.145,1904.111,1856,1990,618,891,754.5,dark,False,text-too-thin,,,
10-203,images/10-203.jpg,10,203,,Uncommon,True,False,no-core-component,,,,,,,,,,,,False,text-too-thin,,,
10-204,images/10-204.jpg,10,204,,Rare,True,False,no-core-component,,,,,,,,,,,,False,no-text,,,
10-205,images/10-205.jpg,10,205,,Epic,False,True,,733.056,0.9931,6655,733.144,1960.869,1918,2014,682,784,733.0,bright,True,,1976.8863,2009.3077,1993.097
10-206,images/10-206.jpg,10,206,,Epic,True,True,,733.044,0.9941,6648,733.125,1960.84,1918,2014,682,784,733.0,bright,True,,1977.1441,2009.2999,1993.222
10-207,images/10-207.jpg,10,207,,Epic,False,True,,733.058,0.9925,6659,733.142,1960.843,1918,2014,682,784,733.0,bright,True,,1976.8412,2009.3014,1993.0713
10-208,images/10-208.jpg,10,208,,Epic,False,True,,733.061,0.9929,6656,733.146,1960.862,1918,2014,682,784,733.0,bright,True,,1977.0713,2009.2904,1993.1808
10-209,images/10-209.jpg,10,209,,Epic,True,True,,733.049,0.994,6649,733.127,1960.833,1918,2014,682,784,733.0,bright,True,,1976.9822,2009.324,1993.1531
10-21,images/10-21.jpg,10,21,,Common,True,True,,733.574,0.9851,4493,733.637,1968.051,1930,2005,696,771,733.5,bright,True,,1976.9366,2009.3867,1993.1616
10-21-P3,images/10-21-P3.jpg,10,21,P3,Special,True,True,,733.5,1.0,63360,733.5,1943.5,1856,2031,554,913,733.5,bright,True,,1976.8303,2009.2699,1993.0501
10-210,images/10-210.jpg,10,210,,Epic,False,True,,733.061,0.9929,6656,733.146,1960.862,1918,2014,682,784,733.0,bright,True,,1976.9792,2009.342,1993.1606
10-211,images/10-211.jpg,10,211,,Epic,True,True,,733.056,0.9931,6655,733.144,1960.869,1918,2014,682,784,733.0,bright,True,,1976.926,2009.3838,1993.1549
10-212,images/10-212.jpg,10,212,,Epic,False,True,,733.056,0.9931,6655,733.144,1960.869,1918,2014,682,784,733.0,bright,True,,1977.0042,2009.4119,1993.2081
10-213,images/10-213.jpg,10,213,,Epic,True,True,,733.049,0.994,6649,733.127,1960.833,1918,2014,682,784,733.0,bright,True,,1976.9811,2009.3465,1993.1638
10-214,images/10-214.jpg,10,214,,Epic,True,True,,733.056,0.9931,6655,733.144,1960.869,1918,2014,682,784,733.0,bright,True,,1977.049,2009.3191,1993.184
10-215,images/10-215.jpg,10,215,,Epic,False,True,,733.043,0.9944,6650,733.113,1960.858,1918,2014,682,784,733.0,bright,True,,1976.8328,2009.3487,1993.0908
10-216,images/10-216.jpg,10,216,,Epic,False,True,,733.049,0.994,6649,733.127,1960.833,1918,2014,682,784,733.0,bright,True,,1977.0715,2009.3529,1993.2122
10-217,images/10-217.jpg,10,217,,Epic,False,True,,733.056,0.9931,6655,733.144,1960.869,1918,2014,682,784,733.0,bright,True,,1976.8057,2009.3332,1993.0694
10-218,images/10-218.jpg,10,218,,Epic,False,True,,733.044,0.9941,6648,733.125,1960.84,1918,2014,682,784,733.0,bright,True,,1976.9908,2009.3408,1993.1658
10-219,images/10-219.jpg,10,219,,Epic,True,True,,733.061,0.9929,6656,733.146,1960.862,1918,2014,682,784,733.0,bright,True,,1976.9418,2009.3615,1993.1516
10-22,images/10-22.jpg,10,22,,Common,True,True,,733.574,0.9851,4493,733.637,1968.051,1930,2005,696,771,733.5,bright,True,,1977.0526,2009.4023,1993.2274
10-22-P3,images/10-22-P3.jpg,10,22,P3,Special,True,True,,733.617,0.9516,7123,733.716,1967.69,1921,2014,688,779,733.5,bright,True,,1976.8833,2009.3426,1993.113
10-220,images/10-220.jpg,10,220,,Epic,False,True,,733.056,0.9931,6655,733.144,1960.869,1918,2014,682,784,733.0,bright,True,,1977.06,2009.3786,1993.2193
10-221,images/10-221.jpg,10,221,,Epic,False,True,,733.049,0.994,6649,733.127,1960.833,1918,2014,682,784,733.0,bright,True,,1977.0114,2009.4132,1993.2123
10-222,images/10-222.jpg,10,222,,Epic,False,True,,733.056,0.9931,6655,733.144,1960.869,1918,2014,682,784,733.0,bright,True,,1977.0898,2009.4382,1993.264
10-223,images/10-223.jpg,10,223,,Enchanted,True,True,,734.075,0.9911,6988,734.233,1966.416,1917,2016,690,783,736.5,bright,True,,1977.1619,2009.3622,1993.262
10-224,images/10-224.jpg,10,224,,Enchanted,False,True,,762.875,0.7233,11360,765.454,1962.605,1894,2016,689,869,779.0,bright,True,,1977.0939,2009.3976,1993.2457
10-225,images/10-225.jpg,10,225,,Enchanted,False,True,,734.13,0.5567,19531,750.183,1932.887,1866,2015,554,899,726.5,bright,True,,1976.9409,2009.3747,1993.1578
10-226,images/10-226.jpg,10,226,,Enchanted,False,True,,734.156,0.9749,7090,734.865,1967.119,1917,2016,690,783,736.5,bright,True,,1977.2802,2009.3498,1993.315
10-227,images/10-227.jpg,10,227,,Enchanted,False,True,,757.0,0.6613,18992,755.335,1946.301,1871,2031,631,892,761.5,bright,True,,1976.8704,2009.3802,1993.1253
10-228,images/10-228.jpg,10,228,,Enchanted,True,True,,733.952,0.9905,6972,733.849,1966.623,1917,2016,689,779,734.0,bright,True,,1977.1765,2009.347,1993.2617
10-229,images/10-229.jpg,10,229,,Enchanted,False,True,,781.75,0.8979,19846,777.692,1977.378,1917,2031,626,903,764.5,bright,True,,1977.0881,2009.3879,1993.238
10-23,images/10-23.jpg,10,23,,Rare,True,True,,733.605,0.9932,4130,733.743,1980.145,1929,2007,686,782,734.0,bright,True,,1977.0121,2009.3319,1993.172
10-23-P3,images/10-23-P3.jpg,10,23,P3,Special,True,True,,733.721,0.9521,6980,733.799,1967.634,1922,2014,688,779,733.5,bright,True,,1976.9216,2009.2236,1993.0726
10-230,images/10-230.jpg,10,230,,Enchanted,True,True,,734.75,0.7983,15676,732.572,1926.974,1859,2016,600,831,715.5,bright,True,,1977.1334,2009.2796,1993.2065
10-231,images/10-231.jpg,10,231,,Enchanted,True,True,,733.304,0.9664,6391,732.933,1965.606,1918,2015,690,777,733.5,bright,True,,1977.0897,2009.3267,1993.2082
10-232,images/10-232.jpg,10,232,,Enchanted,False,True,,734.087,0.9834,7051,734.188,1966.385,1917,2016,690,782,736.0,bright,True,,1977.1887,2009.3468,1993.2677
10-233,images/10-233.jpg,10,233,,Enchanted,False,True,,734.233,0.9848,7085,734.256,1966.553,1916,2016,690,783,736.5,bright,True,,1977.1632,2009.2714,1993.2173
10-234,images/10-234.jpg,10,234,,Enchanted,False,True,,733.976,0.9883,7034,734.081,1966.4,1916,2016,689,780,734.5,bright,True,,1977.144,2009.297,1993.2205
10-235,images/10-235.jpg,10,235,,Enchanted,False,True,,717.25,0.6884,12333,706.009,1975.83,1917,2031,584,801,692.5,bright,True,,1976.9793,2009.2787,1993.129
10-236,images/10-236.jpg,10,236,,Enchanted,True,True,,734.508,0.9562,7643,733.117,1968.47,1914,2019,672,783,727.5,bright,True,,1977.2352,2009.2848,1993.26
10-237,images/10-237.jpg,10,237,,Enchanted,False,True,,736.036,0.7488,16052,753.017,1954.962,1871,2031,636,882,759.0,bright,True,,1976.8573,2009.3041,1993.0807
10-238,images/10-238.jpg,10,238,,Enchanted,True,True,,734.026,0.9765,6929,734.464,1965.918,1916,2015,690,783,736.5,bright,True,,1977.1216,2009.3069,1993.2142
10-239,images/10-239.jpg,10,239,,Enchanted,False,True,,734.0,0.9967,6949,733.994,1966.491,1917,2016,690,778,734.0,bright,True,,1977.0416,2009.3067,1993.1741
10-24,images/10-24.jpg,10,24,,Super Rare,True,True,,733.627,0.9913,3454,733.735,1966.891,1929,2007,694,774,734.0,bright,True,,1977.1177,2009.3002,1993.2089
10-24-P3,images/10-24-P3.jpg,10,24,P3,Special,True,True,,733.721,0.9521,6980,733.799,1967.634,1922,2014,688,779,733.5,bright,True,,1976.8491,2009.2828,1993.0659
10-240,images/10-240.jpg,10,240,,Enchanted,True,True,,774.75,0.7685,29780,773.519,1918.79,1856,2016,606,913,759.5,bright,True,,1977.0628,2009.26,1993.1614
10-241,images/10-241.jpg,10,241,,Iconic,False,True,,733.508,0.8694,41083,737.32,1971.882,1867,2031,554,913,733.5,bright,False,text-height-29.2,,,
10-242,images/10-242.jpg,10,242,,Iconic,False,True,,733.743,0.9814,6898,733.991,1966.478,1919,2015,685,782,733.5,bright,False,text-height-29.1,,,
10-25,images/10-25.jpg,10,25,,Rare,True,True,,733.605,0.9932,4130,733.743,1980.145,1929,2007,686,782,734.0,bright,True,,1976.861,2009.3291,1993.095
10-25-P3,images/10-25-P3.jpg,10,25,P3,Special,True,True,,724.042,0.8799,5297,727.453,1967.559,1925,2011,689,778,733.5,bright,True,,1976.7632,2009.2126,1992.9879
10-26,images/10-26.jpg,10,26,,Uncommon,True,True,,733.505,0.9991,5279,733.48,1968.192,1928,2008,695,772,733.5,bright,True,,1977.1126,2009.3392,1993.2259
10-26-P3,images/10-26-P3.jpg,10,26,P3,Special,True,True,,724.042,0.8799,5297,727.453,1967.559,1925,2011,689,778,733.5,bright,True,,1976.8875,2009.2726,1993.08
10-27,images/10-27.jpg,10,27,,Uncommon,True,True,,733.505,0.9991,5279,733.48,1968.192,1928,2008,695,772,733.5,bright,True,,1976.8045,2009.3345,1993.0695
10-27-P3,images/10-27-P3.jpg,10,27,P3,Special,False,False,no-symmetry-peak,,0.514,11681,709.346,1957.195,1889,2013,574,780,677.0,dark,True,,1976.7435,2009.1867,1992.9651
10-28,images/10-28.jpg,10,28,,Common,True,True,,733.574,0.9851,4493,733.637,1968.051,1930,2005,696,771,733.5,bright,True,,1977.0028,2009.3306,1993.1667
10-29,images/10-29.jpg,10,29,,Rare,True,True,,733.605,0.9932,4130,733.743,1980.145,1929,2007,686,782,734.0,bright,True,,1976.9415,2009.3607,1993.1511
10-3,images/10-3.jpg,10,3,,Legendary,True,True,,733.48,0.9949,6658,733.564,1970.24,1920,2012,683,783,733.0,bright,True,,1976.9315,2009.2789,1993.1052
10-30,images/10-30.jpg,10,30,,Uncommon,True,True,,733.505,0.9991,5279,733.48,1968.192,1928,2008,695,772,733.5,bright,True,,1976.9726,2009.2384,1993.1055
10-31,images/10-31.jpg,10,31,,Uncommon,True,True,,733.505,0.9991,5279,733.48,1968.192,1928,2008,695,772,733.5,bright,True,,1976.9176,2009.2988,1993.1082
10-32,images/10-32.jpg,10,32,,Legendary,True,True,,733.48,0.9949,6658,733.564,1970.24,1920,2012,683,783,733.0,bright,True,,1977.0048,2009.3338,1993.1693
10-33,images/10-33.jpg,10,33,,Common,True,True,,733.574,0.9851,4493,733.637,1968.051,1930,2005,696,771,733.5,bright,True,,1976.9725,2009.2477,1993.1101
10-34,images/10-34.jpg,10,34,,Rare,True,True,,735.5,0.8804,1606,736.542,1876.007,1856,1897,716,764,740.0,bright,False,no-text,,,
10-35,images/10-35.jpg,10,35,,Rare,True,True,,733.605,0.9932,4130,733.743,1980.145,1929,2007,686,782,734.0,bright,True,,1976.8265,2009.2444,1993.0354
10-36,images/10-36.jpg,10,36,,Super Rare,True,True,,733.627,0.9913,3454,733.735,1966.891,1929,2007,694,774,734.0,bright,True,,1977.0611,2009.2409,1993.151
10-36-P3,images/10-36-P3.jpg,10,36,P3,Special,False,True,,735.722,0.8654,15473,739.983,1960.208,1898,2016,638,838,738.0,bright,True,,1976.9882,2009.0725,1993.0303
10-37,images/10-37.jpg,10,37,,Uncommon,True,True,,733.505,0.9991,5279,733.48,1968.192,1928,2008,695,772,733.5,bright,True,,1976.8077,2009.2224,1993.0151
10-38,images/10-38.jpg,10,38,,Common,True,True,,733.574,0.9851,4493,733.637,1968.051,1930,2005,696,771,733.5,bright,True,,1976.9879,2009.2318,1993.1098
10-39,images/10-39.jpg,10,39,,Common,True,True,,733.574,0.9851,4493,733.637,1968.051,1930,2005,696,771,733.5,bright,True,,1976.9384,2009.2499,1993.0941
10-4,images/10-4.jpg,10,4,,Common,True,True,,733.574,0.9851,4493,733.637,1968.051,1930,2005,696,771,733.5,bright,True,,1977.2557,2009.1476,1993.2016
10-40,images/10-40.jpg,10,40,,Common,True,True,,733.574,0.9851,4493,733.637,1968.051,1930,2005,696,771,733.5,bright,True,,1977.1593,2009.1663,1993.1628
10-41,images/10-41.jpg,10,41,,Common,True,True,,733.574,0.9851,4493,733.637,1968.051,1930,2005,696,771,733.5,bright,True,,1977.2044,2009.1683,1993.1864
10-42,images/10-42.jpg,10,42,,Common,True,True,,733.574,0.9851,4493,733.637,1968.051,1930,2005,696,771,733.5,bright,True,,1977.1062,2009.3007,1993.2035
10-43,images/10-43.jpg,10,43,,Uncommon,True,True,,733.505,0.9991,5279,733.48,1968.192,1928,2008,695,772,733.5,bright,True,,1977.1309,2009.1769,1993.1539
10-44,images/10-44.jpg,10,44,,Common,True,True,,733.574,0.9851,4493,733.637,1968.051,1930,2005,696,771,733.5,bright,True,,1977.5229,2009.0506,1993.2868
10-45,images/10-45.jpg,10,45,,Common,True,True,,733.574,0.9851,4493,733.637,1968.051,1930,2005,696,771,733.5,bright,True,,1976.9142,2009.1711,1993.0427
10-46,images/10-46.jpg,10,46,,Common,True,True,,733.574,0.9851,4493,733.637,1968.051,1930,2005,696,771,733.5,bright,True,,1977.3795,2009.1491,1993.2643
10-47,images/10-47.jpg,10,47,,Uncommon,True,True,,733.505,0.9991,5279,733.48,1968.192,1928,2008,695,772,733.5,bright,True,,1976.859,2009.1711,1993.0151
10-48,images/10-48.jpg,10,48,,Uncommon,True,True,,733.505,0.9991,5279,733.48,1968.192,1928,2008,695,772,733.5,bright,True,,1977.1921,2009.1464,1993.1692
10-49,images/10-49.jpg,10,49,,Rare,True,True,,733.605,0.9932,4130,733.743,1980.145,1929,2007,686,782,734.0,bright,True,,1977.1222,2009.156,1993.1391
10-5,images/10-5.jpg,10,5,,Common,True,True,,733.574,0.9851,4493,733.637,1968.051,1930,2005,696,771,733.5,bright,True,,1976.784,2009.2777,1993.0309
10-50,images/10-50.jpg,10,50,,Rare,True,True,,733.605,0.9932,4130,733.743,1980.145,1929,2007,686,782,734.0,bright,True,,1976.83,2009.2357,1993.0329
10-51,images/10-51.jpg,10,51,,Rare,True,True,,733.605,0.9932,4130,733.743,1980.145,1929,2007,686,782,734.0,bright,True,,1976.7755,2009.291,1993.0332
10-52,images/10-52.jpg,10,52,,Rare,True,True,,733.605,0.9932,4130,733.743,1980.145,1929,2007,686,782,734.0,bright,True,,1976.8544,2009.3326,1993.0935
10-53,images/10-53.jpg,10,53,,Uncommon,True,True,,733.505,0.9991,5279,733.48,1968.192,1928,2008,695,772,733.5,bright,True,,1976.8297,2009.2426,1993.0362
10-54,images/10-54.jpg,10,54,,Super Rare,True,True,,733.627,0.9913,3454,733.735,1966.891,1929,2007,694,774,734.0,bright,True,,1976.9129,2009.1742,1993.0435
10-55,images/10-55.jpg,10,55,,Legendary,True,True,,733.48,0.9949,6658,733.564,1970.24,1920,2012,683,783,733.0,bright,True,,1976.7237,2009.2393,1992.9815
10-56,images/10-56.jpg,10,56,,Legendary,True,True,,733.48,0.9949,6658,733.564,1970.24,1920,2012,683,783,733.0,bright,True,,1976.8753,2009.2383,1993.0568
10-57,images/10-57.jpg,10,57,,Uncommon,True,True,,733.505,0.9991,5279,733.48,1968.192,1928,2008,695,772,733.5,bright,True,,1976.7136,2009.2124,1992.963
10-58,images/10-58.jpg,10,58,,Uncommon,True,True,,733.505,0.9991,5279,733.48,1968.192,1928,2008,695,772,733.5,bright,True,,1976.8456,2009.2296,1993.0376
10-59,images/10-59.jpg,10,59,,Rare,True,True,,733.605,0.9932,4130,733.743,1980.145,1929,2007,686,782,734.0,bright,True,,1976.8121,2009.2361,1993.0241
10-6,images/10-6.jpg,10,6,,Common,True,True,,733.574,0.9851,4493,733.637,1968.051,1930,2005,696,771,733.5,bright,True,,1977.079,2009.2572,1993.1681
10-60,images/10-60.jpg,10,60,,Super Rare,True,True,,733.627,0.9913,3454,733.735,1966.891,1929,2007,694,774,734.0,bright,True,,1977.0642,2009.2391,1993.1517
10-61,images/10-61.jpg,10,61,,Common,True,True,,733.574,0.9851,4493,733.637,1968.051,1930,2005,696,771,733.5,bright,True,,1977.0404,2009.2684,1993.1544
10-62,images/10-62.jpg,10,62,,Rare,True,True,,733.605,0.9932,4130,733.743,1980.145,1929,2007,686,782,734.0,bright,True,,1977.1149,2009.3374,1993.2262
10-63,images/10-63.jpg,10,63,,Common,True,True,,733.574,0.9851,4493,733.637,1968.051,1930,2005,696,771,733.5,bright,True,,1977.0691,2009.2424,1993.1558
10-64,images/10-64.jpg,10,64,,Uncommon,True,True,,733.505,0.9991,5279,733.48,1968.192,1928,2008,695,772,733.5,bright,True,,1977.3947,2009.1455,1993.2701
10-65,images/10-65.jpg,10,65,,Common,True,True,,733.574,0.9851,4493,733.637,1968.051,1930,2005,696,771,733.5,bright,True,,1976.8745,2009.2421,1993.0583
10-66,images/10-66.jpg,10,66,,Common,True,True,,733.574,0.9851,4493,733.637,1968.051,1930,2005,696,771,733.5,bright,True,,1977.2163,2009.2431,1993.2297
10-67,images/10-67.jpg,10,67,,Rare,True,True,,733.605,0.9932,4130,733.743,1980.145,1929,2007,686,782,734.0,bright,True,,1976.8033,2009.2733,1993.0383
10-68,images/10-68.jpg,10,68,,Uncommon,True,True,,788.792,0.8391,17108,788.959,1895.357,1856,1990,657,913,785.0,bright,False,no-text,,,
10-69,images/10-69.jpg,10,69,,Common,True,True,,733.574,0.9851,4493,733.637,1968.051,1930,2005,696,771,733.5,bright,True,,1976.9891,2009.2565,1993.1228
10-7,images/10-7.jpg,10,7,,Common,True,True,,733.574,0.9851,4493,733.637,1968.051,1930,2005,696,771,733.5,bright,True,,1976.7555,2009.265,1993.0102
10-70,images/10-70.jpg,10,70,,Common,True,True,,733.574,0.9851,4493,733.637,1968.051,1930,2005,696,771,733.5,bright,True,,1976.8035,2009.2198,1993.0117
10-71,images/10-71.jpg,10,71,,Common,True,True,,733.574,0.9851,4493,733.637,1968.051,1930,2005,696,771,733.5,bright,True,,1976.7603,2009.2633,1993.0118
10-72,images/10-72.jpg,10,72,,Common,True,True,,733.574,0.9851,4493,733.637,1968.051,1930,2005,696,771,733.5,bright,True,,1976.8109,2009.3361,1993.0735
10-73,images/10-73.jpg,10,73,,Common,True,True,,733.574,0.9851,4493,733.637,1968.051,1930,2005,696,771,733.5,bright,True,,1976.8013,2009.2202,1993.0108
10-74,images/10-74.jpg,10,74,,Common,True,True,,733.574,0.9851,4493,733.637,1968.051,1930,2005,696,771,733.5,bright,True,,1976.8579,2009.1718,1993.0148
10-75,images/10-75.jpg,10,75,,Common,True,True,,733.574,0.9851,4493,733.637,1968.051,1930,2005,696,771,733.5,bright,True,,1976.7124,2009.2075,1992.9599
10-76,images/10-76.jpg,10,76,,Uncommon,True,True,,733.505,0.9991,5279,733.48,1968.192,1928,2008,695,772,733.5,bright,True,,1976.7992,2009.2679,1993.0336
10-77,images/10-77.jpg,10,77,,Common,True,True,,733.574,0.9851,4493,733.637,1968.051,1930,2005,696,771,733.5,bright,True,,1976.7009,2009.1813,1992.9411
10-78,images/10-78.jpg,10,78,,Uncommon,True,True,,733.505,0.9991,5279,733.48,1968.192,1928,2008,695,772,733.5,bright,True,,1976.8094,2009.2179,1993.0136
10-79,images/10-79.jpg,10,79,,Uncommon,True,True,,733.505,0.9991,5279,733.48,1968.192,1928,2008,695,772,733.5,bright,True,,1976.7937,2009.2036,1992.9987
10-8,images/10-8.jpg,10,8,,Uncommon,True,True,,733.505,0.9991,5279,733.48,1968.192,1928,2008,695,772,733.5,bright,True,,1976.9627,2009.2588,1993.1108
10-80,images/10-80.jpg,10,80,,Uncommon,True,True,,733.505,0.9991,5279,733.48,1968.192,1928,2008,695,772,733.5,bright,True,,1976.9752,2009.2461,1993.1107
10-81,images/10-81.jpg,10,81,,Uncommon,True,True,,733.505,0.9991,5279,733.48,1968.192,1928,2008,695,772,733.5,bright,True,,1976.9531,2009.2772,1993.1151
10-82,images/10-82.jpg,10,82,,Uncommon,True,True,,733.505,0.9991,5279,733.48,1968.192,1928,2008,695,772,733.5,bright,True,,1977.0009,2009.3318,1993.1663
10-83,images/10-83.jpg,10,83,,Common,True,True,,733.574,0.9851,4493,733.637,1968.051,1930,2005,696,771,733.5,bright,True,,1976.9816,2009.2358,1993.1087
10-84,images/10-84.jpg,10,84,,Rare,True,True,,733.605,0.9932,4130,733.743,1980.145,1929,2007,686,782,734.0,bright,True,,1977.1978,2009.1467,1993.1723
10-85,images/10-85.jpg,10,85,,Rare,True,True,,733.605,0.9932,4130,733.743,1980.145,1929,2007,686,782,734.0,bright,True,,1976.8406,2009.2315,1993.0361
10-86,images/10-86.jpg,10,86,,Rare,True,True,,733.605,0.9932,4130,733.743,1980.145,1929,2007,686,782,734.0,bright,True,,1977.1017,2009.2382,1993.1699
10-87,images/10-87.jpg,10,87,,Rare,True,True,,733.605,0.9932,4130,733.743,1980.145,1929,2007,686,782,734.0,bright,True,,1976.811,2009.2151,1993.0131
10-88,images/10-88.jpg,10,88,,Legendary,True,True,,733.48,0.9949,6660,733.564,1970.224,1920,2012,683,783,733.0,bright,True,,1976.9926,2009.2297,1993.1111
10-89,images/10-89.jpg,10,89,,Super Rare,True,True,,733.627,0.9913,3454,733.735,1966.891,1929,2007,694,774,734.0,bright,True,,1976.9476,2009.2401,1993.0939
10-9,images/10-9.jpg,10,9,,Uncommon,True,True,,733.505,0.9991,5279,733.48,1968.192,1928,2008,695,772,733.5,bright,True,,1976.92,2009.2695,1993.0948
10-90,images/10-90.jpg,10,90,,Common,True,True,,733.574,0.9851,4493,733.637,1968.051,1930,2005,696,771,733.5,bright,True,,1976.9374,2009.2431,1993.0903
10-91,images/10-91.jpg,10,91,,Rare,True,True,,733.605,0.9932,4130,733.743,1980.145,1929,2007,686,782,734.0,bright,True,,1976.9059,2009.2879,1993.0969
10-92,images/10-92.jpg,10,92,,Super Rare,True,True,,733.627,0.9913,3454,733.735,1966.891,1929,2007,694,774,734.0,bright,True,,1976.9379,2009.3618,1993.1498
10-93,images/10-93.jpg,10,93,,Legendary,True,True,,733.48,0.9949,6658,733.564,1970.24,1920,2012,683,783,733.0,bright,True,,1976.9427,2009.2457,1993.0942
10-94,images/10-94.jpg,10,94,,Common,True,True,,733.574,0.9851,4493,733.637,1968.051,1930,2005,696,771,733.5,bright,True,,1977.1254,2009.1542,1993.1398
10-95,images/10-95.jpg,10,95,,Rare,True,True,,733.605,0.9932,4130,733.743,1980.145,1929,2007,686,782,734.0,bright,True,,1976.8144,2009.2361,1993.0252
10-96,images/10-96.jpg,10,96,,Common,True,True,,733.574,0.9851,4493,733.637,1968.051,1930,2005,696,771,733.5,bright,True,,1976.9853,2009.2567,1993.121
10-97,images/10-97.jpg,10,97,,Uncommon,True,True,,733.505,0.9991,5279,733.48,1968.192,1928,2008,695,772,733.5,bright,True,,1976.7995,2009.2047,1993.0021
10-98,images/10-98.jpg,10,98,,Super Rare,True,True,,733.627,0.9913,3454,733.735,1966.891,1929,2007,694,774,734.0,bright,True,,1976.9526,2009.2373,1993.0949
10-99,images/10-99.jpg,10,99,,Uncommon,True,True,,733.505,0.9991,5279,733.48,1968.192,1928,2008,695,772,733.5,bright,True,,1976.9778,2009.1932,1993.0855
11-1,images/11-1.jpg,11,1,,Common,True,True,,733.574,0.9851,4493,733.637,1968.051,1930,2005,696,771,733.5,bright,True,,1976.9162,2009.31,1993.1131
11-1-PD1,images/11-1-PD1.jpg,11,1,PD1,Special,False,True,,725.125,0.886,6817,727.199,1966.294,1909,2016,684,783,733.5,bright,True,,1976.7263,2009.2596,1992.9929
11-10,images/11-10.jpg,11,10,,Common,True,True,,733.574,0.9851,4493,733.637,1968.051,1930,2005,696,771,733.5,bright,True,,1976.9248,2009.2941,1993.1094
11-100,images/11-100.jpg,11,100,,Rare,True,True,,733.605,0.9932,4130,733.743,1980.145,1929,2007,686,782,734.0,bright,True,,1976.9168,2009.2844,1993.1006
11-101,images/11-101.jpg,11,101,,Rare,True,True,,733.605,0.9932,4130,733.743,1980.145,1929,2007,686,782,734.0,bright,True,,1976.9014,2009.3038,1993.1026
11-102,images/11-102.jpg,11,102,,Common,True,False,no-core-component,,,,,,,,,,,,False,text-height-14.6,,,
11-103,images/11-103.jpg,11,103,,Legendary,True,True,,733.476,0.9949,6664,733.558,1970.253,1920,2012,683,783,733.0,bright,True,,1976.9019,2009.3012,1993.1015
11-104,images/11-104.jpg,11,104,,Uncommon,True,True,,733.505,0.9991,5279,733.48,1968.192,1928,2008,695,772,733.5,bright,True,,1977.1379,2009.1808,1993.1594
11-105,images/11-105.jpg,11,105,,Common,True,True,,733.574,0.9851,4493,733.637,1968.051,1930,2005,696,771,733.5,bright,True,,1976.7841,2009.2904,1993.0372
11-106,images/11-106.jpg,11,106,,Common,True,True,,733.574,0.9851,4493,733.637,1968.051,1930,2005,696,771,733.5,bright,True,,1976.9908,2009.2822,1993.1365
11-107,images/11-107.jpg,11,107,,Uncommon,True,True,,733.505,0.9991,5279,733.48,1968.192,1928,2008,695,772,733.5,bright,True,,1976.7594,2009.2664,1993.0129
11-108,images/11-108.jpg,11,108,,Uncommon,True,True,,733.505,0.9991,5279,733.48,1968.192,1928,2008,695,772,733.5,bright,True,,1976.9201,2009.2845,1993.1023
11-109,images/11-109.jpg,11,109,,Common,True,True,,733.574,0.9851,4493,733.637,1968.051,1930,2005,696,771,733.5,bright,True,,1976.896,2009.2884,1993.0922
11-11,images/11-11.jpg,11,11,,Uncommon,True,True,,733.505,0.9991,5279,733.48,1968.192,1928,2008,695,772,733.5,bright,True,,1976.9039,2009.322,1993.113
11-110,images/11-110.jpg,11,110,,Common,True,True,,733.574,0.9851,4493,733.637,1968.051,1930,2005,696,771,733.5,bright,True,,1976.9003,2009.3077,1993.104
11-111,images/11-111.jpg,11,111,,Uncommon,True,True,,733.505,0.9991,5279,733.48,1968.192,1928,2008,695,772,733.5,bright,True,,1976.8866,2009.3235,1993.105
11-112,images/11-112.jpg,11,112,,Rare,True,True,,733.605,0.9932,4130,733.743,1980.145,1929,2007,686,782,734.0,bright,True,,1976.8716,2009.4294,1993.1505
11-113,images/11-113.jpg,11,113,,Common,True,True,,733.574,0.9851,4493,733.637,1968.051,1930,2005,696,771,733.5,bright,True,,1976.8756,2009.3371,1993.1064
11-114,images/11-114.jpg,11,114,,Common,True,True,,733.574,0.9851,4493,733.637,1968.051,1930,2005,696,771,733.5,bright,True,,1977.1275,2009.2052,1993.1663
11-115,images/11-115.jpg,11,115,,Common,True,True,,733.574,0.9851,4493,733.637,1968.051,1930,2005,696,771,733.5,bright,True,,1976.7486,2009.3337,1993.0412
11-116,images/11-116.jpg,11,116,,Rare,True,True,,733.605,0.9932,4130,733.743,1980.145,1929,2007,686,782,734.0,bright,True,,1976.9796,2009.3023,1993.1409
11-117,images/11-117.jpg,11,117,,Common,True,True,,733.574,0.9851,4493,733.637,1968.051,1930,2005,696,771,733.5,bright,True,,1976.7273,2009.3107,1993.019
11-118,images/11-118.jpg,11,118,,Super Rare,True,True,,733.627,0.9913,3454,733.735,1966.891,1929,2007,694,774,734.0,bright,True,,1976.9108,2009.3042,1993.1075
11-119,images/11-119.jpg,11,119,,Uncommon,True,True,,733.505,0.9991,5279,733.48,1968.192,1928,2008,695,772,733.5,bright,True,,1976.8741,2009.3217,1993.0979
11-12,images/11-12.jpg,11,12,,Common,True,True,,733.574,0.9851,4493,733.637,1968.051,1930,2005,696,771,733.5,bright,True,,1976.8874,2009.4241,1993.1558
11-120,images/11-120.jpg,11,120,,Common,True,True,,733.574,0.9851,4493,733.637,1968.051,1930,2005,696,771,733.5,bright,True,,1976.9285,2009.3862,1993.1573
11-121,images/11-121.jpg,11,121,,Rare,True,True,,733.605,0.9932,4130,733.743,1980.145,1929,2007,686,782,734.0,bright,True,,1976.8675,2009.4277,1993.1476
11-122,images/11-122.jpg,11,122,,Rare,True,True,,733.605,0.9932,4130,733.743,1980.145,1929,2007,686,782,734.0,bright,True,,1976.9502,2009.4504,1993.2003
11-123,images/11-123.jpg,11,123,,Legendary,True,True,,733.476,0.9949,6664,733.558,1970.253,1920,2012,683,783,733.0,bright,True,,1976.9257,2009.3875,1993.1566
11-124,images/11-124.jpg,11,124,,Super Rare,True,True,,733.627,0.9913,3454,733.735,1966.891,1929,2007,694,774,734.0,bright,True,,1977.0643,2009.3248,1993.1946
11-125,images/11-125.jpg,11,125,,Uncommon,True,True,,733.505,0.9991,5279,733.48,1968.192,1928,2008,695,772,733.5,bright,True,,1976.7839,2009.3898,1993.0868
11-126,images/11-126.jpg,11,126,,Rare,True,True,,733.605,0.9932,4130,733.743,1980.145,1929,2007,686,782,734.0,bright,True,,1976.9913,2009.3902,1993.1907
11-127,images/11-127.jpg,11,127,,Super Rare,True,True,,733.627,0.9913,3454,733.735,1966.891,1929,2007,694,774,734.0,bright,True,,1976.7717,2009.367,1993.0693
11-128,images/11-128.jpg,11,128,,Common,True,True,,733.574,0.9851,4493,733.637,1968.051,1930,2005,696,771,733.5,bright,True,,1976.9408,2009.3817,1993.1613
11-129,images/11-129.jpg,11,129,,Common,True,True,,733.574,0.9851,4493,733.637,1968.051,1930,2005,696,771,733.5,bright,True,,1976.8961,2009.3967,1993.1464
11-13,images/11-13.jpg,11,13,,Uncommon,True,True,,733.505,0.9991,5279,733.48,1968.192,1928,2008,695,772,733.5,bright,True,,1976.8823,2009.3287,1993.1055
11-130,images/11-130.jpg,11,130,,Rare,True,True,,733.605,0.9932,4130,733.743,1980.145,1929,2007,686,782,734.0,bright,True,,1976.902,2009.2997,1993.1009
11-131,images/11-131.jpg,11,131,,Uncommon,True,True,,733.505,0.9991,5279,733.48,1968.192,1928,2008,695,772,733.5,bright,True,,1976.8723,2009.336,1993.1042
11-132,images/11-132.jpg,11,132,,Uncommon,True,True,,733.505,0.9991,5279,733.48,1968.192,1928,2008,695,772,733.5,bright,True,,1976.9158,2009.3894,1993.1526
11-133,images/11-133.jpg,11,133,,Rare,True,True,,733.605,0.9932,4130,733.743,1980.145,1929,2007,686,782,734.0,bright,True,,1976.9049,2009.3057,1993.1053
11-134,images/11-134.jpg,11,134,,Uncommon,True,False,no-component,,,,,,,,,,,,False,text-clipped,,,
11-135,images/11-135.jpg,11,135,,Rare,True,False,no-core-component,,,,,,,,,,,,False,text-clipped,,,
11-136,images/11-136.jpg,11,136,,Common,True,False,no-core-component,,,,,,,,,,,,False,text-clipped,,,
11-137,images/11-137.jpg,11,137,,Uncommon,True,True,,733.505,0.9991,5279,733.48,1968.192,1928,2008,695,772,733.5,bright,True,,1976.7685,2009.2713,1993.0199
11-138,images/11-138.jpg,11,138,,Common,True,True,,733.574,0.9851,4493,733.637,1968.051,1930,2005,696,771,733.5,bright,True,,1976.9189,2009.2974,1993.1082
11-139,images/11-139.jpg,11,139,,Common,True,True,,733.574,0.9851,4493,733.637,1968.051,1930,2005,696,771,733.5,bright,True,,1976.9024,2009.2913,1993.0968
11-14,images/11-14.jpg,11,14,,Rare,True,True,,733.605,0.9932,4130,733.743,1980.145,1929,2007,686,782,734.0,bright,True,,1977.2099,2009.1873,1993.1986
11-140,images/11-140.jpg,11,140,,Common,True,True,,733.574,0.9851,4493,733.637,1968.051,1930,2005,696,771,733.5,bright,True,,1977.1244,2009.1854,1993.1549
11-141,images/11-141.jpg,11,141,,Common,True,True,,733.574,0.9851,4493,733.637,1968.051,1930,2005,696,771,733.5,bright,True,,1977.1355,2009.2043,1993.1699
11-142,images/11-142.jpg,11,142,,Common,True,True,,733.574,0.9851,4493,733.637,1968.051,1930,2005,696,771,733.5,bright,True,,1977.057,2009.3289,1993.1929
11-143,images/11-143.jpg,11,143,,Common,True,True,,733.574,0.9851,4493,733.637,1968.051,1930,2005,696,771,733.5,bright,True,,1977.0623,2009.2227,1993.1425
11-144,images/11-144.jpg,11,144,,Uncommon,True,True,,733.505,0.9991,5279,733.48,1968.192,1928,2008,695,772,733.5,bright,True,,1977.5293,2009.0963,1993.3128
11-145,images/11-145.jpg,11,145,,Uncommon,True,True,,733.505,0.9991,5279,733.48,1968.192,1928,2008,695,772,733.5,bright,True,,1976.8779,2009.2159,1993.0469
11-146,images/11-146.jpg,11,146,,Uncommon,True,True,,733.505,0.9991,5279,733.48,1968.192,1928,2008,695,772,733.5,bright,True,,1977.3632,2009.1824,1993.2728
11-147,images/11-147.jpg,11,147,,Rare,True,True,,733.605,0.9932,4130,733.743,1980.145,1929,2007,686,782,734.0,bright,True,,1976.8514,2009.2005,1993.0259
11-148,images/11-148.jpg,11,148,,Rare,True,True,,733.605,0.9932,4130,733.743,1980.145,1929,2007,686,782,734.0,bright,True,,1977.1391,2009.1909,1993.165
11-149,images/11-149.jpg,11,149,,Uncommon,True,True,,733.505,0.9991,5279,733.48,1968.192,1928,2008,695,772,733.5,bright,True,,1977.0748,2009.1979,1993.1364
11-15,images/11-15.jpg,11,15,,Uncommon,True,True,,733.505,0.9991,5279,733.48,1968.192,1928,2008,695,772,733.5,bright,True,,1976.7524,2009.322,1993.0372
11-150,images/11-150.jpg,11,150,,Super Rare,True,True,,733.627,0.9913,3454,733.735,1966.891,1929,2007,694,774,734.0,bright,True,,1976.7835,2009.2908,1993.0372
11-151,images/11-151.jpg,11,151,,Common,True,True,,733.574,0.9851,4493,733.637,1968.051,1930,2005,696,771,733.5,bright,True,,1976.7476,2009.3354,1993.0415
11-152,images/11-152.jpg,11,152,,Legendary,True,True,,733.5,1.0,63360,733.5,1943.5,1856,2031,554,913,733.5,bright,True,,1976.7902,2009.3868,1993.0885
11-153,images/11-153.jpg,11,153,,Uncommon,True,True,,733.505,0.9991,5279,733.48,1968.192,1928,2008,695,772,733.5,bright,True,,1976.7873,2009.2963,1993.0418
11-154,images/11-154.jpg,11,154,,Rare,True,True,,733.605,0.9932,4130,733.743,1980.145,1929,2007,686,782,734.0,bright,True,,1976.8771,2009.2128,1993.045
11-155,images/11-155.jpg,11,155,,Legendary,True,True,,733.476,0.9949,6664,733.558,1970.253,1920,2012,683,783,733.0,bright,True,,1976.6997,2009.2866,1992.9931
11-156,images/11-156.jpg,11,156,,Super Rare,True,True,,733.627,0.9913,3454,733.735,1966.891,1929,2007,694,774,734.0,bright,True,,1976.8192,2009.3028,1993.061
11-157,images/11-157.jpg,11,157,,Rare,True,True,,733.605,0.9932,4130,733.743,1980.145,1929,2007,686,782,734.0,bright,True,,1976.688,2009.2605,1992.9743
11-158,images/11-158.jpg,11,158,,Super Rare,True,True,,733.5,1.0,63360,733.5,1943.5,1856,2031,554,913,733.5,bright,True,,1976.7935,2009.2914,1993.0425
11-159,images/11-159.jpg,11,159,,Rare,True,True,,733.605,0.9932,4130,733.743,1980.145,1929,2007,686,782,734.0,bright,True,,1976.7861,2009.28,1993.0331
11-16,images/11-16.jpg,11,16,,Rare,True,True,,733.605,0.9932,4130,733.743,1980.145,1929,2007,686,782,734.0,bright,True,,1977.0385,2009.2906,1993.1645
11-160,images/11-160.jpg,11,160,,Common,True,True,,733.574,0.9851,4493,733.637,1968.051,1930,2005,696,771,733.5,bright,True,,1977.008,2009.2808,1993.1444
11-161,images/11-161.jpg,11,161,,Common,True,True,,733.574,0.9851,4493,733.637,1968.051,1930,2005,696,771,733.5,bright,True,,1976.9864,2009.3032,1993.1448
11-162,images/11-162.jpg,11,162,,Rare,True,True,,733.605,0.9932,4130,733.743,1980.145,1929,2007,686,782,734.0,bright,True,,1976.9902,2009.3952,1993.1927
11-163,images/11-163.jpg,11,163,,Rare,True,True,,733.605,0.9932,4130,733.743,1980.145,1929,2007,686,782,734.0,bright,True,,1976.9638,2009.3112,1993.1375
11-164,images/11-164.jpg,11,164,,Common,True,True,,733.574,0.9851,4493,733.637,1968.051,1930,2005,696,771,733.5,bright,True,,1977.3597,2009.1871,1993.2734
11-165,images/11-165.jpg,11,165,,Uncommon,True,True,,733.505,0.9991,5279,733.48,1968.192,1928,2008,695,772,733.5,bright,True,,1976.8178,2009.3102,1993.064
11-166,images/11-166.jpg,11,166,,Common,True,True,,733.574,0.9851,4493,733.637,1968.051,1930,2005,696,771,733.5,bright,True,,1977.1534,2009.2883,1993.2209
11-167,images/11-167.jpg,11,167,,Common,True,True,,733.574,0.9851,4493,733.637,1968.051,1930,2005,696,771,733.5,bright,True,,1976.7831,2009.3022,1993.0427
11-168,images/11-168.jpg,11,168,,Rare,True,True,,733.605,0.9932,4130,733.743,1980.145,1929,2007,686,782,734.0,bright,True,,1977.0272,2009.2826,1993.1549
11-169,images/11-169.jpg,11,169,,Uncommon,True,True,,733.505,0.9991,5279,733.48,1968.192,1928,2008,695,772,733.5,bright,True,,1976.9554,2009.2986,1993.127
11-17,images/11-17.jpg,11,17,,Super Rare,True,True,,733.627,0.9913,3454,733.735,1966.891,1929,2007,694,774,734.0,bright,True,,1976.7199,2009.3159,1993.0179
11-170,images/11-170.jpg,11,170,,Uncommon,True,True,,733.505,0.9991,5279,733.48,1968.192,1928,2008,695,772,733.5,bright,True,,1976.7737,2009.2646,1993.0192
11-171,images/11-171.jpg,11,171,,Rare,True,True,,733.605,0.9932,4130,733.743,1980.145,1929,2007,686,782,734.0,bright,True,,1976.7318,2009.3135,1993.0227
11-172,images/11-172.jpg,11,172,,Uncommon,True,True,,733.505,0.9991,5279,733.48,1968.192,1928,2008,695,772,733.5,bright,True,,1976.7676,2009.3751,1993.0714
11-173,images/11-173.jpg,11,173,,Common,True,True,,733.574,0.9851,4493,733.637,1968.051,1930,2005,696,771,733.5,bright,True,,1976.7695,2009.269,1993.0192
11-174,images/11-174.jpg,11,174,,Common,True,True,,733.574,0.9851,4493,733.637,1968.051,1930,2005,696,771,733.5,bright,True,,1976.8438,2009.2047,1993.0242
11-175,images/11-175.jpg,11,175,,Common,True,True,,733.574,0.9851,4493,733.637,1968.051,1930,2005,696,771,733.5,bright,True,,1976.6877,2009.2575,1992.9726
11-176,images/11-176.jpg,11,176,,Uncommon,True,True,,733.505,0.9991,5279,733.48,1968.192,1928,2008,695,772,733.5,bright,True,,1976.7804,2009.2997,1993.0401
11-177,images/11-177.jpg,11,177,,Common,True,True,,733.574,0.9851,4493,733.637,1968.051,1930,2005,696,771,733.5,bright,True,,1976.6765,2009.2378,1992.9571
11-178,images/11-178.jpg,11,178,,Common,True,True,,733.574,0.9851,4493,733.637,1968.051,1930,2005,696,771,733.5,bright,True,,1976.7658,2009.2745,1993.0201
11-179,images/11-179.jpg,11,179,,Uncommon,True,True,,733.505,0.9991,5279,733.48,1968.192,1928,2008,695,772,733.5,bright,True,,1976.7639,2009.2631,1993.0135
11-18,images/11-18.jpg,11,18,,Uncommon,True,True,,733.505,0.9991,5279,733.48,1968.192,1928,2008,695,772,733.5,bright,True,,1976.9298,2009.2965,1993.1131
11-180,images/11-180.jpg,11,180,,Common,True,True,,733.574,0.9851,4493,733.637,1968.051,1930,2005,696,771,733.5,bright,True,,1976.9209,2009.2881,1993.1045
11-181,images/11-181.jpg,11,181,,Common,True,True,,733.574,0.9851,4493,733.637,1968.051,1930,2005,696,771,733.5,bright,True,,1976.9106,2009.3019,1993.1062
11-182,images/11-182.jpg,11,182,,Rare,True,True,,733.605,0.9932,4130,733.743,1980.145,1929,2007,686,782,734.0,bright,True,,1976.9419,2009.382,1993.1619
11-183,images/11-183.jpg,11,183,,Uncommon,True,True,,733.505,0.9991,5279,733.48,1968.192,1928,2008,695,772,733.5,bright,True,,1976.9181,2009.3006,1993.1093
11-184,images/11-184.jpg,11,184,,Common,True,True,,733.574,0.9851,4493,733.637,1968.051,1930,2005,696,771,733.5,bright,True,,1977.1425,2009.19,1993.1662
11-185,images/11-185.jpg,11,185,,Common,True,True,,733.574,0.9851,4493,733.637,1968.051,1930,2005,696,771,733.5,bright,True,,1976.7911,2009.2946,1993.0428
11-186,images/11-186.jpg,11,186,,Rare,True,True,,733.605,0.9932,4130,733.743,1980.145,1929,2007,686,782,734.0,bright,True,,1977.0152,2009.2804,1993.1478
11-187,images/11-187.jpg,11,187,,Super Rare,True,True,,733.627,0.9913,3454,733.735,1966.891,1929,2007,694,774,734.0,bright,True,,1976.7761,2009.2683,1993.0222
11-188,images/11-188.jpg,11,188,,Rare,True,True,,733.605,0.9932,4130,733.743,1980.145,1929,2007,686,782,734.0,bright,True,,1976.9417,2009.2787,1993.1102
11-189,images/11-189.jpg,11,189,,Uncommon,True,True,,733.505,0.9991,5279,733.48,1968.192,1928,2008,695,772,733.5,bright,True,,1976.9066,2009.2918,1993.0992
11-19,images/11-19.jpg,11,19,,Rare,True,True,,733.605,0.9932,4130,733.743,1980.145,1929,2007,686,782,734.0,bright,True,,1976.8882,2009.3117,1993.1
11-190,images/11-190.jpg,11,190,,Rare,True,True,,733.605,0.9932,4130,733.743,1980.145,1929,2007,686,782,734.0,bright,True,,1976.8943,2009.2874,1993.0909
11-191,images/11-191.jpg,11,191,,Legendary,True,True,,783.438,0.9881,13290,783.696,1881.051,1856,1907,653,913,783.0,bright,True,,1976.8709,2009.3215,1993.0962
11-192,images/11-192.jpg,11,192,,Legendary,True,True,,733.476,0.9949,6664,733.558,1970.253,1920,2012,683,783,733.0,bright,True,,1976.8882,2009.396,1993.1421
11-193,images/11-193.jpg,11,193,,Super Rare,True,True,,733.627,0.9913,3454,733.735,1966.891,1929,2007,694,774,734.0,bright,True,,1976.8961,2009.2964,1993.0962
11-194,images/11-194.jpg,11,194,,Uncommon,True,True,,733.505,0.9991,5279,733.48,1968.192,1928,2008,695,772,733.5,bright,True,,1977.0653,2009.1959,1993.1306
11-195,images/11-195.jpg,11,195,,Super Rare,True,True,,733.627,0.9913,3454,733.735,1966.891,1929,2007,694,774,734.0,bright,True,,1976.7852,2009.283,1993.0341
11-196,images/11-196.jpg,11,196,,Uncommon,True,True,,733.505,0.9991,5279,733.48,1968.192,1928,2008,695,772,733.5,bright,True,,1976.9535,2009.2912,1993.1224
11-197,images/11-197.jpg,11,197,,Common,True,True,,733.574,0.9851,4493,733.637,1968.051,1930,2005,696,771,733.5,bright,True,,1976.7664,2009.2544,1993.0104
11-198,images/11-198.jpg,11,198,,Rare,True,True,,733.605,0.9932,4130,733.743,1980.145,1929,2007,686,782,734.0,bright,True,,1976.9083,2009.2886,1993.0985
11-199,images/11-199.jpg,11,199,,Uncommon,True,True,,733.505,0.9991,5279,733.48,1968.192,1928,2008,695,772,733.5,bright,True,,1976.9468,2009.2373,1993.092
11-2,images/11-2.jpg,11,2,,Common,True,True,,733.574,0.9851,4493,733.637,1968.051,1930,2005,696,771,733.5,bright,True,,1976.9093,2009.4235,1993.1664
11-2-PD1,images/11-2-PD1.jpg,11,2,PD1,Special,False,True,,712.5,0.8377,13568,707.328,1961.398,1889,2015,581,805,693.0,dark,True,,1976.7406,2009.3544,1993.0475
11-20,images/11-20.jpg,11,20,,Uncommon,True,True,,733.505,0.9991,5279,733.48,1968.192,1928,2008,695,772,733.5,bright,True,,1976.9309,2009.3843,1993.1576
11-200,images/11-200.jpg,11,200,,Common,True,True,,733.574,0.9851,4493,733.637,1968.051,1930,2005,696,771,733.5,bright,True,,1976.9812,2009.341,1993.1611
11-201,images/11-201.jpg,11,201,,Common,True,True,,733.574,0.9851,4493,733.637,1968.051,1930,2005,696,771,733.5,bright,True,,1976.93,2009.3862,1993.1581
11-202,images/11-202.jpg,11,202,,Rare,True,True,,733.605,0.9932,4130,733.743,1980.145,1929,2007,686,782,734.0,bright,True,,1977.0038,2009.409,1993.2064
11-203,images/11-203.jpg,11,203,,Rare,True,True,,733.605,0.9932,4130,733.743,1980.145,1929,2007,686,782,734.0,bright,True,,1976.9739,2009.3486,1993.1613
11-204,images/11-204.jpg,11,204,,Uncommon,True,False,no-core-component,,,,,,,,,,,,False,no-text,,,
11-205,images/11-205.jpg,11,205,,Epic,False,True,,733.048,0.9943,6651,733.12,1960.856,1918,2014,682,784,733.0,bright,True,,1976.8431,2009.3483,1993.0957
11-206,images/11-206.jpg,11,206,,Epic,False,True,,733.048,0.9943,6651,733.12,1960.856,1918,2014,682,784,733.0,bright,True,,1977.0767,2009.3454,1993.211
11-207,images/11-207.jpg,11,207,,Epic,False,True,,733.048,0.9943,6651,733.12,1960.856,1918,2014,682,784,733.0,bright,True,,1976.813,2009.3344,1993.0737
11-208,images/11-208.jpg,11,208,,Epic,False,True,,733.052,0.9941,6652,733.122,1960.85,1918,2014,682,784,733.0,bright,True,,1976.9915,2009.3353,1993.1634
11-209,images/11-209.jpg,11,209,,Epic,False,True,,733.052,0.9941,6652,733.122,1960.85,1918,2014,682,784,733.0,bright,True,,1976.9453,2009.3578,1993.1516
11-21,images/11-21.jpg,11,21,,Rare,True,True,,733.605,0.9932,4130,733.743,1980.145,1929,2007,686,782,734.0,bright,True,,1976.8908,2009.4244,1993.1576
11-210,images/11-210.jpg,11,210,,Epic,False,True,,733.052,0.9941,6652,733.122,1960.85,1918,2014,682,784,733.0,bright,True,,1976.9316,2009.3868,1993.1592
11-211,images/11-211.jpg,11,211,,Epic,False,True,,733.048,0.9943,6651,733.12,1960.856,1918,2014,682,784,733.0,bright,True,,1976.8704,2009.4282,1993.1493
11-212,images/11-212.jpg,11,212,,Epic,False,True,,733.048,0.9943,6651,733.12,1960.856,1918,2014,682,784,733.0,bright,True,,1976.953,2009.4509,1993.2019
11-213,images/11-213.jpg,11,213,,Epic,False,True,,733.048,0.9943,6651,733.12,1960.856,1918,2014,682,784,733.0,bright,True,,1976.926,2009.3899,1993.1579
11-214,images/11-214.jpg,11,214,,Epic,False,True,,733.048,0.9943,6651,733.12,1960.856,1918,2014,682,784,733.0,bright,True,,1977.0535,2009.3308,1993.1922
11-215,images/11-215.jpg,11,215,,Epic,False,True,,733.048,0.9943,6651,733.12,1960.856,1918,2014,682,784,733.0,bright,True,,1976.7862,2009.3904,1993.0883
11-216,images/11-216.jpg,11,216,,Epic,False,True,,733.048,0.9943,6651,733.12,1960.856,1918,2014,682,784,733.0,bright,True,,1976.9891,2009.3947,1993.1919
11-217,images/11-217.jpg,11,217,,Epic,False,True,,733.048,0.9943,6651,733.12,1960.856,1918,2014,682,784,733.0,bright,True,,1976.7743,2009.3671,1993.0707
11-218,images/11-218.jpg,11,218,,Epic,True,True,,733.048,0.9943,6651,733.12,1960.856,1918,2014,682,784,733.0,bright,True,,1976.9409,2009.3841,1993.1625
11-219,images/11-219.jpg,11,219,,Epic,False,True,,733.048,0.9943,6651,733.12,1960.856,1918,2014,682,784,733.0,bright,True,,1976.8972,2009.3986,1993.1479
11-22,images/11-22.jpg,11,22,,Legendary,True,True,,733.476,0.9949,6664,733.558,1970.253,1920,2012,683,783,733.0,bright,True,,1976.9774,2009.4466,1993.212
11-220,images/11-220.jpg,11,220,,Epic,False,True,,733.048,0.9943,6651,733.12,1960.856,1918,2014,682,784,733.0,bright,True,,1976.9965,2009.4112,1993.2038
11-221,images/11-221.jpg,11,221,,Epic,False,True,,733.048,0.9943,6651,733.12,1960.856,1918,2014,682,784,733.0,bright,True,,1976.9573,2009.4521,1993.2047
11-222,images/11-222.jpg,11,222,,Epic,False,True,,733.048,0.9943,6651,733.12,1960.856,1918,2014,682,784,733.0,bright,True,,1977.0577,2009.4611,1993.2594
11-223,images/11-223.jpg,11,223,,Enchanted,False,True,,733.704,0.7557,14607,764.717,1941.89,1891,2015,598,913,755.5,bright,True,,1977.1004,2009.4007,1993.2505
11-224,images/11-224.jpg,11,224,,Enchanted,False,True,,734.25,0.9833,7011,734.545,1966.267,1917,2016,690,783,736.5,bright,True,,1977.192,2009.3832,1993.2876
11-225,images/11-225.jpg,11,225,,Enchanted,False,True,,774.719,0.9325,11552,781.242,1876.459,1856,1900,629,913,771.0,bright,True,,1976.9748,2009.3848,1993.1798
11-226,images/11-226.jpg,11,226,,Enchanted,False,True,,733.507,0.9852,6699,733.459,1966.638,1917,2015,690,778,734.0,bright,True,,1977.0902,2009.3923,1993.2412
11-227,images/11-227.jpg,11,227,,Enchanted,True,True,,733.77,0.9827,6771,733.643,1966.355,1918,2015,690,778,734.0,bright,True,,1976.836,2009.3907,1993.1134
11-228,images/11-228.jpg,11,228,,Enchanted,False,True,,716.792,0.8487,26108,714.891,1959.531,1871,2031,619,832,725.5,bright,True,,1977.2174,2009.4001,1993.3087
11-229,images/11-229.jpg,11,229,,Enchanted,False,True,,744.558,0.929,13107,740.534,1887.922,1856,1911,592,903,747.5,bright,True,,1976.962,2009.3878,1993.1749
11-23,images/11-23.jpg,11,23,,Uncommon,True,True,,733.505,0.9991,5279,733.48,1968.192,1928,2008,695,772,733.5,bright,True,,1976.955,2009.3807,1993.1679
11-230,images/11-230.jpg,11,230,,Enchanted,False,True,,733.867,0.9361,7469,733.818,1971.674,1918,2031,691,788,739.5,bright,True,,1977.1372,2009.3183,1993.2278
11-231,images/11-231.jpg,11,231,,Enchanted,False,True,,733.996,0.846,14737,737.525,1927.77,1860,2016,623,854,738.5,bright,True,,1976.9946,2009.3784,1993.1865
11-232,images/11-232.jpg,11,232,,Enchanted,False,True,,733.5,1.0,63360,733.5,1943.5,1856,2031,554,913,733.5,bright,True,,1976.9353,2009.3953,1993.1653
11-233,images/11-233.jpg,11,233,,Enchanted,False,True,,733.879,0.8389,13442,735.492,1987.564,1892,2031,581,869,725.0,bright,True,,1977.0512,2009.3264,1993.1888
11-234,images/11-234.jpg,11,234,,Enchanted,False,True,,733.481,0.9738,37720,734.049,1978.993,1916,2031,554,913,733.5,dark,True,,1976.9435,2009.4236,1993.1835
11-235,images/11-235.jpg,11,235,,Enchanted,False,True,,734.068,0.986,12995,734.438,1991.625,1917,2031,580,889,734.5,bright,True,,1976.9194,2009.3814,1993.1504
11-236,images/11-236.jpg,11,236,,Enchanted,False,True,,733.816,0.6829,13104,734.455,1939.908,1871,2016,554,856,705.0,bright,True,,1977.2887,2009.3306,1993.3096
11-237,images/11-237.jpg,11,237,,Enchanted,False,True,,733.651,0.9654,25983,733.972,1991.854,1898,2031,554,913,733.5,dark,True,,1976.8093,2009.3639,1993.0866
11-238,images/11-238.jpg,11,238,,Enchanted,False,True,,677.417,0.5813,18097,697.271,1951.672,1868,2027,559,831,695.0,bright,True,,1977.0922,2009.3285,1993.2103
11-239,images/11-239.jpg,11,239,,Enchanted,False,True,,763.972,0.9627,52659,763.592,1942.92,1856,2031,589,913,751.0,bright,True,,1977.1622,2009.396,1993.2791
11-24,images/11-24.jpg,11,24,,Super Rare,True,True,,733.627,0.9913,3454,733.735,1966.891,1929,2007,694,774,734.0,bright,True,,1977.1289,2009.3143,1993.2216
11-240,images/11-240.jpg,11,240,,Enchanted,False,True,,733.84,0.9931,6837,733.813,1966.663,1917,2016,690,778,734.0,bright,True,,1977.3502,2009.3362,1993.3432
11-241,images/11-241.jpg,11,241,,Iconic,False,True,,711.464,0.6035,8981,723.144,1986.626,1921,2031,611,828,719.5,dark,False,text-height-29.0,,,
11-242,images/11-242.jpg,11,242,,Iconic,False,False,no-symmetry-peak,,0.5366,16272,761.827,1968.363,1896,2031,654,913,783.5,dark,False,text-height-29.0,,,
11-25,images/11-25.jpg,11,25,,Uncommon,True,True,,733.505,0.9991,5279,733.48,1968.192,1928,2008,695,772,733.5,bright,True,,1976.8109,2009.3799,1993.0954
11-26,images/11-26.jpg,11,26,,Rare,True,True,,733.605,0.9932,4130,733.743,1980.145,1929,2007,686,782,734.0,bright,True,,1977.0243,2009.3858,1993.205
11-27,images/11-27.jpg,11,27,,Common,True,True,,733.574,0.9851,4493,733.637,1968.051,1930,2005,696,771,733.5,bright,True,,1976.7621,2009.3749,1993.0685
11-28,images/11-28.jpg,11,28,,Super Rare,True,True,,733.627,0.9913,3454,733.735,1966.891,1929,2007,694,774,734.0,bright,True,,1976.9468,2009.3796,1993.1632
11-28-P3,images/11-28-P3.jpg,11,28,P3,Special,False,True,,733.508,0.9935,33518,733.661,1984.448,1918,2031,554,913,733.5,bright,True,,1976.8993,2009.232,1993.0656
11-29,images/11-29.jpg,11,29,,Rare,True,True,,733.605,0.9932,4130,733.743,1980.145,1929,2007,686,782,734.0,bright,True,,1976.9001,2009.4026,1993.1513
11-29-P3,images/11-29-P3.jpg,11,29,P3,Special,False,True,,733.508,0.9935,33518,733.661,1984.448,1918,2031,554,913,733.5,bright,True,,1976.8606,2009.2254,1993.043
11-3,images/11-3.jpg,11,3,,Uncommon,True,True,,733.505,0.9991,5279,733.48,1968.192,1928,2008,695,772,733.5,bright,True,,1976.8942,2009.32,1993.1071
11-30,images/11-30.jpg,11,30,,Common,True,True,,733.574,0.9851,4493,733.637,1968.051,1930,2005,696,771,733.5,bright,True,,1976.9187,2009.2939,1993.1063
11-30-P3,images/11-30-P3.jpg,11,30,P3,Special,False,True,,733.508,0.9935,33518,733.661,1984.448,1918,2031,554,913,733.5,bright,True,,1976.8428,2009.0855,1992.9641
11-31,images/11-31.jpg,11,31,,Uncommon,True,True,,733.505,0.9991,5279,733.48,1968.192,1928,2008,695,772,733.5,bright,True,,1976.8876,2009.3302,1993.1089
11-31-P3,images/11-31-P3.jpg,11,31,P3,Special,True,True,,724.042,0.8799,5297,727.453,1967.559,1925,2011,689,778,733.5,bright,True,,1976.8064,2009.146,1992.9762
11-32,images/11-32.jpg,11,32,,Legendary,True,True,,733.476,0.9949,6664,733.558,1970.253,1920,2012,683,783,733.0,bright,True,,1976.9534,2009.3807,1993.1671
11-32-P3,images/11-32-P3.jpg,11,32,P3,Special,False,True,,733.52,0.9933,33454,733.637,1984.565,1918,2031,554,913,733.5,bright,True,,1976.8676,2009.2538,1993.0607
11-33,images/11-33.jpg,11,33,,Rare,True,True,,733.605,0.9932,4130,733.743,1980.145,1929,2007,686,782,734.0,bright,True,,1976.9243,2009.2968,1993.1106
11-33-P3,images/11-33-P3.jpg,11,33,P3,Special,False,True,,733.564,0.9811,35433,732.95,1981.969,1917,2031,554,913,733.5,dark,True,,1976.8323,2009.0691,1992.9507
11-34,images/11-34.jpg,11,34,,Common,True,False,no-component,,,,,,,,,,,,False,text-clipped,,,
11-34-P3,images/11-34-P3.jpg,11,34,P3,Special,False,True,,733.564,0.9811,35438,732.946,1981.963,1917,2031,554,913,733.5,dark,True,,1976.8127,2009.1016,1992.9571
11-35,images/11-35.jpg,11,35,,Common,True,True,,733.574,0.9851,4493,733.637,1968.051,1930,2005,696,771,733.5,bright,True,,1976.7825,2009.2938,1993.0381
11-35-P3,images/11-35-P3.jpg,11,35,P3,Special,True,True,,724.042,0.8799,5297,727.453,1967.559,1925,2011,689,778,733.5,bright,True,,1976.7251,2009.1031,1992.9141
11-36,images/11-36.jpg,11,36,,Uncommon,True,True,,733.505,0.9991,5279,733.48,1968.192,1928,2008,695,772,733.5,bright,True,,1976.9787,2009.2974,1993.1381
11-37,images/11-37.jpg,11,37,,Common,True,True,,733.574,0.9851,4493,733.637,1968.051,1930,2005,696,771,733.5,bright,True,,1976.7644,2009.2687,1993.0165
11-38,images/11-38.jpg,11,38,,Common,True,True,,733.574,0.9851,4493,733.637,1968.051,1930,2005,696,771,733.5,bright,True,,1976.9265,2009.2885,1993.1075
11-39,images/11-39.jpg,11,39,,Uncommon,True,True,,733.505,0.9991,5279,733.48,1968.192,1928,2008,695,772,733.5,bright,True,,1976.8949,2009.2965,1993.0957
11-4,images/11-4.jpg,11,4,,Common,True,True,,733.574,0.9851,4493,733.637,1968.051,1930,2005,696,771,733.5,bright,True,,1977.2982,2009.1704,1993.2343
11-40,images/11-40.jpg,11,40,,Common,True,True,,733.574,0.9851,4493,733.637,1968.051,1930,2005,696,771,733.5,bright,True,,1977.1852,2009.178,1993.1816
11-41,images/11-41.jpg,11,41,,Uncommon,True,True,,733.505,0.9991,5279,733.48,1968.192,1928,2008,695,772,733.5,bright,True,,1977.2136,2009.1875,1993.2006
11-42,images/11-42.jpg,11,42,,Super Rare,True,True,,733.627,0.9913,3454,733.735,1966.891,1929,2007,694,774,734.0,bright,True,,1977.111,2009.3176,1993.2143
11-42-P3,images/11-42-P3.jpg,11,42,P3,Special,False,True,,725.05,0.8835,6714,727.446,1966.807,1910,2015,685,783,734.0,dark,True,,1976.8282,2009.2607,1993.0445
11-43,images/11-43.jpg,11,43,,Common,True,True,,733.574,0.9851,4493,733.637,1968.051,1930,2005,696,771,733.5,bright,True,,1977.1117,2009.2012,1993.1565
11-44,images/11-44.jpg,11,44,,Uncommon,True,True,,733.505,0.9991,5279,733.48,1968.192,1928,2008,695,772,733.5,bright,True,,1977.6507,2009.0627,1993.3567
11-45,images/11-45.jpg,11,45,,Rare,True,True,,733.605,0.9932,4130,733.743,1980.145,1929,2007,686,782,734.0,bright,True,,1976.8964,2009.1955,1993.046
11-46,images/11-46.jpg,11,46,,Uncommon,True,True,,733.505,0.9991,5279,733.48,1968.192,1928,2008,695,772,733.5,bright,True,,1977.4345,2009.1659,1993.3002
11-47,images/11-47.jpg,11,47,,Rare,True,True,,733.605,0.9932,4130,733.743,1980.145,1929,2007,686,782,734.0,bright,True,,1976.8472,2009.1905,1993.0188
11-48,images/11-48.jpg,11,48,,Legendary,True,True,,733.476,0.9949,6664,733.558,1970.253,1920,2012,683,783,733.0,bright,True,,1977.2116,2009.1601,1993.1858
11-49,images/11-49.jpg,11,49,,Rare,True,True,,733.605,0.9932,4130,733.743,1980.145,1929,2007,686,782,734.0,bright,True,,1977.1083,2009.1785,1993.1434
11-5,images/11-5.jpg,11,5,,Common,True,True,,733.574,0.9851,4493,733.637,1968.051,1930,2005,696,771,733.5,bright,True,,1976.7525,2009.3166,1993.0345
11-50,images/11-50.jpg,11,50,,Legendary,True,True,,733.476,0.9949,6664,733.558,1970.253,1920,2012,683,783,733.0,bright,True,,1976.7816,2009.2916,1993.0366
11-51,images/11-51.jpg,11,51,,Rare,True,True,,733.605,0.9932,4130,733.743,1980.145,1929,2007,686,782,734.0,bright,True,,1976.7481,2009.3229,1993.0355
11-52,images/11-52.jpg,11,52,,Uncommon,True,True,,733.505,0.9991,5279,733.48,1968.192,1928,2008,695,772,733.5,bright,True,,1976.8092,2009.3798,1993.0945
11-53,images/11-53.jpg,11,53,,Rare,True,True,,733.605,0.9932,4130,733.743,1980.145,1929,2007,686,782,734.0,bright,True,,1976.7857,2009.2921,1993.0389
11-54,images/11-54.jpg,11,54,,Common,True,True,,733.574,0.9851,4493,733.637,1968.051,1930,2005,696,771,733.5,bright,True,,1976.8977,2009.1962,1993.0469
11-55,images/11-55.jpg,11,55,,Uncommon,True,True,,733.505,0.9991,5279,733.48,1968.192,1928,2008,695,772,733.5,bright,True,,1976.6873,2009.2849,1992.9861
11-56,images/11-56.jpg,11,56,,Common,True,True,,733.574,0.9851,4493,733.637,1968.051,1930,2005,696,771,733.5,bright,True,,1976.8257,2009.2937,1993.0597
11-57,images/11-57.jpg,11,57,,Rare,True,True,,733.605,0.9932,4130,733.743,1980.145,1929,2007,686,782,734.0,bright,True,,1976.6747,2009.2588,1992.9668
11-58,images/11-58.jpg,11,58,,Common,True,True,,733.574,0.9851,4493,733.637,1968.051,1930,2005,696,771,733.5,bright,True,,1976.7953,2009.2827,1993.039
11-59,images/11-59.jpg,11,59,,Common,True,True,,733.574,0.9851,4493,733.637,1968.051,1930,2005,696,771,733.5,bright,True,,1976.7723,2009.2829,1993.0276
11-6,images/11-6.jpg,11,6,,Common,True,True,,733.574,0.9851,4493,733.637,1968.051,1930,2005,696,771,733.5,bright,True,,1977.0475,2009.2835,1993.1655
11-60,images/11-60.jpg,11,60,,Super Rare,True,True,,733.627,0.9913,3454,733.735,1966.891,1929,2007,694,774,734.0,bright,True,,1977.0255,2009.2661,1993.1458
11-61,images/11-61.jpg,11,61,,Rare,True,True,,733.605,0.9932,4130,733.743,1980.145,1929,2007,686,782,734.0,bright,True,,1977.0135,2009.2893,1993.1514
11-62,images/11-62.jpg,11,62,,Common,True,True,,733.574,0.9851,4493,733.637,1968.051,1930,2005,696,771,733.5,bright,True,,1977.0269,2009.3839,1993.2054
11-63,images/11-63.jpg,11,63,,Common,True,True,,733.574,0.9851,4493,733.637,1968.051,1930,2005,696,771,733.5,bright,True,,1976.9861,2009.2967,1993.1414
11-64,images/11-64.jpg,11,64,,Super Rare,True,True,,733.627,0.9913,3454,733.735,1966.891,1929,2007,694,774,734.0,bright,True,,1977.4459,2009.1647,1993.3053
11-65,images/11-65.jpg,11,65,,Uncommon,True,True,,733.505,0.9991,5279,733.48,1968.192,1928,2008,695,772,733.5,bright,True,,1976.8263,2009.296,1993.0611
11-66,images/11-66.jpg,11,66,,Rare,True,True,,733.605,0.9932,4130,733.743,1980.145,1929,2007,686,782,734.0,bright,True,,1977.2209,2009.269,1993.245
11-67,images/11-67.jpg,11,67,,Common,True,True,,733.574,0.9851,4493,733.637,1968.051,1930,2005,696,771,733.5,bright,True,,1976.7881,2009.2946,1993.0414
11-68,images/11-68.jpg,11,68,,Uncommon,True,True,,812.156,0.9545,13470,811.347,1890.699,1856,1938,700,913,806.5,bright,False,text-too-thin,,,
11-69,images/11-69.jpg,11,69,,Super Rare,True,True,,733.627,0.9913,3454,733.735,1966.891,1929,2007,694,774,734.0,bright,True,,1976.9732,2009.2835,1993.1284
11-7,images/11-7.jpg,11,7,,Rare,True,True,,733.605,0.9932,4130,733.743,1980.145,1929,2007,686,782,734.0,bright,True,,1976.7189,2009.3074,1993.0131
11-70,images/11-70.jpg,11,70,,Common,True,True,,733.574,0.9851,4493,733.637,1968.051,1930,2005,696,771,733.5,bright,True,,1976.7653,2009.2658,1993.0155
11-71,images/11-71.jpg,11,71,,Uncommon,True,True,,733.505,0.9991,5279,733.48,1968.192,1928,2008,695,772,733.5,bright,True,,1976.7211,2009.3098,1993.0154
11-72,images/11-72.jpg,11,72,,Common,True,True,,733.574,0.9851,4493,733.637,1968.051,1930,2005,696,771,733.5,bright,True,,1976.7707,2009.3756,1993.0731
11-73,images/11-73.jpg,11,73,,Common,True,True,,733.574,0.9851,4493,733.637,1968.051,1930,2005,696,771,733.5,bright,True,,1976.7623,2009.2673,1993.0148
11-74,images/11-74.jpg,11,74,,Uncommon,True,True,,733.505,0.9991,5279,733.48,1968.192,1928,2008,695,772,733.5,bright,True,,1976.8482,2009.1914,1993.0198
11-75,images/11-75.jpg,11,75,,Rare,True,True,,733.605,0.9932,4130,733.743,1980.145,1929,2007,686,782,734.0,bright,True,,1976.6768,2009.2547,1992.9657
11-76,images/11-76.jpg,11,76,,Common,True,True,,733.574,0.9851,4493,733.637,1968.051,1930,2005,696,771,733.5,bright,True,,1976.7835,2009.29,1993.0367
11-77,images/11-77.jpg,11,77,,Super Rare,True,True,,733.627,0.9913,3454,733.735,1966.891,1929,2007,694,774,734.0,bright,True,,1976.6676,2009.2256,1992.9466
11-78,images/11-78.jpg,11,78,,Common,True,True,,733.574,0.9851,4493,733.637,1968.051,1930,2005,696,771,733.5,bright,True,,1976.7729,2009.2664,1993.0196
11-79,images/11-79.jpg,11,79,,Rare,True,True,,733.605,0.9932,4130,733.743,1980.145,1929,2007,686,782,734.0,bright,True,,1976.7547,2009.2522,1993.0034
11-8,images/11-8.jpg,11,8,,Common,True,True,,733.574,0.9851,4493,733.637,1968.051,1930,2005,696,771,733.5,bright,True,,1976.9495,2009.2865,1993.118
11-80,images/11-80.jpg,11,80,,Common,True,True,,733.574,0.9851,4493,733.637,1968.051,1930,2005,696,771,733.5,bright,True,,1976.9479,2009.2769,1993.1124
11-81,images/11-81.jpg,11,81,,Common,True,True,,733.574,0.9851,4493,733.637,1968.051,1930,2005,696,771,733.5,bright,True,,1976.9368,2009.2974,1993.1171
11-82,images/11-82.jpg,11,82,,Uncommon,True,True,,733.505,0.9991,5279,733.48,1968.192,1928,2008,695,772,733.5,bright,True,,1976.9457,2009.3807,1993.1632
11-83,images/11-83.jpg,11,83,,Super Rare,True,True,,733.627,0.9913,3454,733.735,1966.891,1929,2007,694,774,734.0,bright,True,,1976.9203,2009.2924,1993.1064
11-84,images/11-84.jpg,11,84,,Rare,True,True,,733.605,0.9932,4130,733.743,1980.145,1929,2007,686,782,734.0,bright,True,,1977.2118,2009.1627,1993.1872
11-85,images/11-85.jpg,11,85,,Common,True,True,,733.574,0.9851,4493,733.637,1968.051,1930,2005,696,771,733.5,bright,True,,1976.7905,2009.2846,1993.0375
11-86,images/11-86.jpg,11,86,,Uncommon,True,True,,733.505,0.9991,5279,733.48,1968.192,1928,2008,695,772,733.5,bright,True,,1977.0809,2009.267,1993.174
11-87,images/11-87.jpg,11,87,,Common,True,True,,733.574,0.9851,4493,733.637,1968.051,1930,2005,696,771,733.5,bright,True,,1976.7702,2009.2617,1993.0159
11-88,images/11-88.jpg,11,88,,Rare,True,True,,733.605,0.9932,4130,733.743,1980.145,1929,2007,686,782,734.0,bright,True,,1976.9524,2009.2687,1993.1106
11-89,images/11-89.jpg,11,89,,Uncommon,True,True,,733.505,0.9991,5279,733.48,1968.192,1928,2008,695,772,733.5,bright,True,,1976.9089,2009.2802,1993.0945
11-9,images/11-9.jpg,11,9,,Common,True,True,,733.574,0.9851,4493,733.637,1968.051,1930,2005,696,771,733.5,bright,True,,1976.8964,2009.3009,1993.0987
11-90,images/11-90.jpg,11,90,,Rare,True,True,,733.605,0.9932,4130,733.743,1980.145,1929,2007,686,782,734.0,bright,True,,1976.9073,2009.2811,1993.0942
11-91,images/11-91.jpg,11,91,,Uncommon,True,True,,733.505,0.9991,5279,733.48,1968.192,1928,2008,695,772,733.5,bright,True,,1976.8895,2009.314,1993.1018
11-92,images/11-92.jpg,11,92,,Legendary,True,True,,733.5,1.0,63360,733.5,1943.5,1856,2031,554,913,733.5,bright,True,,1976.8963,2009.4037,1993.15
11-93,images/11-93.jpg,11,93,,Legendary,True,True,,733.476,0.9949,6664,733.558,1970.253,1920,2012,683,783,733.0,bright,True,,1976.8992,2009.2924,1993.0958
11-94,images/11-94.jpg,11,94,,Common,True,True,,733.574,0.9851,4493,733.637,1968.051,1930,2005,696,771,733.5,bright,True,,1977.1049,2009.1792,1993.142
11-95,images/11-95.jpg,11,95,,Common,True,True,,733.574,0.9851,4493,733.637,1968.051,1930,2005,696,771,733.5,bright,True,,1976.7746,2009.2828,1993.0287
11-96,images/11-96.jpg,11,96,,Rare,True,True,,733.605,0.9932,4130,733.743,1980.145,1929,2007,686,782,734.0,bright,True,,1976.9725,2009.2815,1993.127
11-97,images/11-97.jpg,11,97,,Uncommon,True,True,,733.505,0.9991,5279,733.48,1968.192,1928,2008,695,772,733.5,bright,True,,1976.7596,2009.2519,1993.0057
11-98,images/11-98.jpg,11,98,,Uncommon,True,True,,733.505,0.9991,5279,733.48,1968.192,1928,2008,695,772,733.5,bright,True,,1976.9122,2009.2788,1993.0955
11-99,images/11-99.jpg,11,99,,Uncommon,True,True,,733.505,0.9991,5279,733.48,1968.192,1928,2008,695,772,733.5,bright,True,,1976.9613,2009.2197,1993.0905
12-1,images/12-1.jpg,12,1,,Common,True,True,,733.574,0.9851,4493,733.637,1968.051,1930,2005,696,771,733.5,bright,True,,1976.8916,2009.4253,1993.1585
12-10,images/12-10.jpg,12,10,,Rare,True,True,,733.605,0.9932,4130,733.743,1980.145,1929,2007,686,782,734.0,bright,True,,1976.9403,2009.3848,1993.1625
12-100,images/12-100.jpg,12,100,,Uncommon,True,True,,733.505,0.9991,5279,733.48,1968.192,1928,2008,695,772,733.5,bright,True,,1976.966,2009.3444,1993.1552
12-101,images/12-101.jpg,12,101,,Common,True,True,,733.574,0.9851,4493,733.637,1968.051,1930,2005,696,771,733.5,bright,True,,1976.908,2009.3903,1993.1492
12-102,images/12-102.jpg,12,102,,Rare,True,False,no-core-component,,,,,,,,,,,,False,text-clipped,,,
12-103,images/12-103.jpg,12,103,,Rare,True,True,,733.605,0.9932,4130,733.743,1980.145,1929,2007,686,782,734.0,bright,True,,1976.9762,2009.3411,1993.1587
12-104,images/12-104.jpg,12,104,,Common,True,True,,733.574,0.9851,4493,733.637,1968.051,1930,2005,696,771,733.5,bright,True,,1977.0732,2009.3041,1993.1887
12-105,images/12-105.jpg,12,105,,Common,True,True,,733.574,0.9851,4493,733.637,1968.051,1930,2005,696,771,733.5,bright,True,,1976.8405,2009.3402,1993.0904
12-106,images/12-106.jpg,12,106,,Common,True,True,,733.574,0.9851,4493,733.637,1968.051,1930,2005,696,771,733.5,bright,True,,1977.0507,2009.3498,1993.2003
12-107,images/12-107.jpg,12,107,,Common,True,True,,733.574,0.9851,4493,733.637,1968.051,1930,2005,696,771,733.5,bright,True,,1976.7986,2009.3372,1993.0679
12-108,images/12-108.jpg,12,108,,Common,True,True,,733.574,0.9851,4493,733.637,1968.051,1930,2005,696,771,733.5,bright,True,,1976.9785,2009.3386,1993.1586
12-109,images/12-109.jpg,12,109,,Uncommon,True,True,,733.505,0.9991,5279,733.48,1968.192,1928,2008,695,772,733.5,bright,True,,1976.9371,2009.3545,1993.1458
12-11,images/12-11.jpg,12,11,,Uncommon,True,True,,733.505,0.9991,5279,733.48,1968.192,1928,2008,695,772,733.5,bright,True,,1976.8888,2009.4283,1993.1586
12-110,images/12-110.jpg,12,110,,Common,True,True,,733.574,0.9851,4493,733.637,1968.051,1930,2005,696,771,733.5,bright,True,,1976.9102,2009.3913,1993.1507
12-111,images/12-111.jpg,12,111,,Common,True,True,,733.574,0.9851,4493,733.637,1968.051,1930,2005,696,771,733.5,bright,True,,1976.8705,2009.4237,1993.1471
12-112,images/12-112.jpg,12,112,,Common,True,True,,733.574,0.9851,4493,733.637,1968.051,1930,2005,696,771,733.5,bright,True,,1976.9512,2009.4492,1993.2002
12-113,images/12-113.jpg,12,113,,Uncommon,True,True,,733.505,0.9991,5279,733.48,1968.192,1928,2008,695,772,733.5,bright,True,,1976.9357,2009.3831,1993.1594
12-114,images/12-114.jpg,12,114,,Uncommon,True,True,,733.505,0.9991,5279,733.48,1968.192,1928,2008,695,772,733.5,bright,True,,1977.0568,2009.3245,1993.1907
12-115,images/12-115.jpg,12,115,,Uncommon,True,True,,733.505,0.9991,5279,733.48,1968.192,1928,2008,695,772,733.5,bright,True,,1976.7999,2009.3824,1993.0911
12-116,images/12-116.jpg,12,116,,Uncommon,True,True,,733.505,0.9991,5279,733.48,1968.192,1928,2008,695,772,733.5,bright,True,,1976.987,2009.387,1993.187
12-117,images/12-117.jpg,12,117,,Uncommon,True,True,,733.505,0.9991,5279,733.48,1968.192,1928,2008,695,772,733.5,bright,True,,1976.7702,2009.3731,1993.0716
12-118,images/12-118.jpg,12,118,,Uncommon,True,True,,733.505,0.9991,5279,733.48,1968.192,1928,2008,695,772,733.5,bright,True,,1976.9265,2009.3849,1993.1557
12-119,images/12-119.jpg,12,119,,Rare,True,True,,733.605,0.9932,4130,733.743,1980.145,1929,2007,686,782,734.0,bright,True,,1976.8989,2009.3958,1993.1474
12-12,images/12-12.jpg,12,12,,Rare,True,True,,733.605,0.9932,4130,733.743,1980.145,1929,2007,686,782,734.0,bright,True,,1976.9605,2009.4488,1993.2047
12-120,images/12-120.jpg,12,120,,Rare,True,True,,733.605,0.9932,4130,733.743,1980.145,1929,2007,686,782,734.0,bright,True,,1977.0105,2009.4087,1993.2096
12-121,images/12-121.jpg,12,121,,Super Rare,True,True,,733.627,0.9913,3454,733.735,1966.891,1929,2007,694,774,734.0,bright,True,,1976.9475,2009.4475,1993.1975
12-122,images/12-122.jpg,12,122,,Rare,True,True,,733.605,0.9932,4130,733.743,1980.145,1929,2007,686,782,734.0,bright,True,,1977.0549,2009.461,1993.258
12-123,images/12-123.jpg,12,123,,Super Rare,True,True,,733.627,0.9913,3454,733.735,1966.891,1929,2007,694,774,734.0,bright,True,,1977.0128,2009.4111,1993.212
12-124,images/12-124.jpg,12,124,,Rare,True,True,,733.605,0.9932,4130,733.743,1980.145,1929,2007,686,782,734.0,bright,True,,1977.0137,2009.4164,1993.2151
12-125,images/12-125.jpg,12,125,,Super Rare,True,True,,733.627,0.9913,3454,733.735,1966.891,1929,2007,694,774,734.0,bright,True,,1976.8558,2009.4134,1993.1346
12-126,images/12-126.jpg,12,126,,Legendary,True,True,,733.48,0.9949,6658,733.564,1970.24,1920,2012,683,783,733.0,bright,True,,1977.1229,2009.4181,1993.2705
12-127,images/12-127.jpg,12,127,,Legendary,True,True,,733.48,0.9949,6658,733.564,1970.24,1920,2012,683,783,733.0,bright,True,,1976.8054,2009.4154,1993.1104
12-128,images/12-128.jpg,12,128,,Common,True,True,,733.574,0.9851,4493,733.637,1968.051,1930,2005,696,771,733.5,bright,True,,1977.0225,2009.4121,1993.2173
12-129,images/12-129.jpg,12,129,,Common,True,True,,733.574,0.9851,4493,733.637,1968.051,1930,2005,696,771,733.5,bright,True,,1976.9403,2009.4426,1993.1915
12-13,images/12-13.jpg,12,13,,Uncommon,True,True,,733.505,0.9991,5279,733.48,1968.192,1928,2008,695,772,733.5,bright,True,,1976.9393,2009.3823,1993.1608
12-130,images/12-130.jpg,12,130,,Uncommon,True,True,,733.505,0.9991,5279,733.48,1968.192,1928,2008,695,772,733.5,bright,True,,1976.9765,2009.3399,1993.1582
12-131,images/12-131.jpg,12,131,,Common,True,True,,733.574,0.9851,4493,733.637,1968.051,1930,2005,696,771,733.5,bright,True,,1976.9315,2009.3827,1993.1571
12-132,images/12-132.jpg,12,132,,Rare,True,True,,733.605,0.9932,4130,733.743,1980.145,1929,2007,686,782,734.0,bright,True,,1976.9973,2009.4129,1993.2051
12-133,images/12-133.jpg,12,133,,Common,True,True,,733.574,0.9851,4493,733.637,1968.051,1930,2005,696,771,733.5,bright,True,,1976.9807,2009.3477,1993.1642
12-134,images/12-134.jpg,12,134,,Uncommon,True,True,,733.505,0.9991,5279,733.48,1968.192,1928,2008,695,772,733.5,bright,True,,1977.003,2009.3351,1993.169
12-135,images/12-135.jpg,12,135,,Rare,True,False,no-core-component,,,,,,,,,,,,False,text-clipped,,,
12-136,images/12-136.jpg,12,136,,Rare,True,False,no-core-component,,,,,,,,,,,,False,text-too-thin,,,
12-137,images/12-137.jpg,12,137,,Common,True,True,,733.574,0.9851,4493,733.637,1968.051,1930,2005,696,771,733.5,bright,True,,1976.8085,2009.3363,1993.0724
12-138,images/12-138.jpg,12,138,,Common,True,True,,733.574,0.9851,4493,733.637,1968.051,1930,2005,696,771,733.5,bright,True,,1976.9941,2009.3377,1993.1659
12-139,images/12-139.jpg,12,139,,Uncommon,True,True,,733.505,0.9991,5279,733.48,1968.192,1928,2008,695,772,733.5,bright,True,,1976.9506,2009.3558,1993.1532
12-14,images/12-14.jpg,12,14,,Uncommon,True,True,,733.505,0.9991,5279,733.48,1968.192,1928,2008,695,772,733.5,bright,True,,1977.1199,2009.3192,1993.2196
12-140,images/12-140.jpg,12,140,,Common,True,True,,733.574,0.9851,4493,733.637,1968.051,1930,2005,696,771,733.5,bright,True,,1977.0622,2009.3077,1993.185
12-141,images/12-141.jpg,12,141,,Rare,True,True,,733.605,0.9932,4130,733.743,1980.145,1929,2007,686,782,734.0,bright,True,,1977.0594,2009.3245,1993.1919
12-142,images/12-142.jpg,12,142,,Common,True,True,,733.574,0.9851,4493,733.637,1968.051,1930,2005,696,771,733.5,bright,True,,1977.0175,2009.4184,1993.218
12-143,images/12-143.jpg,12,143,,Common,True,True,,733.574,0.9851,4493,733.637,1968.051,1930,2005,696,771,733.5,bright,True,,1977.0132,2009.3368,1993.175
12-144,images/12-144.jpg,12,144,,Common,True,True,,733.574,0.9851,4493,733.637,1968.051,1930,2005,696,771,733.5,bright,True,,1977.3858,2009.2328,1993.3093
12-145,images/12-145.jpg,12,145,,Super Rare,True,True,,733.627,0.9913,3454,733.735,1966.891,1929,2007,694,774,734.0,bright,True,,1976.8656,2009.3328,1993.0992
12-146,images/12-146.jpg,12,146,,Uncommon,True,True,,733.505,0.9991,5279,733.48,1968.192,1928,2008,695,772,733.5,bright,True,,1977.2432,2009.3077,1993.2754
12-147,images/12-147.jpg,12,147,,Common,True,True,,733.574,0.9851,4493,733.637,1968.051,1930,2005,696,771,733.5,bright,True,,1976.835,2009.3229,1993.0789
12-148,images/12-148.jpg,12,148,,Uncommon,True,True,,733.505,0.9991,5279,733.48,1968.192,1928,2008,695,772,733.5,bright,True,,1977.0753,2009.3121,1993.1937
12-149,images/12-149.jpg,12,149,,Rare,True,True,,733.605,0.9932,4130,733.743,1980.145,1929,2007,686,782,734.0,bright,True,,1977.0174,2009.3211,1993.1692
12-15,images/12-15.jpg,12,15,,Legendary,True,True,,733.483,0.9947,6659,733.565,1970.232,1920,2012,683,783,733.0,bright,True,,1976.8033,2009.3774,1993.0903
12-150,images/12-150.jpg,12,150,,Super Rare,True,True,,733.627,0.9913,3454,733.735,1966.891,1929,2007,694,774,734.0,bright,True,,1976.8439,2009.3377,1993.0908
12-151,images/12-151.jpg,12,151,,Uncommon,True,True,,733.505,0.9991,5279,733.48,1968.192,1928,2008,695,772,733.5,bright,True,,1976.8007,2009.3823,1993.0915
12-152,images/12-152.jpg,12,152,,Common,True,True,,733.574,0.9851,4493,733.637,1968.051,1930,2005,696,771,733.5,bright,True,,1976.8623,2009.4107,1993.1365
12-153,images/12-153.jpg,12,153,,Super Rare,True,True,,733.627,0.9913,3454,733.735,1966.891,1929,2007,694,774,734.0,bright,True,,1976.8475,2009.3453,1993.0964
12-154,images/12-154.jpg,12,154,,Rare,True,True,,733.605,0.9932,4130,733.743,1980.145,1929,2007,686,782,734.0,bright,True,,1976.8598,2009.3344,1993.0971
12-155,images/12-155.jpg,12,155,,Rare,True,True,,733.605,0.9932,4130,733.743,1980.145,1929,2007,686,782,734.0,bright,True,,1976.7444,2009.3455,1993.045
12-156,images/12-156.jpg,12,156,,Common,True,True,,733.574,0.9851,4493,733.637,1968.051,1930,2005,696,771,733.5,bright,True,,1976.8977,2009.3415,1993.1196
12-157,images/12-157.jpg,12,157,,Rare,True,True,,733.605,0.9932,4130,733.743,1980.145,1929,2007,686,782,734.0,bright,True,,1976.7245,2009.3273,1993.0259
12-158,images/12-158.jpg,12,158,,Uncommon,True,True,,733.505,0.9991,5279,733.48,1968.192,1928,2008,695,772,733.5,bright,True,,1976.8617,2009.3321,1993.0969
12-159,images/12-159.jpg,12,159,,Uncommon,True,True,,733.505,0.9991,5279,733.48,1968.192,1928,2008,695,772,733.5,bright,True,,1976.8295,2009.3465,1993.088
12-16,images/12-16.jpg,12,16,,Uncommon,True,True,,733.505,0.9991,5279,733.48,1968.192,1928,2008,695,772,733.5,bright,True,,1977.041,2009.3854,1993.2132
12-160,images/12-160.jpg,12,160,,Legendary,True,True,,733.48,0.9949,6658,733.564,1970.24,1920,2012,683,783,733.0,bright,True,,1977.0626,2009.3519,1993.2073
12-161,images/12-161.jpg,12,161,,Legendary,True,True,,733.48,0.9949,6658,733.564,1970.24,1920,2012,683,783,733.0,bright,True,,1976.9955,2009.3869,1993.1912
12-162,images/12-162.jpg,12,162,,Common,True,True,,733.574,0.9851,4493,733.637,1968.051,1930,2005,696,771,733.5,bright,True,,1977.129,2009.4195,1993.2742
12-163,images/12-163.jpg,12,163,,Rare,True,True,,733.605,0.9932,4130,733.743,1980.145,1929,2007,686,782,734.0,bright,True,,1977.0887,2009.3484,1993.2185
12-164,images/12-164.jpg,12,164,,Rare,True,True,,733.605,0.9932,4130,733.743,1980.145,1929,2007,686,782,734.0,bright,True,,1977.2485,2009.3095,1993.279
12-165,images/12-165.jpg,12,165,,Uncommon,True,True,,733.505,0.9991,5279,733.48,1968.192,1928,2008,695,772,733.5,bright,True,,1976.8916,2009.3513,1993.1214
12-166,images/12-166.jpg,12,166,,Common,True,True,,733.574,0.9851,4493,733.637,1968.051,1930,2005,696,771,733.5,bright,True,,1977.2237,2009.3527,1993.2882
12-167,images/12-167.jpg,12,167,,Rare,True,True,,733.605,0.9932,4130,733.743,1980.145,1929,2007,686,782,734.0,bright,True,,1976.7971,2009.3838,1993.0905
12-168,images/12-168.jpg,12,168,,Uncommon,True,True,,733.505,0.9991,5279,733.48,1968.192,1928,2008,695,772,733.5,bright,True,,1977.1097,2009.3423,1993.226
12-169,images/12-169.jpg,12,169,,Uncommon,True,True,,733.505,0.9991,5279,733.48,1968.192,1928,2008,695,772,733.5,bright,True,,1976.9781,2009.3814,1993.1798
12-17,images/12-17.jpg,12,17,,Common,True,True,,733.574,0.9851,4493,733.637,1968.051,1930,2005,696,771,733.5,bright,True,,1976.7607,2009.3794,1993.0701
12-170,images/12-170.jpg,12,170,,Common,True,False,no-component,,,,,,,,,,,,False,text-clipped,,,
12-171,images/12-171.jpg,12,171,,Rare,True,True,,733.605,0.9932,4130,733.743,1980.145,1929,2007,686,782,734.0,bright,True,,1976.7746,2009.3741,1993.0743
12-172,images/12-172.jpg,12,172,,Super Rare,True,True,,733.627,0.9913,3454,733.735,1966.891,1929,2007,694,774,734.0,bright,True,,1976.7991,2009.4241,1993.1116
12-173,images/12-173.jpg,12,173,,Common,True,True,,733.574,0.9851,4493,733.637,1968.051,1930,2005,696,771,733.5,bright,True,,1976.7989,2009.3421,1993.0705
12-174,images/12-174.jpg,12,174,,Common,True,True,,733.574,0.9851,4493,733.637,1968.051,1930,2005,696,771,733.5,bright,True,,1976.8243,2009.3275,1993.0759
12-175,images/12-175.jpg,12,175,,Common,True,True,,733.574,0.9851,4493,733.637,1968.051,1930,2005,696,771,733.5,bright,True,,1976.7153,2009.3346,1993.0249
12-176,images/12-176.jpg,12,176,,Common,True,True,,733.574,0.9851,4493,733.637,1968.051,1930,2005,696,771,733.5,bright,True,,1976.8008,2009.3769,1993.0889
12-177,images/12-177.jpg,12,177,,Common,True,True,,733.574,0.9851,4493,733.637,1968.051,1930,2005,696,771,733.5,bright,True,,1976.7016,2009.3176,1993.0096
12-178,images/12-178.jpg,12,178,,Common,True,True,,733.574,0.9851,4493,733.637,1968.051,1930,2005,696,771,733.5,bright,True,,1976.8073,2009.3416,1993.0745
12-179,images/12-179.jpg,12,179,,Common,True,True,,733.574,0.9851,4493,733.637,1968.051,1930,2005,696,771,733.5,bright,True,,1976.7958,2009.3369,1993.0663
12-18,images/12-18.jpg,12,18,,Rare,True,True,,733.605,0.9932,4130,733.743,1980.145,1929,2007,686,782,734.0,bright,True,,1976.9501,2009.384,1993.167
12-180,images/12-180.jpg,12,180,,Common,True,True,,733.574,0.9851,4493,733.637,1968.051,1930,2005,696,771,733.5,bright,True,,1976.9784,2009.3422,1993.1603
12-181,images/12-181.jpg,12,181,,Uncommon,True,True,,733.505,0.9991,5279,733.48,1968.192,1928,2008,695,772,733.5,bright,True,,1976.924,2009.3845,1993.1542
12-182,images/12-182.jpg,12,182,,Common,True,True,,733.574,0.9851,4493,733.637,1968.051,1930,2005,696,771,733.5,bright,True,,1977.0241,2009.4123,1993.2182
12-183,images/12-183.jpg,12,183,,Common,True,True,,733.574,0.9851,4493,733.637,1968.051,1930,2005,696,771,733.5,bright,True,,1976.9933,2009.3403,1993.1668
12-184,images/12-184.jpg,12,184,,Uncommon,True,True,,733.505,0.9991,5279,733.48,1968.192,1928,2008,695,772,733.5,bright,True,,1977.0784,2009.3114,1993.1949
12-185,images/12-185.jpg,12,185,,Uncommon,True,True,,733.505,0.9991,5279,733.48,1968.192,1928,2008,695,772,733.5,bright,True,,1976.857,2009.3364,1993.0967
12-186,images/12-186.jpg,12,186,,Uncommon,True,True,,733.505,0.9991,5279,733.48,1968.192,1928,2008,695,772,733.5,bright,True,,1977.1045,2009.3391,1993.2218
12-187,images/12-187.jpg,12,187,,Rare,True,True,,733.605,0.9932,4130,733.743,1980.145,1929,2007,686,782,734.0,bright,True,,1976.8094,2009.3402,1993.0748
12-188,images/12-188.jpg,12,188,,Uncommon,True,True,,733.505,0.9991,5279,733.48,1968.192,1928,2008,695,772,733.5,bright,True,,1976.9881,2009.3406,1993.1644
12-189,images/12-189.jpg,12,189,,Uncommon,True,True,,733.505,0.9991,5279,733.48,1968.192,1928,2008,695,772,733.5,bright,True,,1976.9372,2009.3646,1993.1509
12-19,images/12-19.jpg,12,19,,Rare,True,True,,733.605,0.9932,4130,733.743,1980.145,1929,2007,686,782,734.0,bright,True,,1976.895,2009.4049,1993.1499
12-190,images/12-190.jpg,12,190,,Rare,True,True,,733.605,0.9932,4130,733.743,1980.145,1929,2007,686,782,734.0,bright,True,,1976.9355,2009.3538,1993.1446
12-191,images/12-191.jpg,12,191,,Legendary,True,True,,733.476,0.9947,6659,733.564,1970.232,1920,2012,683,783,733.0,bright,True,,1976.8933,2009.3972,1993.1452
12-192,images/12-192.jpg,12,192,,Rare,True,True,,733.605,0.9932,4130,733.743,1980.145,1929,2007,686,782,734.0,bright,True,,1976.9331,2009.4414,1993.1872
12-193,images/12-193.jpg,12,193,,Rare,True,True,,733.605,0.9932,4130,733.743,1980.145,1929,2007,686,782,734.0,bright,True,,1976.9441,2009.3598,1993.152
12-194,images/12-194.jpg,12,194,,Super Rare,True,True,,733.627,0.9913,3454,733.735,1966.891,1929,2007,694,774,734.0,bright,True,,1977.0032,2009.3213,1993.1623
12-195,images/12-195.jpg,12,195,,Legendary,True,True,,733.48,0.9949,6658,733.564,1970.24,1920,2012,683,783,733.0,bright,True,,1976.8286,2009.3489,1993.0887
12-196,images/12-196.jpg,12,196,,Super Rare,True,True,,733.627,0.9913,3454,733.735,1966.891,1929,2007,694,774,734.0,bright,True,,1976.9678,2009.3816,1993.1747
12-197,images/12-197.jpg,12,197,,Uncommon,True,True,,733.505,0.9991,5279,733.48,1968.192,1928,2008,695,772,733.5,bright,True,,1976.8019,2009.3274,1993.0647
12-198,images/12-198.jpg,12,198,,Uncommon,True,True,,733.505,0.9991,5279,733.48,1968.192,1928,2008,695,772,733.5,bright,True,,1976.9341,2009.3652,1993.1496
12-199,images/12-199.jpg,12,199,,Rare,True,True,,733.605,0.9932,4130,733.743,1980.145,1929,2007,686,782,734.0,bright,True,,1976.9433,2009.3475,1993.1454
12-2,images/12-2.jpg,12,2,,Common,True,True,,733.574,0.9851,4493,733.637,1968.051,1930,2005,696,771,733.5,bright,True,,1976.9972,2009.4478,1993.2225
12-20,images/12-20.jpg,12,20,,Super Rare,True,True,,733.627,0.9913,3454,733.735,1966.891,1929,2007,694,774,734.0,bright,True,,1977.0257,2009.4064,1993.216
12-200,images/12-200.jpg,12,200,,Common,True,True,,733.574,0.9851,4493,733.637,1968.051,1930,2005,696,771,733.5,bright,True,,1977.0733,2009.374,1993.2237
12-201,images/12-201.jpg,12,201,,Rare,True,True,,733.605,0.9932,4130,733.743,1980.145,1929,2007,686,782,734.0,bright,True,,1977.0127,2009.4086,1993.2107
12-202,images/12-202.jpg,12,202,,Uncommon,True,True,,733.505,0.9991,5279,733.48,1968.192,1928,2008,695,772,733.5,bright,True,,1977.111,2009.4256,1993.2683
12-203,images/12-203.jpg,12,203,,Common,True,False,no-core-component,,,,,,,,,,,,False,text-clipped,,,
12-204,images/12-204.jpg,12,204,,Rare,True,False,no-core-component,,,,,,,,,,,,False,text-height-25.0,,,
12-205,images/12-205.jpg,12,205,,Epic,False,True,,733.048,0.9943,6651,733.12,1960.856,1918,2014,682,784,733.0,bright,True,,1976.9071,2009.3769,1993.142
12-206,images/12-206.jpg,12,206,,Epic,True,True,,733.048,0.9943,6651,733.12,1960.856,1918,2014,682,784,733.0,bright,True,,1977.1873,2009.3648,1993.2761
12-207,images/12-207.jpg,12,207,,Epic,False,True,,733.048,0.9943,6651,733.12,1960.856,1918,2014,682,784,733.0,bright,True,,1976.8497,2009.3848,1993.1172
12-208,images/12-208.jpg,12,208,,Epic,False,True,,733.052,0.9941,6652,733.122,1960.85,1918,2014,682,784,733.0,bright,True,,1977.1041,2009.3639,1993.234
12-209,images/12-209.jpg,12,209,,Epic,False,True,,733.052,0.9941,6652,733.122,1960.85,1918,2014,682,784,733.0,bright,True,,1976.9883,2009.4054,1993.1969
12-21,images/12-21.jpg,12,21,,Uncommon,True,True,,733.505,0.9991,5279,733.48,1968.192,1928,2008,695,772,733.5,bright,True,,1976.9609,2009.4508,1993.2059
12-210,images/12-210.jpg,12,210,,Epic,False,True,,733.052,0.9941,6652,733.122,1960.85,1918,2014,682,784,733.0,bright,True,,1977.0157,2009.4092,1993.2124
12-211,images/12-211.jpg,12,211,,Epic,False,True,,733.048,0.9943,6651,733.12,1960.856,1918,2014,682,784,733.0,bright,True,,1976.9505,2009.448,1993.1993
12-212,images/12-212.jpg,12,212,,Epic,False,True,,733.048,0.9943,6651,733.12,1960.856,1918,2014,682,784,733.0,bright,True,,1977.061,2009.4609,1993.2609
12-213,images/12-213.jpg,12,213,,Epic,False,True,,733.048,0.9943,6651,733.12,1960.856,1918,2014,682,784,733.0,bright,True,,1977.013,2009.4134,1993.2132
12-214,images/12-214.jpg,12,214,,Epic,False,True,,733.044,0.9935,6656,733.112,1960.824,1918,2014,682,784,733.0,bright,True,,1977.0203,2009.4184,1993.2194
12-215,images/12-215.jpg,12,215,,Epic,False,True,,733.048,0.9943,6651,733.12,1960.856,1918,2014,682,784,733.0,bright,True,,1976.8582,2009.4139,1993.136
12-216,images/12-216.jpg,12,216,,Epic,False,True,,733.048,0.9943,6651,733.12,1960.856,1918,2014,682,784,733.0,bright,True,,1977.1262,2009.4174,1993.2718
12-217,images/12-217.jpg,12,217,,Epic,False,True,,733.048,0.9943,6651,733.12,1960.856,1918,2014,682,784,733.0,bright,True,,1976.8059,2009.4169,1993.1114
12-218,images/12-218.jpg,12,218,,Epic,False,True,,733.048,0.9943,6651,733.12,1960.856,1918,2014,682,784,733.0,bright,True,,1977.0267,2009.4127,1993.2197
12-219,images/12-219.jpg,12,219,,Epic,False,True,,733.048,0.9943,6651,733.12,1960.856,1918,2014,682,784,733.0,bright,True,,1976.9432,2009.4431,1993.1932
12-22,images/12-22.jpg,12,22,,Legendary,True,True,,733.48,0.9949,6658,733.564,1970.24,1920,2012,683,783,733.0,bright,True,,1977.0988,2009.4585,1993.2786
12-220,images/12-220.jpg,12,220,,Epic,False,True,,733.048,0.9943,6651,733.12,1960.856,1918,2014,682,784,733.0,bright,True,,1977.0975,2009.4332,1993.2654
12-221,images/12-221.jpg,12,221,,Epic,False,True,,733.048,0.9943,6651,733.12,1960.856,1918,2014,682,784,733.0,bright,True,,1977.0709,2009.4608,1993.2659
12-222,images/12-222.jpg,12,222,,Epic,False,True,,733.048,0.9943,6651,733.12,1960.856,1918,2014,682,784,733.0,bright,True,,1977.167,2009.4652,1993.3161
12-223,images/12-223.jpg,12,223,,Enchanted,False,True,,735.233,0.9789,11448,735.4,1985.181,1917,2031,660,811,735.5,bright,True,,1977.1881,2009.421,1993.3045
12-224,images/12-224.jpg,12,224,,Enchanted,False,False,no-symmetry-peak,,0.8237,46849,775.289,1941.787,1856,2031,570,913,741.5,bright,True,,1977.008,2009.4578,1993.2329
12-225,images/12-225.jpg,12,225,,Enchanted,False,True,,732.448,0.816,19503,752.434,1921.461,1856,2016,601,889,745.0,bright,True,,1977.0723,2009.4158,1993.244
12-226,images/12-226.jpg,12,226,,Enchanted,False,True,,733.75,0.9323,9321,731.05,1979.936,1918,2031,674,785,729.5,bright,True,,1977.4587,2009.4176,1993.4382
12-227,images/12-227.jpg,12,227,,Enchanted,False,True,,753.25,0.917,8190,747.126,1890.626,1872,1906,601,901,751.0,bright,True,,1976.9015,2009.4443,1993.1729
12-228,images/12-228.jpg,12,228,,Enchanted,False,True,,734.531,0.7262,19435,763.513,1989.55,1917,2031,582,913,747.5,bright,True,,1977.167,2009.4338,1993.3004
12-229,images/12-229.jpg,12,229,,Enchanted,False,True,,733.882,0.8981,8754,730.883,1957.677,1907,2016,585,859,722.0,bright,True,,1977.0465,2009.4555,1993.251
12-23,images/12-23.jpg,12,23,,Rare,True,True,,733.605,0.9932,4130,733.743,1980.145,1929,2007,686,782,734.0,bright,True,,1977.0594,2009.4053,1993.2324
12-230,images/12-230.jpg,12,230,,Enchanted,False,True,,734.113,0.9816,7101,734.697,1966.023,1917,2016,690,784,737.0,bright,True,,1977.0521,2009.3568,1993.2045
12-231,images/12-231.jpg,12,231,,Enchanted,False,True,,733.415,0.9426,6217,732.586,1963.256,1917,2014,690,777,733.5,bright,True,,1977.1746,2009.4007,1993.2876
12-232,images/12-232.jpg,12,232,,Enchanted,False,True,,714.917,0.574,16889,703.099,1921.687,1856,2015,574,830,702.0,bright,True,,1977.1958,2009.4125,1993.3042
12-233,images/12-233.jpg,12,233,,Enchanted,False,True,,767.132,0.5704,14367,772.122,1949.352,1873,2031,666,865,765.5,bright,True,,1977.1389,2009.3739,1993.2564
12-234,images/12-234.jpg,12,234,,Enchanted,False,False,no-symmetry-peak,,0.6918,15543,721.298,1987.177,1916,2031,595,913,754.0,bright,True,,1977.0873,2009.3978,1993.2425
12-235,images/12-235.jpg,12,235,,Enchanted,False,True,,733.676,0.9879,6699,733.678,1966.181,1917,2015,690,778,734.0,bright,True,,1977.0059,2009.3478,1993.1768
12-236,images/12-236.jpg,12,236,,Enchanted,True,True,,771.357,0.627,15318,767.271,1986.235,1917,2031,665,910,787.5,dark,True,,1977.2851,2009.3704,1993.3277
12-237,images/12-237.jpg,12,237,,Enchanted,False,True,,801.714,0.9338,22959,806.3,1976.954,1917,2031,690,913,801.5,bright,True,,1976.8777,2009.3967,1993.1372
12-238,images/12-238.jpg,12,238,,Enchanted,False,True,,733.682,0.8627,22340,720.949,1994.438,1916,2031,554,913,733.5,dark,True,,1977.1953,2009.3578,1993.2765
12-239,images/12-239.jpg,12,239,,Enchanted,False,True,,733.644,0.9367,26225,737.708,1991.967,1917,2031,554,913,733.5,dark,True,,1977.0735,2009.3925,1993.233
12-24,images/12-24.jpg,12,24,,Common,True,True,,733.574,0.9851,4493,733.637,1968.051,1930,2005,696,771,733.5,bright,True,,1977.0623,2009.4086,1993.2354
12-240,images/12-240.jpg,12,240,,Enchanted,False,True,,733.517,0.9756,7021,732.893,1964.006,1911,2015,677,778,727.5,bright,True,,1977.2057,2009.3884,1993.297
12-241,images/12-241.jpg,12,241,,Iconic,False,False,no-symmetry-peak,,0.5819,7511,744.936,1963.558,1919,2013,686,868,777.0,bright,False,text-height-29.1,,,
12-242,images/12-242.jpg,12,242,,Iconic,False,False,no-symmetry-peak,,0.4996,11670,701.72,1986.632,1919,2031,576,781,678.5,bright,False,text-height-28.6,,,
12-25,images/12-25.jpg,12,25,,Uncommon,True,True,,733.505,0.9991,5279,733.48,1968.192,1928,2008,695,772,733.5,bright,True,,1976.8837,2009.4048,1993.1442
12-26,images/12-26.jpg,12,26,,Super Rare,True,True,,733.627,0.9913,3454,733.735,1966.891,1929,2007,694,774,734.0,bright,True,,1977.166,2009.4073,1993.2867
12-27,images/12-27.jpg,12,27,,Common,True,True,,733.574,0.9851,4493,733.637,1968.051,1930,2005,696,771,733.5,bright,True,,1976.8059,2009.4225,1993.1142
12-28,images/12-28.jpg,12,28,,Uncommon,True,True,,733.505,0.9991,5279,733.48,1968.192,1928,2008,695,772,733.5,bright,True,,1977.0564,2009.4007,1993.2286
12-29,images/12-29.jpg,12,29,,Common,True,True,,733.574,0.9851,4493,733.637,1968.051,1930,2005,696,771,733.5,bright,True,,1976.9648,2009.4353,1993.2001
12-3,images/12-3.jpg,12,3,,Common,True,True,,733.574,0.9851,4493,733.637,1968.051,1930,2005,696,771,733.5,bright,True,,1976.965,2009.3782,1993.1716
12-30,images/12-30.jpg,12,30,,Super Rare,True,True,,733.627,0.9913,3454,733.735,1966.891,1929,2007,694,774,734.0,bright,True,,1977.0049,2009.3355,1993.1702
12-31,images/12-31.jpg,12,31,,Rare,True,True,,733.605,0.9932,4130,733.743,1980.145,1929,2007,686,782,734.0,bright,True,,1976.9395,2009.3868,1993.1632
12-32,images/12-32.jpg,12,32,,Rare,True,True,,733.605,0.9932,4130,733.743,1980.145,1929,2007,686,782,734.0,bright,True,,1977.0563,2009.4053,1993.2308
12-33,images/12-33.jpg,12,33,,Uncommon,True,True,,733.505,0.9991,5279,733.48,1968.192,1928,2008,695,772,733.5,bright,True,,1977.005,2009.3389,1993.172
12-34,images/12-34.jpg,12,34,,Rare,True,False,no-core-component,,,,,,,,,,,,False,text-clipped,,,
12-35,images/12-35.jpg,12,35,,Common,True,True,,733.574,0.9851,4493,733.637,1968.051,1930,2005,696,771,733.5,bright,True,,1976.8528,2009.3365,1993.0947
12-36,images/12-36.jpg,12,36,,Uncommon,True,True,,733.505,0.9991,5279,733.48,1968.192,1928,2008,695,772,733.5,bright,True,,1977.1199,2009.3352,1993.2275
12-37,images/12-37.jpg,12,37,,Legendary,True,True,,733.476,0.9949,6664,733.558,1970.253,1920,2012,683,783,733.0,bright,True,,1976.8085,2009.3411,1993.0748
12-38,images/12-38.jpg,12,38,,Uncommon,True,True,,733.505,0.9991,5279,733.48,1968.192,1928,2008,695,772,733.5,bright,True,,1977.0184,2009.3286,1993.1735
12-39,images/12-39.jpg,12,39,,Common,True,True,,733.574,0.9851,4493,733.637,1968.051,1930,2005,696,771,733.5,bright,True,,1976.9384,2009.3641,1993.1512
12-4,images/12-4.jpg,12,4,,Common,True,True,,733.574,0.9851,4493,733.637,1968.051,1930,2005,696,771,733.5,bright,True,,1977.1883,2009.3085,1993.2484
12-40,images/12-40.jpg,12,40,,Uncommon,True,True,,733.505,0.9991,5279,733.48,1968.192,1928,2008,695,772,733.5,bright,True,,1977.111,2009.3107,1993.2108
12-41,images/12-41.jpg,12,41,,Common,True,True,,733.574,0.9851,4493,733.637,1968.051,1930,2005,696,771,733.5,bright,True,,1977.1387,2009.3161,1993.2274
12-42,images/12-42.jpg,12,42,,Common,True,True,,733.574,0.9851,4493,733.637,1968.051,1930,2005,696,771,733.5,bright,True,,1977.0565,2009.4093,1993.2329
12-43,images/12-43.jpg,12,43,,Common,True,True,,733.574,0.9851,4493,733.637,1968.051,1930,2005,696,771,733.5,bright,True,,1977.0505,2009.3257,1993.1881
12-43-P3,images/12-43-P3.jpg,12,43,P3,Special,False,True,,733.513,0.9933,33664,733.655,1984.272,1918,2031,554,913,733.5,bright,True,,1976.8441,2009.248,1993.0461
12-44,images/12-44.jpg,12,44,,Common,True,True,,733.574,0.9851,4493,733.637,1968.051,1930,2005,696,771,733.5,bright,True,,1977.4777,2009.2122,1993.3449
12-44-P3,images/12-44-P3.jpg,12,44,P3,Special,False,True,,733.513,0.9933,33664,733.655,1984.272,1918,2031,554,913,733.5,bright,True,,1976.9331,2009.1901,1993.0616
12-45,images/12-45.jpg,12,45,,Common,True,True,,733.574,0.9851,4493,733.637,1968.051,1930,2005,696,771,733.5,bright,True,,1976.8792,2009.3216,1993.1004
12-45-P3,images/12-45-P3.jpg,12,45,P3,Special,False,True,,733.513,0.9933,33664,733.655,1984.272,1918,2031,554,913,733.5,bright,True,,1976.7372,2009.237,1992.9871
12-46,images/12-46.jpg,12,46,,Common,True,True,,733.574,0.9851,4493,733.637,1968.051,1930,2005,696,771,733.5,bright,True,,1977.3066,2009.2985,1993.3025
12-46-P3,images/12-46-P3.jpg,12,46,P3,Special,False,True,,733.513,0.9933,33664,733.655,1984.272,1918,2031,554,913,733.5,bright,True,,1976.8907,2009.262,1993.0763
12-47,images/12-47.jpg,12,47,,Common,True,True,,733.574,0.9851,4493,733.637,1968.051,1930,2005,696,771,733.5,bright,True,,1976.8328,2009.321,1993.0769
12-47-P3,images/12-47-P3.jpg,12,47,P3,Special,False,True,,733.513,0.9933,33664,733.655,1984.272,1918,2031,554,913,733.5,bright,True,,1976.7226,2009.1964,1992.9595
12-48,images/12-48.jpg,12,48,,Uncommon,True,True,,733.505,0.9991,5279,733.48,1968.192,1928,2008,695,772,733.5,bright,True,,1977.1321,2009.2987,1993.2154
12-48-P3,images/12-48-P3.jpg,12,48,P3,Special,False,True,,733.513,0.9933,33664,733.655,1984.272,1918,2031,554,913,733.5,bright,True,,1976.8864,2009.2313,1993.0589
12-49,images/12-49.jpg,12,49,,Rare,True,True,,733.605,0.9932,4130,733.743,1980.145,1929,2007,686,782,734.0,bright,True,,1977.0467,2009.3099,1993.1783
12-49-P3,images/12-49-P3.jpg,12,49,P3,Special,False,True,,733.513,0.9933,33664,733.655,1984.272,1918,2031,554,913,733.5,bright,True,,1976.8406,2009.2314,1993.036
12-5,images/12-5.jpg,12,5,,Uncommon,True,True,,733.505,0.9991,5279,733.48,1968.192,1928,2008,695,772,733.5,bright,True,,1976.8118,2009.3777,1993.0947
12-50,images/12-50.jpg,12,50,,Uncommon,True,True,,733.505,0.9991,5279,733.48,1968.192,1928,2008,695,772,733.5,bright,True,,1976.8562,2009.3338,1993.095
12-50-P3,images/12-50-P3.jpg,12,50,P3,Special,False,True,,733.513,0.9933,33664,733.655,1984.272,1918,2031,554,913,733.5,bright,True,,1976.7809,2009.1834,1992.9821
12-51,images/12-51.jpg,12,51,,Uncommon,True,True,,733.505,0.9991,5279,733.48,1968.192,1928,2008,695,772,733.5,bright,True,,1976.7932,2009.3825,1993.0878
12-51-P3,images/12-51-P3.jpg,12,51,P3,Special,False,True,,733.513,0.9933,33664,733.655,1984.272,1918,2031,554,913,733.5,bright,True,,1976.7408,2009.2459,1992.9934
12-52,images/12-52.jpg,12,52,,Uncommon,True,True,,733.505,0.9991,5279,733.48,1968.192,1928,2008,695,772,733.5,bright,True,,1976.8818,2009.4046,1993.1432
12-52-P3,images/12-52-P3.jpg,12,52,P3,Special,True,True,,724.042,0.8799,5297,727.453,1967.559,1925,2011,689,778,733.5,bright,True,,1976.762,2009.3398,1993.0509
12-53,images/12-53.jpg,12,53,,Common,True,True,,733.574,0.9851,4493,733.637,1968.051,1930,2005,696,771,733.5,bright,True,,1976.8562,2009.3353,1993.0957
12-53-P3,images/12-53-P3.jpg,12,53,P3,Special,False,True,,733.535,0.9912,32886,733.4,1985.153,1917,2031,554,913,733.5,dark,True,,1976.7662,2009.1658,1992.966
12-54,images/12-54.jpg,12,54,,Rare,True,True,,733.605,0.9932,4130,733.743,1980.145,1929,2007,686,782,734.0,bright,True,,1976.8804,2009.3218,1993.1011
12-54-P3,images/12-54-P3.jpg,12,54,P3,Special,False,True,,733.535,0.9912,32886,733.4,1985.153,1917,2031,554,913,733.5,dark,True,,1976.7212,2009.2285,1992.9749
12-55,images/12-55.jpg,12,55,,Rare,True,True,,733.605,0.9932,4130,733.743,1980.145,1929,2007,686,782,734.0,bright,True,,1976.7442,2009.3352,1993.0397
12-55-P3,images/12-55-P3.jpg,12,55,P3,Special,True,True,,724.042,0.8799,5297,727.453,1967.559,1925,2011,689,778,733.5,bright,True,,1976.6842,2009.2095,1992.9469
12-56,images/12-56.jpg,12,56,,Super Rare,True,True,,733.627,0.9913,3454,733.735,1966.891,1929,2007,694,774,734.0,bright,True,,1976.9058,2009.3334,1993.1196
12-57,images/12-57.jpg,12,57,,Super Rare,True,True,,733.627,0.9913,3454,733.735,1966.891,1929,2007,694,774,734.0,bright,True,,1976.7145,2009.3332,1993.0239
12-58,images/12-58.jpg,12,58,,Rare,True,True,,733.605,0.9932,4130,733.743,1980.145,1929,2007,686,782,734.0,bright,True,,1976.8665,2009.3272,1993.0968
12-59,images/12-59.jpg,12,59,,Rare,True,True,,733.605,0.9932,4130,733.743,1980.145,1929,2007,686,782,734.0,bright,True,,1976.8123,2009.353,1993.0827
12-6,images/12-6.jpg,12,6,,Common,True,True,,733.574,0.9851,4493,733.637,1968.051,1930,2005,696,771,733.5,bright,True,,1977.0655,2009.3813,1993.2234
12-60,images/12-60.jpg,12,60,,Legendary,True,True,,733.48,0.9949,6658,733.564,1970.24,1920,2012,683,783,733.0,bright,True,,1977.1203,2009.3348,1993.2276
12-61,images/12-61.jpg,12,61,,Super Rare,True,True,,733.627,0.9913,3454,733.735,1966.891,1929,2007,694,774,734.0,bright,True,,1977.0131,2009.3849,1993.199
12-62,images/12-62.jpg,12,62,,Common,True,True,,733.574,0.9851,4493,733.637,1968.051,1930,2005,696,771,733.5,bright,True,,1977.1683,2009.4057,1993.287
12-63,images/12-63.jpg,12,63,,Common,True,True,,733.574,0.9851,4493,733.637,1968.051,1930,2005,696,771,733.5,bright,True,,1977.128,2009.3362,1993.2321
12-64,images/12-64.jpg,12,64,,Uncommon,True,True,,733.505,0.9991,5279,733.48,1968.192,1928,2008,695,772,733.5,bright,True,,1977.32,2009.2952,1993.3076
12-65,images/12-65.jpg,12,65,,Rare,True,True,,733.605,0.9932,4130,733.743,1980.145,1929,2007,686,782,734.0,bright,True,,1976.9049,2009.3362,1993.1205
12-66,images/12-66.jpg,12,66,,Uncommon,True,True,,733.505,0.9991,5279,733.48,1968.192,1928,2008,695,772,733.5,bright,True,,1977.2778,2009.337,1993.3074
12-67,images/12-67.jpg,12,67,,Rare,True,True,,733.605,0.9932,4130,733.743,1980.145,1929,2007,686,782,734.0,bright,True,,1976.8071,2009.3817,1993.0944
12-68,images/12-68.jpg,12,68,,Rare,True,False,no-core-component,,,,,,,,,,,,False,text-clipped,,,
12-69,images/12-69.jpg,12,69,,Common,True,True,,733.574,0.9851,4493,733.637,1968.051,1930,2005,696,771,733.5,bright,True,,1976.9947,2009.3701,1993.1824
12-7,images/12-7.jpg,12,7,,Common,True,True,,733.574,0.9851,4493,733.637,1968.051,1930,2005,696,771,733.5,bright,True,,1976.7556,2009.3809,1993.0683
12-70,images/12-70.jpg,12,70,,Common,True,True,,733.574,0.9851,4493,733.637,1968.051,1930,2005,696,771,733.5,bright,True,,1976.8038,2009.3377,1993.0707
12-71,images/12-71.jpg,12,71,,Common,True,True,,733.574,0.9851,4493,733.637,1968.051,1930,2005,696,771,733.5,bright,True,,1976.7607,2009.3751,1993.0679
12-72,images/12-72.jpg,12,72,,Common,True,True,,733.574,0.9851,4493,733.637,1968.051,1930,2005,696,771,733.5,bright,True,,1976.8145,2009.4223,1993.1184
12-73,images/12-73.jpg,12,73,,Common,True,True,,733.574,0.9851,4493,733.637,1968.051,1930,2005,696,771,733.5,bright,True,,1976.8052,2009.3405,1993.0729
12-74,images/12-74.jpg,12,74,,Common,True,True,,733.574,0.9851,4493,733.637,1968.051,1930,2005,696,771,733.5,bright,True,,1976.8338,2009.3239,1993.0789
12-75,images/12-75.jpg,12,75,,Common,True,True,,733.574,0.9851,4493,733.637,1968.051,1930,2005,696,771,733.5,bright,True,,1976.7156,2009.3303,1993.0229
12-76,images/12-76.jpg,12,76,,Common,True,True,,733.574,0.9851,4493,733.637,1968.051,1930,2005,696,771,733.5,bright,True,,1976.8031,2009.3782,1993.0906
12-77,images/12-77.jpg,12,77,,Common,True,True,,733.574,0.9851,4493,733.637,1968.051,1930,2005,696,771,733.5,bright,True,,1976.7013,2009.3043,1993.0028
12-78,images/12-78.jpg,12,78,,Uncommon,True,True,,733.505,0.9991,5279,733.48,1968.192,1928,2008,695,772,733.5,bright,True,,1976.8115,2009.3389,1993.0752
12-79,images/12-79.jpg,12,79,,Rare,True,True,,733.605,0.9932,4130,733.743,1980.145,1929,2007,686,782,734.0,bright,True,,1976.7976,2009.3301,1993.0638
12-8,images/12-8.jpg,12,8,,Common,True,True,,733.574,0.9851,4493,733.637,1968.051,1930,2005,696,771,733.5,bright,True,,1976.9735,2009.3743,1993.1739
12-80,images/12-80.jpg,12,80,,Uncommon,True,True,,733.505,0.9991,5279,733.48,1968.192,1928,2008,695,772,733.5,bright,True,,1977.0084,2009.341,1993.1747
12-81,images/12-81.jpg,12,81,,Uncommon,True,True,,733.505,0.9991,5279,733.48,1968.192,1928,2008,695,772,733.5,bright,True,,1976.9531,2009.3873,1993.1702
12-82,images/12-82.jpg,12,82,,Super Rare,True,True,,733.627,0.9913,3454,733.735,1966.891,1929,2007,694,774,734.0,bright,True,,1977.0545,2009.4016,1993.2281
12-83,images/12-83.jpg,12,83,,Rare,True,True,,733.605,0.9932,4130,733.743,1980.145,1929,2007,686,782,734.0,bright,True,,1977.0083,2009.3319,1993.1701
12-84,images/12-84.jpg,12,84,,Uncommon,True,True,,733.505,0.9991,5279,733.48,1968.192,1928,2008,695,772,733.5,bright,True,,1977.1377,2009.2986,1993.2182
12-85,images/12-85.jpg,12,85,,Rare,True,True,,733.605,0.9932,4130,733.743,1980.145,1929,2007,686,782,734.0,bright,True,,1976.8615,2009.3288,1993.0952
12-86,images/12-86.jpg,12,86,,Super Rare,True,True,,733.627,0.9913,3454,733.735,1966.891,1929,2007,694,774,734.0,bright,True,,1977.1535,2009.3352,1993.2443
12-87,images/12-87.jpg,12,87,,Uncommon,True,True,,733.505,0.9991,5279,733.48,1968.192,1928,2008,695,772,733.5,bright,True,,1976.8127,2009.3344,1993.0735
12-88,images/12-88.jpg,12,88,,Common,True,True,,733.574,0.9851,4493,733.637,1968.051,1930,2005,696,771,733.5,bright,True,,1977.038,2009.3261,1993.1821
12-89,images/12-89.jpg,12,89,,Rare,True,True,,733.605,0.9932,4130,733.743,1980.145,1929,2007,686,782,734.0,bright,True,,1976.9466,2009.3548,1993.1507
12-9,images/12-9.jpg,12,9,,Common,True,True,,733.574,0.9851,4493,733.637,1968.051,1930,2005,696,771,733.5,bright,True,,1976.9028,2009.4066,1993.1547
12-90,images/12-90.jpg,12,90,,Legendary,True,True,,733.48,0.9949,6658,733.564,1970.24,1920,2012,683,783,733.0,bright,True,,1976.9423,2009.3598,1993.1511
12-91,images/12-91.jpg,12,91,,Legendary,True,True,,733.476,0.9947,6659,733.564,1970.232,1920,2012,683,783,733.0,bright,True,,1976.8979,2009.4057,1993.1518
12-92,images/12-92.jpg,12,92,,Rare,True,True,,733.605,0.9932,4130,733.743,1980.145,1929,2007,686,782,734.0,bright,True,,1976.9625,2009.4355,1993.199
12-93,images/12-93.jpg,12,93,,Rare,True,True,,733.605,0.9932,4130,733.743,1980.145,1929,2007,686,782,734.0,bright,True,,1976.9427,2009.3608,1993.1518
12-94,images/12-94.jpg,12,94,,Uncommon,True,True,,733.505,0.9991,5279,733.48,1968.192,1928,2008,695,772,733.5,bright,True,,1977.0441,2009.3106,1993.1773
12-95,images/12-95.jpg,12,95,,Uncommon,True,True,,733.505,0.9991,5279,733.48,1968.192,1928,2008,695,772,733.5,bright,True,,1976.8146,2009.3528,1993.0837
12-96,images/12-96.jpg,12,96,,Common,True,True,,733.574,0.9851,4493,733.637,1968.051,1930,2005,696,771,733.5,bright,True,,1976.9948,2009.368,1993.1814
12-97,images/12-97.jpg,12,97,,Super Rare,True,True,,733.627,0.9913,3454,733.735,1966.891,1929,2007,694,774,734.0,bright,True,,1976.8031,2009.3268,1993.065
12-98,images/12-98.jpg,12,98,,Uncommon,True,True,,733.505,0.9991,5279,733.48,1968.192,1928,2008,695,772,733.5,bright,True,,1976.9515,2009.3528,1993.1522
12-99,images/12-99.jpg,12,99,,Rare,True,True,,733.605,0.9932,4130,733.743,1980.145,1929,2007,686,782,734.0,bright,True,,1976.9388,2009.3475,1993.1431
13-1,images/13-1.jpg,13,1,,Rare,True,True,,733.605,0.9932,4130,733.743,1980.145,1929,2007,686,782,734.0,bright,True,,1976.7583,2009.2625,1993.0104
13-10,images/13-10.jpg,13,10,,Common,True,True,,733.574,0.9851,4493,733.637,1968.051,1930,2005,696,771,733.5,bright,True,,1976.8132,2009.2055,1993.0093
13-10-P4,images/13-10-P4.jpg,13,10,P4,Special,False,True,,733.517,0.9937,33687,733.651,1984.244,1918,2031,554,913,733.5,bright,True,,1976.8264,2009.0921,1992.9592
13-100,images/13-100.jpg,13,100,,Legendary,True,True,,733.475,0.9982,6638,733.464,1970.356,1920,2012,684,783,733.5,bright,True,,1976.8459,2009.1811,1993.0135
13-101,images/13-101.jpg,13,101,,Rare,True,True,,733.605,0.9932,4130,733.743,1980.145,1929,2007,686,782,734.0,bright,True,,1976.8085,2009.2204,1993.0145
13-102,images/13-102.jpg,13,102,,Common,True,True,,733.574,0.9851,4493,733.637,1968.051,1930,2005,696,771,733.5,bright,True,,1976.8467,2009.3058,1993.0763
13-103,images/13-103.jpg,13,103,,Uncommon,True,True,,733.505,0.9991,5279,733.48,1968.192,1928,2008,695,772,733.5,bright,True,,1976.8338,2009.1988,1993.0163
13-104,images/13-104.jpg,13,104,,Common,True,True,,733.574,0.9851,4493,733.637,1968.051,1930,2005,696,771,733.5,bright,True,,1976.7906,2009.2424,1993.0165
13-105,images/13-105.jpg,13,105,,Common,True,True,,733.574,0.9851,4493,733.637,1968.051,1930,2005,696,771,733.5,bright,True,,1976.7499,2009.1881,1992.969
13-106,images/13-106.jpg,13,106,,Uncommon,True,True,,733.505,0.9991,5279,733.48,1968.192,1928,2008,695,772,733.5,bright,True,,1976.8329,2009.2391,1993.036
13-107,images/13-107.jpg,13,107,,Rare,True,True,,733.605,0.9932,4130,733.743,1980.145,1929,2007,686,782,734.0,bright,True,,1976.7475,2009.1452,1992.9463
13-108,images/13-108.jpg,13,108,,Rare,True,False,no-component,,,,,,,,,,,,False,text-too-thin,,,
13-109,images/13-109.jpg,13,109,,Rare,True,True,,733.5,1.0,63360,733.5,1943.5,1856,2031,554,913,733.5,bright,True,,1976.8404,2009.1806,1993.0105
13-11,images/13-11.jpg,13,11,,Common,True,True,,733.574,0.9851,4493,733.637,1968.051,1930,2005,696,771,733.5,bright,True,,1976.7724,2009.2615,1993.017
13-11-P4,images/13-11-P4.jpg,13,11,P4,Special,False,True,,733.517,0.9937,33687,733.651,1984.244,1918,2031,554,913,733.5,bright,True,,1976.8166,2009.1433,1992.98
13-110,images/13-110.jpg,13,110,,Common,True,True,,733.574,0.9851,4493,733.637,1968.051,1930,2005,696,771,733.5,bright,True,,1976.8153,2009.2226,1993.0189
13-111,images/13-111.jpg,13,111,,Uncommon,True,True,,733.505,0.9991,5279,733.48,1968.192,1928,2008,695,772,733.5,bright,True,,1976.7684,2009.271,1993.0197
13-112,images/13-112.jpg,13,112,,Common,True,True,,733.574,0.9851,4493,733.637,1968.051,1930,2005,696,771,733.5,bright,True,,1976.8212,2009.3382,1993.0797
13-113,images/13-113.jpg,13,113,,Super Rare,True,True,,733.627,0.9913,3454,733.735,1966.891,1929,2007,694,774,734.0,bright,True,,1976.8067,2009.2386,1993.0227
13-114,images/13-114.jpg,13,114,,Common,True,True,,733.574,0.9851,4493,733.637,1968.051,1930,2005,696,771,733.5,bright,True,,1976.7667,2009.2758,1993.0212
13-115,images/13-115.jpg,13,115,,Common,True,True,,733.574,0.9851,4493,733.637,1968.051,1930,2005,696,771,733.5,bright,True,,1976.7264,2009.2236,1992.975
13-116,images/13-116.jpg,13,116,,Common,True,True,,733.574,0.9851,4493,733.637,1968.051,1930,2005,696,771,733.5,bright,True,,1976.8043,2009.2772,1993.0408
13-117,images/13-117.jpg,13,117,,Common,True,True,,733.574,0.9851,4493,733.637,1968.051,1930,2005,696,771,733.5,bright,True,,1976.7174,2009.1855,1992.9514
13-118,images/13-118.jpg,13,118,,Uncommon,True,True,,733.505,0.9991,5279,733.48,1968.192,1928,2008,695,772,733.5,bright,True,,1976.8099,2009.2346,1993.0222
13-119,images/13-119.jpg,13,119,,Uncommon,True,True,,733.505,0.9991,5279,733.48,1968.192,1928,2008,695,772,733.5,bright,True,,1976.8055,2009.2177,1993.0116
13-12,images/13-12.jpg,13,12,,Rare,True,True,,733.605,0.9932,4130,733.743,1980.145,1929,2007,686,782,734.0,bright,True,,1976.8066,2009.3368,1993.0717
13-120,images/13-120.jpg,13,120,,Rare,True,True,,733.605,0.9932,4130,733.743,1980.145,1929,2007,686,782,734.0,bright,True,,1976.8486,2009.3108,1993.0797
13-121,images/13-121.jpg,13,121,,Common,True,True,,733.574,0.9851,4493,733.637,1968.051,1930,2005,696,771,733.5,bright,True,,1976.8204,2009.3342,1993.0773
13-122,images/13-122.jpg,13,122,,Common,True,True,,733.574,0.9851,4493,733.637,1968.051,1930,2005,696,771,733.5,bright,True,,1976.8485,2009.3834,1993.1159
13-123,images/13-123.jpg,13,123,,Rare,True,True,,733.605,0.9932,4130,733.743,1980.145,1929,2007,686,782,734.0,bright,True,,1976.8437,2009.3009,1993.0723
13-124,images/13-124.jpg,13,124,,Common,True,True,,733.574,0.9851,4493,733.637,1968.051,1930,2005,696,771,733.5,bright,True,,1976.8047,2009.3323,1993.0685
13-125,images/13-125.jpg,13,125,,Legendary,True,True,,738.75,0.9365,11703,737.944,1881.693,1856,1907,602,867,734.5,bright,True,,1976.7534,2009.2881,1993.0207
13-126,images/13-126.jpg,13,126,,Rare,True,True,,733.605,0.9932,4130,733.743,1980.145,1929,2007,686,782,734.0,bright,True,,1976.8475,2009.3373,1993.0924
13-127,images/13-127.jpg,13,127,,Rare,True,True,,733.605,0.9932,4130,733.743,1980.145,1929,2007,686,782,734.0,bright,True,,1976.7418,2009.2776,1993.0097
13-128,images/13-128.jpg,13,128,,Uncommon,True,True,,733.505,0.9991,5279,733.48,1968.192,1928,2008,695,772,733.5,bright,True,,1976.8524,2009.3003,1993.0764
13-129,images/13-129.jpg,13,129,,Super Rare,True,True,,733.627,0.9913,3454,733.735,1966.891,1929,2007,694,774,734.0,bright,True,,1976.8403,2009.2905,1993.0654
13-13,images/13-13.jpg,13,13,,Common,True,True,,733.574,0.9851,4493,733.637,1968.051,1930,2005,696,771,733.5,bright,True,,1976.8121,2009.2173,1993.0147
13-130,images/13-130.jpg,13,130,,Uncommon,True,True,,733.505,0.9991,5279,733.48,1968.192,1928,2008,695,772,733.5,bright,True,,1976.8366,2009.1973,1993.0169
13-131,images/13-131.jpg,13,131,,Common,True,True,,733.574,0.9851,4493,733.637,1968.051,1930,2005,696,771,733.5,bright,True,,1976.8085,2009.2334,1993.021
13-132,images/13-132.jpg,13,132,,Super Rare,True,True,,733.627,0.9913,3454,733.735,1966.891,1929,2007,694,774,734.0,bright,True,,1976.8395,2009.3,1993.0697
13-133,images/13-133.jpg,13,133,,Legendary,True,True,,733.475,0.9982,6638,733.464,1970.356,1920,2012,684,783,733.5,bright,True,,1976.8417,2009.1954,1993.0186
13-134,images/13-134.jpg,13,134,,Uncommon,True,True,,733.505,0.9991,5279,733.48,1968.192,1928,2008,695,772,733.5,bright,True,,1976.8055,2009.2401,1993.0228
13-135,images/13-135.jpg,13,135,,Uncommon,True,True,,733.505,0.9991,5279,733.48,1968.192,1928,2008,695,772,733.5,bright,True,,1976.7612,2009.1829,1992.972
13-136,images/13-136.jpg,13,136,,Common,True,True,,733.574,0.9851,4493,733.637,1968.051,1930,2005,696,771,733.5,bright,True,,1976.8426,2009.221,1993.0318
13-137,images/13-137.jpg,13,137,,Uncommon,True,True,,733.505,0.9991,5279,733.48,1968.192,1928,2008,695,772,733.5,bright,True,,1976.7386,2009.1696,1992.9541
13-138,images/13-138.jpg,13,138,,Common,True,True,,733.574,0.9851,4493,733.637,1968.051,1930,2005,696,771,733.5,bright,True,,1976.8519,2009.1992,1993.0256
13-139,images/13-139.jpg,13,139,,Uncommon,True,True,,733.505,0.9991,5279,733.48,1968.192,1928,2008,695,772,733.5,bright,True,,1976.8463,2009.1694,1993.0079
13-14,images/13-14.jpg,13,14,,Uncommon,True,True,,733.505,0.9991,5279,733.48,1968.192,1928,2008,695,772,733.5,bright,True,,1976.7594,2009.2683,1993.0138
13-140,images/13-140.jpg,13,140,,Rare,True,True,,733.605,0.9932,4130,733.743,1980.145,1929,2007,686,782,734.0,bright,True,,1976.792,2009.2415,1993.0167
13-141,images/13-141.jpg,13,141,,Rare,True,False,no-core-component,,,,,,,,,,,,False,text-clipped,,,
13-142,images/13-142.jpg,13,142,,Rare,True,False,no-core-component,,,,,,,,,,,,False,no-text,,,
13-143,images/13-143.jpg,13,143,,Common,True,True,,733.574,0.9851,4493,733.637,1968.051,1930,2005,696,771,733.5,bright,True,,1976.8038,2009.2474,1993.0256
13-144,images/13-144.jpg,13,144,,Uncommon,True,True,,733.505,0.9991,5279,733.48,1968.192,1928,2008,695,772,733.5,bright,True,,1976.8258,2009.2228,1993.0243
13-145,images/13-145.jpg,13,145,,Common,True,True,,733.574,0.9851,4493,733.637,1968.051,1930,2005,696,771,733.5,bright,True,,1976.7207,2009.232,1992.9763
13-146,images/13-146.jpg,13,146,,Rare,True,True,,733.605,0.9932,4130,733.743,1980.145,1929,2007,686,782,734.0,bright,True,,1976.7972,2009.2848,1993.041
13-147,images/13-147.jpg,13,147,,Legendary,True,True,,733.472,0.998,6639,733.464,1970.349,1920,2012,684,783,733.5,bright,True,,1976.7115,2009.194,1992.9527
13-148,images/13-148.jpg,13,148,,Common,True,True,,733.574,0.9851,4493,733.637,1968.051,1930,2005,696,771,733.5,bright,True,,1976.8039,2009.238,1993.021
13-149,images/13-149.jpg,13,149,,Common,True,True,,733.574,0.9851,4493,733.637,1968.051,1930,2005,696,771,733.5,bright,True,,1976.8045,2009.2267,1993.0156
13-15,images/13-15.jpg,13,15,,Uncommon,True,True,,733.505,0.9991,5279,733.48,1968.192,1928,2008,695,772,733.5,bright,True,,1976.723,2009.2052,1992.9641
13-15-P4,images/13-15-P4.jpg,13,15,P4,Special,False,False,no-symmetry-peak,,0.8167,44652,782.949,1949.409,1856,2031,579,913,746.0,dark,True,,1976.6899,2009.1022,1992.8961
13-150,images/13-150.jpg,13,150,,Uncommon,True,True,,733.505,0.9991,5279,733.48,1968.192,1928,2008,695,772,733.5,bright,True,,1976.7519,2009.1883,1992.9701
13-151,images/13-151.jpg,13,151,,Rare,True,True,,733.605,0.9932,4130,733.743,1980.145,1929,2007,686,782,734.0,bright,True,,1976.7292,2009.2216,1992.9754
13-152,images/13-152.jpg,13,152,,Common,True,True,,733.574,0.9851,4493,733.637,1968.051,1930,2005,696,771,733.5,bright,True,,1976.7524,2009.2907,1993.0215
13-153,images/13-153.jpg,13,153,,Rare,True,True,,733.605,0.9932,4130,733.743,1980.145,1929,2007,686,782,734.0,bright,True,,1976.7564,2009.1843,1992.9704
13-154,images/13-154.jpg,13,154,,Common,True,True,,733.574,0.9851,4493,733.637,1968.051,1930,2005,696,771,733.5,bright,True,,1976.7204,2009.2289,1992.9746
13-155,images/13-155.jpg,13,155,,Common,True,True,,733.574,0.9851,4493,733.637,1968.051,1930,2005,696,771,733.5,bright,True,,1976.6845,2009.1731,1992.9288
13-156,images/13-156.jpg,13,156,,Uncommon,True,True,,733.505,0.9991,5279,733.48,1968.192,1928,2008,695,772,733.5,bright,True,,1976.7509,2009.2096,1992.9803
13-157,images/13-157.jpg,13,157,,Uncommon,True,True,,733.505,0.9991,5279,733.48,1968.192,1928,2008,695,772,733.5,bright,True,,1976.6782,2009.1587,1992.9184
13-158,images/13-158.jpg,13,158,,Rare,True,True,,733.605,0.9932,4130,733.743,1980.145,1929,2007,686,782,734.0,bright,True,,1976.7654,2009.186,1992.9757
13-159,images/13-159.jpg,13,159,,Common,True,True,,733.574,0.9851,4493,733.637,1968.051,1930,2005,696,771,733.5,bright,True,,1976.756,2009.1622,1992.9591
13-16,images/13-16.jpg,13,16,,Rare,True,True,,733.605,0.9932,4130,733.743,1980.145,1929,2007,686,782,734.0,bright,True,,1976.8127,2009.2653,1993.039
13-16-P4,images/13-16-P4.jpg,13,16,P4,Special,False,False,no-symmetry-peak,,0.8167,44652,782.949,1949.409,1856,2031,579,913,746.0,dark,True,,1976.8777,2009.1013,1992.9895
13-160,images/13-160.jpg,13,160,,Rare,True,True,,733.605,0.9932,4130,733.743,1980.145,1929,2007,686,782,734.0,bright,True,,1976.8382,2009.2415,1993.0399
13-161,images/13-161.jpg,13,161,,Common,True,True,,733.574,0.9851,4493,733.637,1968.051,1930,2005,696,771,733.5,bright,True,,1976.8089,2009.2792,1993.0441
13-162,images/13-162.jpg,13,162,,Super Rare,True,True,,733.627,0.9913,3454,733.735,1966.891,1929,2007,694,774,734.0,bright,True,,1976.8435,2009.3445,1993.094
13-163,images/13-163.jpg,13,163,,Rare,True,True,,733.605,0.9932,4130,733.743,1980.145,1929,2007,686,782,734.0,bright,True,,1976.8381,2009.2331,1993.0356
13-164,images/13-164.jpg,13,164,,Uncommon,True,True,,733.505,0.9991,5279,733.48,1968.192,1928,2008,695,772,733.5,bright,True,,1976.8004,2009.2866,1993.0435
13-165,images/13-165.jpg,13,165,,Super Rare,True,True,,733.627,0.9913,3454,733.735,1966.891,1929,2007,694,774,734.0,bright,True,,1976.7506,2009.2214,1992.986
13-166,images/13-166.jpg,13,166,,Uncommon,True,True,,733.505,0.9991,5279,733.48,1968.192,1928,2008,695,772,733.5,bright,True,,1976.8745,2009.2594,1993.067
13-167,images/13-167.jpg,13,167,,Common,True,True,,733.574,0.9851,4493,733.637,1968.051,1930,2005,696,771,733.5,bright,True,,1976.7346,2009.2122,1992.9734
13-168,images/13-168.jpg,13,168,,Common,True,True,,733.574,0.9851,4493,733.637,1968.051,1930,2005,696,771,733.5,bright,True,,1976.8431,2009.2444,1993.0437
13-169,images/13-169.jpg,13,169,,Common,True,True,,733.574,0.9851,4493,733.637,1968.051,1930,2005,696,771,733.5,bright,True,,1976.8412,2009.2146,1993.0279
13-17,images/13-17.jpg,13,17,,Rare,True,True,,733.605,0.9932,4130,733.743,1980.145,1929,2007,686,782,734.0,bright,True,,1976.7101,2009.188,1992.9491
13-170,images/13-170.jpg,13,170,,Super Rare,True,True,,733.627,0.9913,3454,733.735,1966.891,1929,2007,694,774,734.0,bright,True,,1976.7449,2009.1512,1992.948
13-171,images/13-171.jpg,13,171,,Uncommon,True,True,,733.505,0.9991,5279,733.48,1968.192,1928,2008,695,772,733.5,bright,True,,1976.7111,2009.1968,1992.9539
13-172,images/13-172.jpg,13,172,,Rare,True,True,,733.605,0.9932,4130,733.743,1980.145,1929,2007,686,782,734.0,bright,True,,1976.7369,2009.2847,1993.0108
13-173,images/13-173.jpg,13,173,,Rare,True,True,,733.605,0.9932,4130,733.743,1980.145,1929,2007,686,782,734.0,bright,True,,1976.7452,2009.1539,1992.9496
13-174,images/13-174.jpg,13,174,,Uncommon,True,True,,733.505,0.9991,5279,733.48,1968.192,1928,2008,695,772,733.5,bright,True,,1976.7105,2009.1996,1992.9551
13-175,images/13-175.jpg,13,175,,Uncommon,True,False,no-core-component,,,,,,,,,,,,False,text-clipped,,,
13-176,images/13-176.jpg,13,176,,Super Rare,True,True,,733.627,0.9913,3454,733.735,1966.891,1929,2007,694,774,734.0,bright,True,,1976.7452,2009.1953,1992.9702
13-177,images/13-177.jpg,13,177,,Rare,True,True,,733.605,0.9932,4130,733.743,1980.145,1929,2007,686,782,734.0,bright,True,,1976.6726,2009.1381,1992.9054
13-178,images/13-178.jpg,13,178,,Uncommon,True,True,,733.505,0.9991,5279,733.48,1968.192,1928,2008,695,772,733.5,bright,True,,1976.7472,2009.1506,1992.9489
13-179,images/13-179.jpg,13,179,,Rare,True,True,,733.605,0.9932,4130,733.743,1980.145,1929,2007,686,782,734.0,bright,True,,1976.7429,2009.1384,1992.9406
13-18,images/13-18.jpg,13,18,,Super Rare,True,True,,733.627,0.9913,3454,733.735,1966.891,1929,2007,694,774,734.0,bright,True,,1976.8177,2009.2127,1993.0152
13-180,images/13-180.jpg,13,180,,Common,True,True,,733.574,0.9851,4493,733.637,1968.051,1930,2005,696,771,733.5,bright,True,,1976.8329,2009.1987,1993.0158
13-181,images/13-181.jpg,13,181,,Common,True,True,,733.574,0.9851,4493,733.637,1968.051,1930,2005,696,771,733.5,bright,True,,1976.8088,2009.2334,1993.0211
13-182,images/13-182.jpg,13,182,,Common,True,True,,733.574,0.9851,4493,733.637,1968.051,1930,2005,696,771,733.5,bright,True,,1976.8518,2009.2996,1993.0757
13-183,images/13-183.jpg,13,183,,Common,True,True,,733.574,0.9851,4493,733.637,1968.051,1930,2005,696,771,733.5,bright,True,,1976.8478,2009.206,1993.0269
13-184,images/13-184.jpg,13,184,,Uncommon,True,True,,733.505,0.9991,5279,733.48,1968.192,1928,2008,695,772,733.5,bright,True,,1976.8007,2009.2415,1993.0211
13-185,images/13-185.jpg,13,185,,Common,True,True,,733.574,0.9851,4493,733.637,1968.051,1930,2005,696,771,733.5,bright,True,,1976.7657,2009.1872,1992.9765
13-186,images/13-186.jpg,13,186,,Uncommon,True,True,,733.505,0.9991,5279,733.48,1968.192,1928,2008,695,772,733.5,bright,True,,1976.8409,2009.2401,1993.0405
13-187,images/13-187.jpg,13,187,,Common,True,True,,733.574,0.9851,4493,733.637,1968.051,1930,2005,696,771,733.5,bright,True,,1976.7478,2009.1512,1992.9495
13-188,images/13-188.jpg,13,188,,Common,True,True,,733.574,0.9851,4493,733.637,1968.051,1930,2005,696,771,733.5,bright,True,,1976.8427,2009.1976,1993.0201
13-189,images/13-189.jpg,13,189,,Common,True,True,,733.574,0.9851,4493,733.637,1968.051,1930,2005,696,771,733.5,bright,True,,1976.8449,2009.1845,1993.0147
13-19,images/13-19.jpg,13,19,,Uncommon,True,True,,733.505,0.9991,5279,733.48,1968.192,1928,2008,695,772,733.5,bright,True,,1976.806,2009.2029,1993.0044
13-190,images/13-190.jpg,13,190,,Uncommon,True,True,,733.505,0.9991,5279,733.48,1968.192,1928,2008,695,772,733.5,bright,True,,1976.839,2009.1795,1993.0093
13-191,images/13-191.jpg,13,191,,Rare,True,True,,733.605,0.9932,4130,733.743,1980.145,1929,2007,686,782,734.0,bright,True,,1976.8012,2009.2196,1993.0104
13-192,images/13-192.jpg,13,192,,Common,True,True,,733.574,0.9851,4493,733.637,1968.051,1930,2005,696,771,733.5,bright,True,,1976.8342,2009.2901,1993.0621
13-193,images/13-193.jpg,13,193,,Common,True,True,,733.574,0.9851,4493,733.637,1968.051,1930,2005,696,771,733.5,bright,True,,1976.8331,2009.1816,1993.0074
13-194,images/13-194.jpg,13,194,,Legendary,True,True,,733.475,0.9982,6638,733.464,1970.356,1920,2012,684,783,733.5,bright,True,,1976.7994,2009.2273,1993.0134
13-195,images/13-195.jpg,13,195,,Rare,True,True,,733.605,0.9932,4130,733.743,1980.145,1929,2007,686,782,734.0,bright,True,,1976.7573,2009.1632,1992.9602
13-196,images/13-196.jpg,13,196,,Rare,True,True,,733.605,0.9932,4130,733.743,1980.145,1929,2007,686,782,734.0,bright,True,,1976.8364,2009.2076,1993.022
13-197,images/13-197.jpg,13,197,,Super Rare,True,True,,733.627,0.9913,3454,733.735,1966.891,1929,2007,694,774,734.0,bright,True,,1976.7298,2009.1567,1992.9432
13-198,images/13-198.jpg,13,198,,Common,True,True,,733.574,0.9851,4493,733.637,1968.051,1930,2005,696,771,733.5,bright,True,,1976.8424,2009.1853,1993.0138
13-199,images/13-199.jpg,13,199,,Common,True,True,,733.574,0.9851,4493,733.637,1968.051,1930,2005,696,771,733.5,bright,True,,1976.8403,2009.1541,1992.9972
13-2,images/13-2.jpg,13,2,,Rare,True,True,,733.605,0.9932,4130,733.743,1980.145,1929,2007,686,782,734.0,bright,True,,1976.8164,2009.3293,1993.0729
13-20,images/13-20.jpg,13,20,,Common,True,True,,733.574,0.9851,4493,733.637,1968.051,1930,2005,696,771,733.5,bright,True,,1976.8517,2009.289,1993.0704
13-200,images/13-200.jpg,13,200,,Uncommon,True,True,,733.505,0.9991,5279,733.48,1968.192,1928,2008,695,772,733.5,bright,True,,1976.8726,2009.2842,1993.0784
13-201,images/13-201.jpg,13,201,,Uncommon,True,True,,733.505,0.9991,5279,733.48,1968.192,1928,2008,695,772,733.5,bright,True,,1976.8535,2009.3107,1993.0821
13-202,images/13-202.jpg,13,202,,Rare,True,True,,733.605,0.9932,4130,733.743,1980.145,1929,2007,686,782,734.0,bright,True,,1976.8771,2009.3629,1993.12
13-203,images/13-203.jpg,13,203,,Rare,True,True,,733.605,0.9932,4130,733.743,1980.145,1929,2007,686,782,734.0,bright,True,,1976.8666,2009.2836,1993.0751
13-204,images/13-204.jpg,13,204,,Uncommon,True,True,,733.505,0.9991,5279,733.48,1968.192,1928,2008,695,772,733.5,bright,True,,1976.8467,2009.3148,1993.0808
13-205,images/13-205.jpg,13,205,,Uncommon,True,True,,733.505,0.9991,5279,733.48,1968.192,1928,2008,695,772,733.5,bright,True,,1976.7815,2009.2733,1993.0274
13-206,images/13-206.jpg,13,206,,Uncommon,True,True,,733.505,0.9991,5279,733.48,1968.192,1928,2008,695,772,733.5,bright,True,,1976.8827,2009.3003,1993.0915
13-207,images/13-207.jpg,13,207,,Rare,True,True,,770.5,0.8366,18138,774.308,1889.296,1856,1938,611,913,762.0,bright,False,text-clipped,,,
13-21,images/13-21.jpg,13,21,,Common,True,True,,733.574,0.9851,4493,733.637,1968.051,1930,2005,696,771,733.5,bright,True,,1976.8095,2009.3369,1993.0732
13-213,images/13-213.jpg,13,213,,Epic,False,True,,733.011,0.9953,6632,733.037,1960.869,1918,2014,682,784,733.0,bright,True,,1976.8442,2009.303,1993.0736
13-216,images/13-216.jpg,13,216,,Epic,True,True,,733.007,0.9955,6631,733.036,1960.876,1918,2014,682,784,733.0,bright,True,,1976.8491,2009.3392,1993.0941
13-22,images/13-22.jpg,13,22,,Legendary,True,True,,733.472,0.998,6639,733.464,1970.349,1920,2012,684,783,733.5,bright,True,,1976.8611,2009.3885,1993.1248
13-224,images/13-224.jpg,13,224,,Epic,False,True,,733.007,0.9955,6631,733.035,1960.875,1918,2014,682,784,733.0,bright,True,,1976.8473,2009.3885,1993.1179
13-226,images/13-226.jpg,13,226,,Enchanted,False,True,,733.712,0.9872,6558,733.67,1966.508,1918,2015,691,777,734.0,bright,True,,1977.1951,2009.3576,1993.2763
13-227,images/13-227.jpg,13,227,,Enchanted,False,True,,733.895,0.9937,6871,733.857,1966.535,1917,2016,690,778,734.0,bright,True,,1976.8127,2009.3422,1993.0774
13-228,images/13-228.jpg,13,228,,Enchanted,False,True,,733.065,0.865,7546,726.796,1969.821,1918,2031,663,777,720.0,bright,True,,1976.9983,2009.3539,1993.1761
13-229,images/13-229.jpg,13,229,,Enchanted,False,True,,734.171,0.7881,8788,744.227,1976.102,1917,2031,690,816,753.0,bright,True,,1976.9296,2009.3239,1993.1268
13-23,images/13-23.jpg,13,23,,Common,True,True,,733.574,0.9851,4493,733.637,1968.051,1930,2005,696,771,733.5,bright,True,,1976.8496,2009.3039,1993.0768
13-230,images/13-230.jpg,13,230,,Enchanted,False,True,,733.795,0.9925,6813,733.795,1966.613,1917,2016,690,778,734.0,bright,True,,1976.9287,2009.2733,1993.101
13-231,images/13-231.jpg,13,231,,Enchanted,False,False,no-symmetry-peak,,0.7197,10073,747.337,1961.997,1915,2031,666,861,763.5,bright,True,,1976.8783,2009.303,1993.0906
13-232,images/13-232.jpg,13,232,,Enchanted,False,True,,733.138,0.948,6149,732.595,1965.265,1918,2014,691,777,734.0,bright,True,,1976.9178,2009.3836,1993.1507
13-233,images/13-233.jpg,13,233,,Enchanted,False,True,,733.616,0.9796,6570,733.647,1966.514,1918,2015,690,778,734.0,bright,True,,1976.8644,2009.3343,1993.0993
13-234,images/13-234.jpg,13,234,,Enchanted,False,True,,733.796,0.9846,6577,733.688,1966.253,1918,2015,691,777,734.0,bright,True,,1976.8557,2009.3124,1993.084
13-235,images/13-235.jpg,13,235,,Enchanted,False,True,,733.255,0.9652,6496,732.786,1965.567,1918,2014,690,777,733.5,bright,True,,1976.8327,2009.2716,1993.0522
13-236,images/13-236.jpg,13,236,,Enchanted,False,False,no-symmetry-peak,,0.5444,20287,685.777,1970.849,1892,2031,554,883,718.5,bright,True,,1976.9639,2009.2958,1993.1298
13-237,images/13-237.jpg,13,237,,Enchanted,False,True,,733.564,0.9742,6514,733.278,1965.83,1918,2014,690,777,733.5,bright,True,,1976.7565,2009.2981,1993.0273
13-238,images/13-238.jpg,13,238,,Enchanted,False,True,,733.365,0.9833,6604,733.195,1966.411,1918,2015,690,777,733.5,bright,True,,1976.948,2009.258,1993.103
13-239,images/13-239.jpg,13,239,,Enchanted,False,True,,733.984,0.9877,6680,733.998,1966.621,1918,2015,690,778,734.0,bright,True,,1976.9458,2009.2877,1993.1168
13-24,images/13-24.jpg,13,24,,Super Rare,True,True,,733.627,0.9913,3454,733.735,1966.891,1929,2007,694,774,734.0,bright,True,,1976.8041,2009.345,1993.0745
13-240,images/13-240.jpg,13,240,,Enchanted,False,True,,733.404,0.7718,4452,727.282,1959.994,1918,2006,690,777,733.5,bright,True,,1976.8588,2009.3211,1993.0899
13-241,images/13-241.jpg,13,241,,Enchanted,False,False,no-symmetry-peak,,0.8369,37598,804.797,1944.337,1856,2031,622,913,767.5,bright,True,,1976.831,2009.3649,1993.098
13-242,images/13-242.jpg,13,242,,Enchanted,False,True,,733.936,0.9968,6908,733.94,1966.605,1917,2016,690,778,734.0,bright,True,,1976.8922,2009.3968,1993.1445
13-243,images/13-243.jpg,13,243,,Enchanted,False,True,,733.89,0.9882,6862,733.808,1966.607,1917,2015,690,778,734.0,bright,True,,1976.6544,2008.7743,1992.7144
13-244,images/13-244.jpg,13,244,,Iconic,False,True,,733.393,0.5673,4354,724.799,1936.063,1856,2001,687,773,730.0,bright,False,text-height-29.0,,,
13-245,images/13-245.jpg,13,245,,Iconic,False,False,no-symmetry-peak,,0.4061,11630,758.7,1942.99,1884,2014,677,889,783.0,bright,False,text-height-29.1,,,
13-25,images/13-25.jpg,13,25,,Rare,True,True,,733.605,0.9932,4130,733.743,1980.145,1929,2007,686,782,734.0,bright,True,,1976.7566,2009.2927,1993.0246
13-26,images/13-26.jpg,13,26,,Rare,True,True,,733.605,0.9932,4130,733.743,1980.145,1929,2007,686,782,734.0,bright,True,,1976.8462,2009.3407,1993.0935
13-27,images/13-27.jpg,13,27,,Legendary,True,True,,733.5,1.0,63360,733.5,1943.5,1856,2031,554,913,733.5,bright,True,,1976.753,2009.2561,1993.0046
13-28,images/13-28.jpg,13,28,,Legendary,True,True,,733.504,0.9998,63345,733.542,1943.52,1856,2031,554,913,733.5,bright,True,,1976.8476,2009.3047,1993.0762
13-29,images/13-29.jpg,13,29,,Super Rare,True,True,,733.627,0.9913,3454,733.735,1966.891,1929,2007,694,774,734.0,bright,True,,1976.8423,2009.2953,1993.0688
13-3,images/13-3.jpg,13,3,,Common,True,True,,733.574,0.9851,4493,733.637,1968.051,1930,2005,696,771,733.5,bright,True,,1976.8061,2009.2053,1993.0057
13-3-PD1,images/13-3-PD1.jpg,13,3,PD1,Special,False,True,,733.51,0.9934,33518,733.651,1984.448,1918,2031,554,913,733.5,bright,True,,1976.7998,2009.1239,1992.9618
13-30,images/13-30.jpg,13,30,,Rare,True,True,,733.605,0.9932,4130,733.743,1980.145,1929,2007,686,782,734.0,bright,True,,1976.8481,2009.1722,1993.0102
13-31,images/13-31.jpg,13,31,,Super Rare,True,True,,733.627,0.9913,3454,733.735,1966.891,1929,2007,694,774,734.0,bright,True,,1976.8131,2009.222,1993.0175
13-32,images/13-32.jpg,13,32,,Common,True,True,,733.574,0.9851,4493,733.637,1968.051,1930,2005,696,771,733.5,bright,True,,1976.843,2009.3084,1993.0757
13-33,images/13-33.jpg,13,33,,Uncommon,True,True,,733.505,0.9991,5279,733.48,1968.192,1928,2008,695,772,733.5,bright,True,,1976.8513,2009.1853,1993.0183
13-34,images/13-34.jpg,13,34,,Common,True,True,,733.574,0.9851,4493,733.637,1968.051,1930,2005,696,771,733.5,bright,True,,1976.8023,2009.2276,1993.015
13-35,images/13-35.jpg,13,35,,Rare,True,True,,733.605,0.9932,4130,733.743,1980.145,1929,2007,686,782,734.0,bright,True,,1976.7519,2009.1739,1992.9629
13-36,images/13-36.jpg,13,36,,Uncommon,True,True,,733.505,0.9991,5279,733.48,1968.192,1928,2008,695,772,733.5,bright,True,,1976.8457,2009.228,1993.0368
13-37,images/13-37.jpg,13,37,,Uncommon,True,False,no-component,,,,,,,,,,,,False,text-too-thin,,,
13-38,images/13-38.jpg,13,38,,Common,True,True,,733.574,0.9851,4493,733.637,1968.051,1930,2005,696,771,733.5,bright,True,,1976.8582,2009.1699,1993.014
13-39,images/13-39.jpg,13,39,,Common,True,True,,733.574,0.9851,4493,733.637,1968.051,1930,2005,696,771,733.5,bright,True,,1976.8361,2009.1736,1993.0048
13-4,images/13-4.jpg,13,4,,Common,True,True,,733.574,0.9851,4493,733.637,1968.051,1930,2005,696,771,733.5,bright,True,,1976.7543,2009.2756,1993.0149
13-4-PD1,images/13-4-PD1.jpg,13,4,PD1,Special,False,True,,733.51,0.9934,33518,733.651,1984.448,1918,2031,554,913,733.5,bright,True,,1976.7317,2009.1979,1992.9648
13-40,images/13-40.jpg,13,40,,Common,True,True,,733.574,0.9851,4493,733.637,1968.051,1930,2005,696,771,733.5,bright,True,,1976.8055,2009.2241,1993.0148
13-41,images/13-41.jpg,13,41,,Common,True,True,,733.574,0.9851,4493,733.637,1968.051,1930,2005,696,771,733.5,bright,True,,1976.772,2009.2653,1993.0186
13-42,images/13-42.jpg,13,42,,Uncommon,True,True,,733.505,0.9991,5279,733.48,1968.192,1928,2008,695,772,733.5,bright,True,,1976.8021,2009.3456,1993.0738
13-43,images/13-43.jpg,13,43,,Uncommon,True,True,,733.505,0.9991,5279,733.48,1968.192,1928,2008,695,772,733.5,bright,True,,1976.805,2009.2254,1993.0152
13-44,images/13-44.jpg,13,44,,Common,True,True,,733.574,0.9851,4493,733.637,1968.051,1930,2005,696,771,733.5,bright,True,,1976.8451,2009.1898,1993.0175
13-45,images/13-45.jpg,13,45,,Uncommon,True,True,,733.505,0.9991,5279,733.48,1968.192,1928,2008,695,772,733.5,bright,True,,1976.7141,2009.2164,1992.9652
13-46,images/13-46.jpg,13,46,,Rare,True,True,,733.605,0.9932,4130,733.743,1980.145,1929,2007,686,782,734.0,bright,True,,1976.8018,2009.2748,1993.0383
13-47,images/13-47.jpg,13,47,,Common,True,True,,733.574,0.9851,4493,733.637,1968.051,1930,2005,696,771,733.5,bright,True,,1976.7084,2009.1878,1992.9481
13-48,images/13-48.jpg,13,48,,Common,True,True,,733.574,0.9851,4493,733.637,1968.051,1930,2005,696,771,733.5,bright,True,,1976.8164,2009.2127,1993.0146
13-49,images/13-49.jpg,13,49,,Rare,True,True,,733.605,0.9932,4130,733.743,1980.145,1929,2007,686,782,734.0,bright,True,,1976.7994,2009.2076,1993.0035
13-5,images/13-5.jpg,13,5,,Uncommon,True,True,,733.505,0.9991,5279,733.48,1968.192,1928,2008,695,772,733.5,bright,True,,1976.7132,2009.1925,1992.9528
13-5-PD1,images/13-5-PD1.jpg,13,5,PD1,Special,False,True,,733.51,0.9934,33518,733.651,1984.448,1918,2031,554,913,733.5,bright,True,,1976.7027,2009.1169,1992.9098
13-50,images/13-50.jpg,13,50,,Legendary,True,True,,733.472,0.998,6639,733.464,1970.349,1920,2012,684,783,733.5,bright,True,,1976.7526,2009.1603,1992.9564
13-51,images/13-51.jpg,13,51,,Rare,True,True,,733.605,0.9932,4130,733.743,1980.145,1929,2007,686,782,734.0,bright,True,,1976.7189,2009.2042,1992.9615
13-52,images/13-52.jpg,13,52,,Common,True,True,,733.574,0.9851,4493,733.637,1968.051,1930,2005,696,771,733.5,bright,True,,1976.7481,2009.2993,1993.0237
13-53,images/13-53.jpg,13,53,,Rare,True,True,,733.605,0.9932,4130,733.743,1980.145,1929,2007,686,782,734.0,bright,True,,1976.75,2009.1768,1992.9634
13-54,images/13-54.jpg,13,54,,Rare,True,True,,733.605,0.9932,4130,733.743,1980.145,1929,2007,686,782,734.0,bright,True,,1976.7117,2009.2209,1992.9663
13-55,images/13-55.jpg,13,55,,Uncommon,True,True,,733.505,0.9991,5279,733.48,1968.192,1928,2008,695,772,733.5,bright,True,,1976.677,2009.1635,1992.9203
13-56,images/13-56.jpg,13,56,,Uncommon,True,True,,733.505,0.9991,5279,733.48,1968.192,1928,2008,695,772,733.5,bright,True,,1976.7477,2009.2155,1992.9816
13-57,images/13-57.jpg,13,57,,Uncommon,True,True,,733.505,0.9991,5279,733.48,1968.192,1928,2008,695,772,733.5,bright,True,,1976.6745,2009.1243,1992.8994
13-58,images/13-58.jpg,13,58,,Common,True,True,,733.574,0.9851,4493,733.637,1968.051,1930,2005,696,771,733.5,bright,True,,1976.7654,2009.1572,1992.9613
13-59,images/13-59.jpg,13,59,,Super Rare,True,True,,733.627,0.9913,3454,733.735,1966.891,1929,2007,694,774,734.0,bright,True,,1976.744,2009.1595,1992.9517
13-6,images/13-6.jpg,13,6,,Uncommon,True,True,,733.505,0.9991,5279,733.48,1968.192,1928,2008,695,772,733.5,bright,True,,1976.8066,2009.2678,1993.0372
13-6-PD1,images/13-6-PD1.jpg,13,6,PD1,Special,False,True,,733.51,0.9934,33518,733.651,1984.448,1918,2031,554,913,733.5,bright,True,,1976.786,2009.187,1992.9865
13-60,images/13-60.jpg,13,60,,Super Rare,True,True,,733.627,0.9913,3454,733.735,1966.891,1929,2007,694,774,734.0,bright,True,,1976.8503,2009.2141,1993.0322
13-61,images/13-61.jpg,13,61,,Legendary,True,True,,733.475,0.9982,6638,733.464,1970.356,1920,2012,684,783,733.5,bright,True,,1976.8076,2009.2669,1993.0372
13-62,images/13-62.jpg,13,62,,Super Rare,True,True,,733.627,0.9913,3454,733.735,1966.891,1929,2007,694,774,734.0,bright,True,,1976.8476,2009.3389,1993.0932
13-63,images/13-63.jpg,13,63,,Rare,True,True,,733.605,0.9932,4130,733.743,1980.145,1929,2007,686,782,734.0,bright,True,,1976.8491,2009.2292,1993.0391
13-64,images/13-64.jpg,13,64,,Common,True,True,,733.574,0.9851,4493,733.637,1968.051,1930,2005,696,771,733.5,bright,True,,1976.7988,2009.2767,1993.0378
13-65,images/13-65.jpg,13,65,,Rare,True,True,,733.605,0.9932,4130,733.743,1980.145,1929,2007,686,782,734.0,bright,True,,1976.748,2009.2184,1992.9832
13-66,images/13-66.jpg,13,66,,Common,True,True,,733.574,0.9851,4493,733.637,1968.051,1930,2005,696,771,733.5,bright,True,,1976.8856,2009.2368,1993.0612
13-67,images/13-67.jpg,13,67,,Uncommon,True,True,,733.505,0.9991,5279,733.48,1968.192,1928,2008,695,772,733.5,bright,True,,1976.7413,2009.1842,1992.9628
13-68,images/13-68.jpg,13,68,,Uncommon,True,True,,733.505,0.9991,5279,733.48,1968.192,1928,2008,695,772,733.5,bright,True,,1976.861,2009.2184,1993.0397
13-69,images/13-69.jpg,13,69,,Common,True,True,,733.574,0.9851,4493,733.637,1968.051,1930,2005,696,771,733.5,bright,True,,1976.839,2009.2146,1993.0268
13-7,images/13-7.jpg,13,7,,Uncommon,True,True,,733.505,0.9991,5279,733.48,1968.192,1928,2008,695,772,733.5,bright,True,,1976.7051,2009.1681,1992.9366
13-7-PD1,images/13-7-PD1.jpg,13,7,PD1,Special,False,True,,733.51,0.9934,33518,733.651,1984.448,1918,2031,554,913,733.5,bright,True,,1976.6773,2009.0881,1992.8827
13-70,images/13-70.jpg,13,70,,Uncommon,True,True,,733.505,0.9991,5279,733.48,1968.192,1928,2008,695,772,733.5,bright,True,,1976.7391,2009.1446,1992.9418
13-71,images/13-71.jpg,13,71,,Rare,True,True,,733.605,0.9932,4130,733.743,1980.145,1929,2007,686,782,734.0,bright,True,,1976.7045,2009.1838,1992.9442
13-72,images/13-72.jpg,13,72,,Super Rare,True,True,,733.627,0.9913,3454,733.735,1966.891,1929,2007,694,774,734.0,bright,True,,1976.7442,2009.2658,1993.005
13-73,images/13-73.jpg,13,73,,Rare,True,False,no-core-component,,,,,,,,,,,,False,text-height-23.2,,,
13-74,images/13-74.jpg,13,74,,Uncommon,True,True,,733.505,0.9991,5279,733.48,1968.192,1928,2008,695,772,733.5,bright,True,,1976.7034,2009.1808,1992.9421
13-75,images/13-75.jpg,13,75,,Common,True,True,,733.574,0.9851,4493,733.637,1968.051,1930,2005,696,771,733.5,bright,True,,1976.6751,2009.1214,1992.8983
13-76,images/13-76.jpg,13,76,,Common,True,True,,733.574,0.9851,4493,733.637,1968.051,1930,2005,696,771,733.5,bright,True,,1976.7365,2009.176,1992.9562
13-77,images/13-77.jpg,13,77,,Rare,True,True,,733.605,0.9932,4130,733.743,1980.145,1929,2007,686,782,734.0,bright,True,,1976.6629,2009.0965,1992.8797
13-78,images/13-78.jpg,13,78,,Rare,True,True,,733.605,0.9932,4130,733.743,1980.145,1929,2007,686,782,734.0,bright,True,,1976.7437,2009.1455,1992.9446
13-79,images/13-79.jpg,13,79,,Super Rare,True,True,,733.627,0.9913,3454,733.735,1966.891,1929,2007,694,774,734.0,bright,True,,1976.7377,2009.1095,1992.9236
13-8,images/13-8.jpg,13,8,,Common,True,True,,733.574,0.9851,4493,733.637,1968.051,1930,2005,696,771,733.5,bright,True,,1976.8113,2009.2183,1993.0148
13-8-PD1,images/13-8-PD1.jpg,13,8,PD1,Special,False,True,,733.51,0.9934,33518,733.651,1984.448,1918,2031,554,913,733.5,bright,True,,1976.7948,2009.1326,1992.9637
13-80,images/13-80.jpg,13,80,,Common,True,True,,733.574,0.9851,4493,733.637,1968.051,1930,2005,696,771,733.5,bright,True,,1976.8567,2009.1719,1993.0143
13-81,images/13-81.jpg,13,81,,Uncommon,True,True,,733.505,0.9991,5279,733.48,1968.192,1928,2008,695,772,733.5,bright,True,,1976.8211,2009.2149,1993.018
13-82,images/13-82.jpg,13,82,,Common,True,True,,733.574,0.9851,4493,733.637,1968.051,1930,2005,696,771,733.5,bright,True,,1976.8473,2009.3055,1993.0764
13-83,images/13-83.jpg,13,83,,Uncommon,True,True,,733.505,0.9991,5279,733.48,1968.192,1928,2008,695,772,733.5,bright,True,,1976.8551,2009.1725,1993.0138
13-84,images/13-84.jpg,13,84,,Common,True,True,,733.574,0.9851,4493,733.637,1968.051,1930,2005,696,771,733.5,bright,True,,1976.8144,2009.2169,1993.0156
13-85,images/13-85.jpg,13,85,,Common,True,True,,733.574,0.9851,4493,733.637,1968.051,1930,2005,696,771,733.5,bright,True,,1976.763,2009.1576,1992.9603
13-86,images/13-86.jpg,13,86,,Uncommon,True,True,,733.505,0.9991,5279,733.48,1968.192,1928,2008,695,772,733.5,bright,True,,1976.8579,2009.2211,1993.0395
13-87,images/13-87.jpg,13,87,,Common,True,True,,733.574,0.9851,4493,733.637,1968.051,1930,2005,696,771,733.5,bright,True,,1976.7548,2009.1396,1992.9472
13-88,images/13-88.jpg,13,88,,Uncommon,True,True,,733.505,0.9991,5279,733.48,1968.192,1928,2008,695,772,733.5,bright,True,,1976.8645,2009.1664,1993.0155
13-89,images/13-89.jpg,13,89,,Rare,True,True,,733.605,0.9932,4130,733.743,1980.145,1929,2007,686,782,734.0,bright,True,,1976.8508,2009.1506,1993.0007
13-9,images/13-9.jpg,13,9,,Common,True,True,,733.574,0.9851,4493,733.637,1968.051,1930,2005,696,771,733.5,bright,True,,1976.8004,2009.197,1992.9987
13-9-P4,images/13-9-P4.jpg,13,9,P4,Special,False,True,,733.513,0.9932,33663,733.65,1984.274,1918,2031,554,913,733.5,bright,True,,1976.8792,2008.9685,1992.9238
13-90,images/13-90.jpg,13,90,,Uncommon,True,True,,733.505,0.9991,5279,733.48,1968.192,1928,2008,695,772,733.5,bright,True,,1976.8481,2009.1515,1992.9998
13-91,images/13-91.jpg,13,91,,Uncommon,True,True,,733.505,0.9991,5279,733.48,1968.192,1928,2008,695,772,733.5,bright,True,,1976.808,2009.2042,1993.0061
13-92,images/13-92.jpg,13,92,,Rare,True,True,,733.605,0.9932,4130,733.743,1980.145,1929,2007,686,782,734.0,bright,True,,1976.8405,2009.2937,1993.0671
13-93,images/13-93.jpg,13,93,,Common,True,True,,733.574,0.9851,4493,733.637,1968.051,1930,2005,696,771,733.5,bright,True,,1976.8425,2009.1657,1993.0041
13-94,images/13-94.jpg,13,94,,Rare,True,True,,733.605,0.9932,4130,733.743,1980.145,1929,2007,686,782,734.0,bright,True,,1976.7974,2009.2098,1993.0036
13-95,images/13-95.jpg,13,95,,Super Rare,True,True,,733.627,0.9913,3454,733.735,1966.891,1929,2007,694,774,734.0,bright,True,,1976.75,2009.1549,1992.9524
13-96,images/13-96.jpg,13,96,,Common,True,True,,733.574,0.9851,4493,733.637,1968.051,1930,2005,696,771,733.5,bright,True,,1976.839,2009.2147,1993.0268
13-97,images/13-97.jpg,13,97,,Legendary,True,True,,733.475,0.9982,6638,733.464,1970.356,1920,2012,684,783,733.5,bright,True,,1976.7416,2009.1164,1992.929
13-98,images/13-98.jpg,13,98,,Rare,True,True,,733.605,0.9932,4130,733.743,1980.145,1929,2007,686,782,734.0,bright,True,,1976.8546,2009.1475,1993.001
13-99,images/13-99.jpg,13,99,,Legendary,True,True,,733.475,0.9982,6638,733.464,1970.356,1920,2012,684,783,733.5,bright,True,,1976.8338,2009.151,1992.9924
2-1,images/2-1.jpg,2,1,,Uncommon,True,True,,733.505,0.9991,5279,733.48,1968.192,1928,2008,695,772,733.5,bright,True,,1976.9096,2009.4223,1993.166
2-10,images/2-10.jpg,2,10,,Common,True,True,,733.574,0.9851,4493,733.637,1968.051,1930,2005,696,771,733.5,bright,True,,1976.9527,2009.3807,1993.1667
2-100,images/2-100.jpg,2,100,,Rare,True,True,,733.627,0.9913,4140,733.747,1980.208,1929,2008,686,782,734.0,bright,True,,1976.9856,2009.3401,1993.1628
2-101,images/2-101.jpg,2,101,,Uncommon,True,True,,733.505,0.9991,5279,733.48,1968.192,1928,2008,695,772,733.5,bright,True,,1976.9309,2009.3854,1993.1582
2-102,images/2-102.jpg,2,102,,Rare,True,True,,733.627,0.9913,4140,733.747,1980.208,1929,2008,686,782,734.0,bright,True,,1977.0334,2009.4066,1993.22
2-103,images/2-103.jpg,2,103,,Common,True,True,,733.574,0.9851,4493,733.637,1968.051,1930,2005,696,771,733.5,bright,True,,1976.9951,2009.3351,1993.1651
2-104,images/2-104.jpg,2,104,,Common,True,True,,733.574,0.9851,4493,733.637,1968.051,1930,2005,696,771,733.5,bright,True,,1977.1247,2009.2958,1993.2102
2-105,images/2-105.jpg,2,105,,Uncommon,True,True,,733.505,0.9991,5279,733.48,1968.192,1928,2008,695,772,733.5,bright,True,,1976.8518,2009.3322,1993.092
2-106,images/2-106.jpg,2,106,,Legendary,True,True,,733.568,0.9913,5530,733.494,1969.566,1923,2008,689,779,734.0,bright,True,,1977.0969,2009.3452,1993.221
2-107,images/2-107.jpg,2,107,,Common,True,True,,733.574,0.9851,4493,733.637,1968.051,1930,2005,696,771,733.5,bright,True,,1976.7949,2009.3357,1993.0653
2-108,images/2-108.jpg,2,108,,Common,True,True,,733.574,0.9851,4493,733.637,1968.051,1930,2005,696,771,733.5,bright,True,,1977.0025,2009.3322,1993.1674
2-109,images/2-109.jpg,2,109,,Rare,True,True,,733.627,0.9913,4140,733.747,1980.208,1929,2008,686,782,734.0,bright,True,,1976.9397,2009.3584,1993.1491
2-11,images/2-11.jpg,2,11,,Common,True,True,,733.574,0.9851,4493,733.637,1968.051,1930,2005,696,771,733.5,bright,True,,1976.8976,2009.4271,1993.1624
2-110,images/2-110.jpg,2,110,,Super Rare,True,True,,733.597,0.9919,3452,733.688,1966.9,1929,2007,694,773,733.5,bright,True,,1976.9332,2009.3865,1993.1598
2-111,images/2-111.jpg,2,111,,Common,True,True,,733.574,0.9851,4493,733.637,1968.051,1930,2005,696,771,733.5,bright,True,,1976.8869,2009.4217,1993.1543
2-112,images/2-112.jpg,2,112,,Rare,True,True,,733.627,0.9913,4140,733.747,1980.208,1929,2008,686,782,734.0,bright,True,,1976.9706,2009.4472,1993.2089
2-113,images/2-113.jpg,2,113,,Uncommon,True,True,,733.505,0.9991,5279,733.48,1968.192,1928,2008,695,772,733.5,bright,True,,1976.9481,2009.38,1993.1641
2-114,images/2-114.jpg,2,114,,Rare,True,True,,733.627,0.9913,4140,733.747,1980.208,1929,2008,686,782,734.0,bright,True,,1977.1202,2009.3167,1993.2185
2-115,images/2-115.jpg,2,115,,Common,True,True,,733.574,0.9851,4493,733.637,1968.051,1930,2005,696,771,733.5,bright,True,,1976.8034,2009.3793,1993.0914
2-116,images/2-116.jpg,2,116,,Uncommon,True,True,,733.505,0.9991,5279,733.48,1968.192,1928,2008,695,772,733.5,bright,True,,1977.0163,2009.3834,1993.1999
2-117,images/2-117.jpg,2,117,,Common,True,True,,733.574,0.9851,4493,733.637,1968.051,1930,2005,696,771,733.5,bright,True,,1976.76,2009.3772,1993.0686
2-118,images/2-118.jpg,2,118,,Super Rare,True,True,,733.597,0.9919,3452,733.688,1966.9,1929,2007,694,773,733.5,bright,True,,1976.9459,2009.3821,1993.164
2-119,images/2-119.jpg,2,119,,Uncommon,True,True,,733.505,0.9991,5279,733.48,1968.192,1928,2008,695,772,733.5,bright,True,,1976.9004,2009.3999,1993.1502
2-12,images/2-12.jpg,2,12,,Super Rare,True,True,,733.597,0.9919,3452,733.688,1966.9,1929,2007,694,773,733.5,bright,True,,1976.9915,2009.4456,1993.2185
2-120,images/2-120.jpg,2,120,,Uncommon,True,True,,733.505,0.9991,5279,733.48,1968.192,1928,2008,695,772,733.5,bright,True,,1977.0428,2009.4055,1993.2241
2-121,images/2-121.jpg,2,121,,Rare,True,True,,733.627,0.9913,4140,733.747,1980.208,1929,2008,686,782,734.0,bright,True,,1976.9667,2009.4454,1993.206
2-122,images/2-122.jpg,2,122,,Common,True,True,,733.574,0.9851,4493,733.637,1968.051,1930,2005,696,771,733.5,bright,True,,1977.0882,2009.4602,1993.2742
2-123,images/2-123.jpg,2,123,,Super Rare,True,True,,733.597,0.9919,3452,733.688,1966.9,1929,2007,694,773,733.5,bright,True,,1977.0456,2009.4057,1993.2257
2-124,images/2-124.jpg,2,124,,Uncommon,True,True,,733.505,0.9991,5279,733.48,1968.192,1928,2008,695,772,733.5,bright,True,,1977.0534,2009.4112,1993.2323
2-125,images/2-125.jpg,2,125,,Legendary,True,True,,733.562,0.9915,5531,733.489,1969.561,1923,2008,689,779,734.0,bright,True,,1976.8681,2009.4063,1993.1372
2-126,images/2-126.jpg,2,126,,Rare,True,True,,733.627,0.9913,4140,733.747,1980.208,1929,2008,686,782,734.0,bright,True,,1977.1665,2009.4108,1993.2887
2-127,images/2-127.jpg,2,127,,Common,True,True,,733.574,0.9851,4493,733.637,1968.051,1930,2005,696,771,733.5,bright,True,,1976.8097,2009.4179,1993.1138
2-128,images/2-128.jpg,2,128,,Rare,True,True,,733.627,0.9913,4140,733.747,1980.208,1929,2008,686,782,734.0,bright,True,,1977.0742,2009.3992,1993.2367
2-129,images/2-129.jpg,2,129,,Common,True,True,,733.574,0.9851,4493,733.637,1968.051,1930,2005,696,771,733.5,bright,True,,1976.9537,2009.4403,1993.197
2-13,images/2-13.jpg,2,13,,Super Rare,True,True,,733.597,0.9919,3452,733.688,1966.9,1929,2007,694,773,733.5,bright,True,,1976.9587,2009.3801,1993.1694
2-130,images/2-130.jpg,2,130,,Rare,True,True,,733.627,0.9913,4140,733.747,1980.208,1929,2008,686,782,734.0,bright,True,,1976.9954,2009.3337,1993.1646
2-131,images/2-131.jpg,2,131,,Uncommon,True,True,,733.505,0.9991,5279,733.48,1968.192,1928,2008,695,772,733.5,bright,True,,1976.9437,2009.3796,1993.1616
2-132,images/2-132.jpg,2,132,,Common,True,True,,733.574,0.9851,4493,733.637,1968.051,1930,2005,696,771,733.5,bright,True,,1977.0328,2009.4059,1993.2193
2-133,images/2-133.jpg,2,133,,Uncommon,True,True,,733.505,0.9991,5279,733.48,1968.192,1928,2008,695,772,733.5,bright,True,,1977.0003,2009.3382,1993.1692
2-134,images/2-134.jpg,2,134,,Rare,True,True,,733.627,0.9913,4140,733.747,1980.208,1929,2008,686,782,734.0,bright,True,,1977.0388,2009.3284,1993.1836
2-135,images/2-135.jpg,2,135,,Common,True,True,,733.574,0.9851,4493,733.637,1968.051,1930,2005,696,771,733.5,bright,True,,1976.858,2009.3391,1993.0986
2-136,images/2-136.jpg,2,136,,Uncommon,True,True,,733.505,0.9991,5279,733.48,1968.192,1928,2008,695,772,733.5,bright,True,,1977.1222,2009.3346,1993.2284
2-137,images/2-137.jpg,2,137,,Legendary,True,True,,733.562,0.9915,5531,733.489,1969.561,1923,2008,689,779,734.0,bright,True,,1976.8051,2009.3369,1993.071
2-138,images/2-138.jpg,2,138,,Super Rare,True,True,,733.597,0.9919,3452,733.688,1966.9,1929,2007,694,773,733.5,bright,True,,1977.0213,2009.3304,1993.1758
2-139,images/2-139.jpg,2,139,,Common,True,True,,733.574,0.9851,4493,733.637,1968.051,1930,2005,696,771,733.5,bright,True,,1976.9485,2009.36,1993.1542
2-14,images/2-14.jpg,2,14,,Legendary,True,True,,733.562,0.9915,5531,733.489,1969.561,1923,2008,689,779,734.0,bright,True,,1977.179,2009.3065,1993.2427
2-14-P1,images/2-14-P1.jpg,2,14,P1,Special,True,True,,724.083,0.8803,5305,727.441,1967.557,1925,2011,689,778,733.5,bright,True,,1976.7882,2009.3237,1993.0559
2-140,images/2-140.jpg,2,140,,Common,True,True,,733.574,0.9851,4493,733.637,1968.051,1930,2005,696,771,733.5,bright,True,,1977.1131,2009.2996,1993.2064
2-141,images/2-141.jpg,2,141,,Uncommon,True,True,,733.505,0.9991,5279,733.48,1968.192,1928,2008,695,772,733.5,bright,True,,1977.1256,2009.316,1993.2208
2-142,images/2-142.jpg,2,142,,Super Rare,True,True,,733.597,0.9919,3452,733.688,1966.9,1929,2007,694,773,733.5,bright,True,,1977.0599,2009.4119,1993.2359
2-143,images/2-143.jpg,2,143,,Uncommon,True,True,,733.505,0.9991,5279,733.48,1968.192,1928,2008,695,772,733.5,bright,True,,1977.0493,2009.3303,1993.1898
2-144,images/2-144.jpg,2,144,,Common,True,True,,733.574,0.9851,4493,733.637,1968.051,1930,2005,696,771,733.5,bright,True,,1977.4705,2009.2172,1993.3438
2-145,images/2-145.jpg,2,145,,Uncommon,True,True,,733.505,0.9991,5279,733.48,1968.192,1928,2008,695,772,733.5,bright,True,,1976.8752,2009.3264,1993.1008
2-146,images/2-146.jpg,2,146,,Common,True,True,,733.574,0.9851,4493,733.637,1968.051,1930,2005,696,771,733.5,bright,True,,1977.2995,2009.2994,1993.2994
2-147,images/2-147.jpg,2,147,,Rare,True,True,,733.627,0.9913,4140,733.747,1980.208,1929,2008,686,782,734.0,bright,True,,1976.8481,2009.3126,1993.0804
2-148,images/2-148.jpg,2,148,,Super Rare,True,True,,733.597,0.9919,3452,733.688,1966.9,1929,2007,694,773,733.5,bright,True,,1977.1311,2009.3028,1993.2169
2-149,images/2-149.jpg,2,149,,Rare,True,True,,733.618,0.9913,4132,733.783,1980.124,1929,2007,686,782,734.0,bright,True,,1977.1324,2009.3068,1993.2196
2-15,images/2-15.jpg,2,15,,Common,True,True,,733.574,0.9851,4493,733.637,1968.051,1930,2005,696,771,733.5,bright,True,,1976.8117,2009.375,1993.0933
2-15-P1,images/2-15-P1.jpg,2,15,P1,Special,True,True,,724.042,0.8799,5297,727.453,1967.559,1925,2011,689,778,733.5,bright,True,,1976.6778,2009.3009,1992.9893
2-150,images/2-150.jpg,2,150,,Common,True,True,,733.574,0.9851,4493,733.637,1968.051,1930,2005,696,771,733.5,bright,True,,1976.8554,2009.3296,1993.0925
2-151,images/2-151.jpg,2,151,,Common,True,True,,733.574,0.9851,4493,733.637,1968.051,1930,2005,696,771,733.5,bright,True,,1976.8043,2009.3793,1993.0918
2-152,images/2-152.jpg,2,152,,Uncommon,True,True,,733.505,0.9991,5279,733.48,1968.192,1928,2008,695,772,733.5,bright,True,,1976.875,2009.4035,1993.1393
2-153,images/2-153.jpg,2,153,,Rare,True,True,,733.627,0.9913,4140,733.747,1980.208,1929,2008,686,782,734.0,bright,True,,1976.8579,2009.3356,1993.0968
2-154,images/2-154.jpg,2,154,,Uncommon,True,True,,733.505,0.9991,5279,733.48,1968.192,1928,2008,695,772,733.5,bright,True,,1976.8744,2009.324,1993.0992
2-155,images/2-155.jpg,2,155,,Rare,True,True,,733.627,0.9913,4140,733.747,1980.208,1929,2008,686,782,734.0,bright,True,,1976.7514,2009.334,1993.0427
2-156,images/2-156.jpg,2,156,,Common,True,True,,733.574,0.9851,4493,733.637,1968.051,1930,2005,696,771,733.5,bright,True,,1976.9067,2009.3342,1993.1204
2-157,images/2-157.jpg,2,157,,Rare,True,True,,733.627,0.9913,4140,733.747,1980.208,1929,2008,686,782,734.0,bright,True,,1976.718,2009.3274,1993.0227
2-158,images/2-158.jpg,2,158,,Common,True,True,,733.574,0.9851,4493,733.637,1968.051,1930,2005,696,771,733.5,bright,True,,1976.8734,2009.3227,1993.0981
2-159,images/2-159.jpg,2,159,,Legendary,True,True,,733.562,0.9915,5531,733.489,1969.561,1923,2008,689,779,734.0,bright,True,,1976.822,2009.3502,1993.0861
2-16,images/2-16.jpg,2,16,,Rare,True,True,,733.627,0.9913,4140,733.747,1980.208,1929,2008,686,782,734.0,bright,True,,1977.0809,2009.384,1993.2324
2-16-P1,images/2-16-P1.jpg,2,16,P1,Special,True,True,,723.917,0.8794,5340,727.329,1967.479,1924,2011,689,778,733.5,bright,True,,1979.0408,2009.566,1994.3034
2-160,images/2-160.jpg,2,160,,Common,True,True,,733.574,0.9851,4493,733.637,1968.051,1930,2005,696,771,733.5,bright,True,,1977.1083,2009.3474,1993.2279
2-161,images/2-161.jpg,2,161,,Rare,True,True,,733.627,0.9913,4140,733.747,1980.208,1929,2008,686,782,734.0,bright,True,,1977.0253,2009.3841,1993.2047
2-162,images/2-162.jpg,2,162,,Rare,True,True,,733.627,0.9913,4140,733.747,1980.208,1929,2008,686,782,734.0,bright,True,,1977.1725,2009.4123,1993.2924
2-163,images/2-163.jpg,2,163,,Uncommon,True,True,,733.505,0.9991,5279,733.48,1968.192,1928,2008,695,772,733.5,bright,True,,1977.1307,2009.3378,1993.2343
2-164,images/2-164.jpg,2,164,,Uncommon,True,True,,733.505,0.9991,5279,733.48,1968.192,1928,2008,695,772,733.5,bright,True,,1977.3042,2009.3013,1993.3028
2-165,images/2-165.jpg,2,165,,Common,True,True,,733.574,0.9851,4493,733.637,1968.051,1930,2005,696,771,733.5,bright,True,,1976.9055,2009.3407,1993.1231
2-166,images/2-166.jpg,2,166,,Uncommon,True,True,,733.505,0.9991,5279,733.48,1968.192,1928,2008,695,772,733.5,bright,True,,1977.2883,2009.3386,1993.3135
2-167,images/2-167.jpg,2,167,,Common,True,True,,733.574,0.9851,4493,733.637,1968.051,1930,2005,696,771,733.5,bright,True,,1976.8018,2009.3851,1993.0934
2-168,images/2-168.jpg,2,168,,Rare,True,True,,733.627,0.9913,4140,733.747,1980.208,1929,2008,686,782,734.0,bright,True,,1977.1505,2009.335,1993.2428
2-169,images/2-169.jpg,2,169,,Common,True,True,,733.574,0.9851,4493,733.637,1968.051,1930,2005,696,771,733.5,bright,True,,1977.0083,2009.369,1993.1887
2-17,images/2-17.jpg,2,17,,Uncommon,True,True,,733.505,0.9991,5279,733.48,1968.192,1928,2008,695,772,733.5,bright,True,,1976.7533,2009.3833,1993.0683
2-17-P1,images/2-17-P1.jpg,2,17,P1,Special,True,True,,724.083,0.8803,5305,727.441,1967.557,1925,2011,689,778,733.5,bright,True,,1976.6668,2009.2696,1992.9682
2-170,images/2-170.jpg,2,170,,Uncommon,True,True,,733.505,0.9991,5279,733.48,1968.192,1928,2008,695,772,733.5,bright,True,,1976.8075,2009.3356,1993.0715
2-171,images/2-171.jpg,2,171,,Common,True,True,,733.574,0.9851,4493,733.637,1968.051,1930,2005,696,771,733.5,bright,True,,1976.7648,2009.3792,1993.072
2-172,images/2-172.jpg,2,172,,Super Rare,True,True,,733.597,0.9919,3452,733.688,1966.9,1929,2007,694,773,733.5,bright,True,,1976.8087,2009.4232,1993.116
2-173,images/2-173.jpg,2,173,,Legendary,True,True,,733.562,0.9915,5531,733.489,1969.561,1923,2008,689,779,734.0,bright,True,,1976.8045,2009.3395,1993.072
2-174,images/2-174.jpg,2,174,,Common,True,True,,733.574,0.9851,4493,733.637,1968.051,1930,2005,696,771,733.5,bright,True,,1976.8407,2009.3166,1993.0786
2-175,images/2-175.jpg,2,175,,Rare,True,True,,733.627,0.9913,4140,733.747,1980.208,1929,2008,686,782,734.0,bright,True,,1976.7161,2009.3296,1993.0229
2-176,images/2-176.jpg,2,176,,Common,True,True,,733.574,0.9851,4493,733.637,1968.051,1930,2005,696,771,733.5,bright,True,,1976.8033,2009.3797,1993.0915
2-177,images/2-177.jpg,2,177,,Super Rare,True,True,,733.597,0.9919,3452,733.688,1966.9,1929,2007,694,773,733.5,bright,True,,1976.7017,2009.3098,1993.0058
2-178,images/2-178.jpg,2,178,,Common,True,True,,733.574,0.9851,4493,733.637,1968.051,1930,2005,696,771,733.5,bright,True,,1976.8041,2009.3403,1993.0722
2-179,images/2-179.jpg,2,179,,Uncommon,True,True,,733.505,0.9991,5279,733.48,1968.192,1928,2008,695,772,733.5,bright,True,,1976.7988,2009.3359,1993.0674
2-18,images/2-18.jpg,2,18,,Common,True,True,,733.574,0.9851,4493,733.637,1968.051,1930,2005,696,771,733.5,bright,True,,1976.9678,2009.3764,1993.1721
2-18-P1,images/2-18-P1.jpg,2,18,P1,Special,False,True,,734.8,0.8042,6450,736.382,1976.531,1923,2014,673,794,733.5,dark,True,,1976.7993,2009.2983,1993.0488
2-180,images/2-180.jpg,2,180,,Rare,True,True,,733.627,0.9913,4140,733.747,1980.208,1929,2008,686,782,734.0,bright,True,,1977.0025,2009.3359,1993.1692
2-181,images/2-181.jpg,2,181,,Rare,True,True,,733.627,0.9913,4140,733.747,1980.208,1929,2008,686,782,734.0,bright,True,,1976.9431,2009.3817,1993.1624
2-182,images/2-182.jpg,2,182,,Common,True,True,,733.574,0.9851,4493,733.637,1968.051,1930,2005,696,771,733.5,bright,True,,1977.0761,2009.3994,1993.2377
2-183,images/2-183.jpg,2,183,,Uncommon,True,True,,733.505,0.9991,5279,733.48,1968.192,1928,2008,695,772,733.5,bright,True,,1977.0199,2009.3331,1993.1765
2-184,images/2-184.jpg,2,184,,Common,True,True,,733.574,0.9851,4493,733.637,1968.051,1930,2005,696,771,733.5,bright,True,,1977.1397,2009.3,1993.2198
2-185,images/2-185.jpg,2,185,,Rare,True,True,,733.627,0.9913,4140,733.747,1980.208,1929,2008,686,782,734.0,bright,True,,1976.8661,2009.329,1993.0976
2-186,images/2-186.jpg,2,186,,Uncommon,True,True,,733.505,0.9991,5279,733.48,1968.192,1928,2008,695,772,733.5,bright,True,,1977.1456,2009.3317,1993.2387
2-187,images/2-187.jpg,2,187,,Uncommon,True,True,,733.505,0.9991,5279,733.48,1968.192,1928,2008,695,772,733.5,bright,True,,1976.8108,2009.3393,1993.0751
2-188,images/2-188.jpg,2,188,,Common,True,True,,733.574,0.9851,4493,733.637,1968.051,1930,2005,696,771,733.5,bright,True,,1977.0277,2009.3317,1993.1797
2-189,images/2-189.jpg,2,189,,Legendary,True,True,,733.562,0.9915,5531,733.489,1969.561,1923,2008,689,779,734.0,bright,True,,1976.9512,2009.3596,1993.1554
2-19,images/2-19.jpg,2,19,,Uncommon,True,True,,733.505,0.9991,5279,733.48,1968.192,1928,2008,695,772,733.5,bright,True,,1976.8961,2009.4117,1993.1539
2-19-P1,images/2-19-P1.jpg,2,19,P1,Special,False,True,,734.8,0.8042,6450,736.382,1976.531,1923,2014,673,794,733.5,dark,True,,1976.8034,2009.2676,1993.0355
2-190,images/2-190.jpg,2,190,,Uncommon,True,True,,733.505,0.9991,5279,733.48,1968.192,1928,2008,695,772,733.5,bright,True,,1976.938,2009.3577,1993.1479
2-191,images/2-191.jpg,2,191,,Common,True,True,,733.574,0.9851,4493,733.637,1968.051,1930,2005,696,771,733.5,bright,True,,1976.8944,2009.4014,1993.1479
2-192,images/2-192.jpg,2,192,,Rare,True,True,,733.627,0.9913,4140,733.747,1980.208,1929,2008,686,782,734.0,bright,True,,1976.9459,2009.439,1993.1925
2-193,images/2-193.jpg,2,193,,Uncommon,True,True,,733.505,0.9991,5279,733.48,1968.192,1928,2008,695,772,733.5,bright,True,,1976.9417,2009.3642,1993.1529
2-194,images/2-194.jpg,2,194,,Rare,True,True,,733.627,0.9913,4140,733.747,1980.208,1929,2008,686,782,734.0,bright,True,,1977.0454,2009.3118,1993.1786
2-195,images/2-195.jpg,2,195,,Uncommon,True,True,,733.505,0.9991,5279,733.48,1968.192,1928,2008,695,772,733.5,bright,True,,1976.821,2009.3527,1993.0868
2-196,images/2-196.jpg,2,196,,Super Rare,True,True,,733.597,0.9919,3452,733.688,1966.9,1929,2007,694,773,733.5,bright,True,,1976.9998,2009.3652,1993.1825
2-197,images/2-197.jpg,2,197,,Common,True,True,,733.574,0.9851,4493,733.637,1968.051,1930,2005,696,771,733.5,bright,True,,1976.798,2009.3273,1993.0627
2-198,images/2-198.jpg,2,198,,Common,True,True,,733.574,0.9851,4493,733.637,1968.051,1930,2005,696,771,733.5,bright,True,,1976.948,2009.3601,1993.154
2-199,images/2-199.jpg,2,199,,Common,True,True,,733.574,0.9851,4493,733.637,1968.051,1930,2005,696,771,733.5,bright,True,,1976.9467,2009.3472,1993.147
2-2,images/2-2.jpg,2,2,,Rare,True,True,,733.627,0.9913,4140,733.747,1980.208,1929,2008,686,782,734.0,bright,True,,1977.0253,2009.4471,1993.2362
2-2-D23,images/2-2-D23.jpg,2,2,D23,Special,False,True,,745.614,0.6774,7310,746.824,1969.144,1928,2007,651,817,734.0,bright,True,,1976.9246,2009.3893,1993.157
2-20,images/2-20.jpg,2,20,,Common,True,True,,733.574,0.9851,4493,733.637,1968.051,1930,2005,696,771,733.5,bright,True,,1977.0754,2009.4024,1993.2389
2-200,images/2-200.jpg,2,200,,Uncommon,True,True,,733.505,0.9991,5279,733.48,1968.192,1928,2008,695,772,733.5,bright,True,,1977.106,2009.3691,1993.2375
2-201,images/2-201.jpg,2,201,,Rare,True,True,,733.627,0.9913,4140,733.747,1980.208,1929,2008,686,782,734.0,bright,True,,1977.0451,2009.4054,1993.2252
2-202,images/2-202.jpg,2,202,,Common,True,True,,733.574,0.9851,4493,733.637,1968.051,1930,2005,696,771,733.5,bright,True,,1977.1422,2009.4268,1993.2845
2-203,images/2-203.jpg,2,203,,Uncommon,True,True,,733.505,0.9991,5279,733.48,1968.192,1928,2008,695,772,733.5,bright,True,,1977.1139,2009.3701,1993.242
2-204,images/2-204.jpg,2,204,,Rare,True,True,,733.627,0.9913,4140,733.747,1980.208,1929,2008,686,782,734.0,bright,True,,1977.0426,2009.4037,1993.2232
2-205,images/2-205.jpg,2,205,,Enchanted,False,True,,733.75,0.9897,5648,733.796,1968.6,1923,2014,694,774,734.0,bright,True,,1976.9259,2009.3659,1993.1459
2-206,images/2-206.jpg,2,206,,Enchanted,True,True,,733.75,0.9897,5648,733.796,1968.6,1923,2014,694,774,734.0,bright,True,,1977.2321,2009.3661,1993.2991
2-207,images/2-207.jpg,2,207,,Enchanted,False,True,,733.75,0.9897,5648,733.796,1968.6,1923,2014,694,774,734.0,bright,True,,1976.8583,2009.381,1993.1196
2-208,images/2-208.jpg,2,208,,Enchanted,False,True,,733.75,0.9897,5648,733.796,1968.6,1923,2014,694,774,734.0,bright,True,,1977.1215,2009.3618,1993.2416
2-209,images/2-209.jpg,2,209,,Enchanted,False,True,,733.5,1.0,63360,733.5,1943.5,1856,2031,554,913,733.5,bright,True,,1977.0068,2009.397,1993.2019
2-21,images/2-21.jpg,2,21,,Common,True,True,,733.574,0.9851,4493,733.637,1968.051,1930,2005,696,771,733.5,bright,True,,1976.9893,2009.4492,1993.2192
2-210,images/2-210.jpg,2,210,,Enchanted,False,True,,733.75,0.9897,5648,733.796,1968.6,1923,2014,694,774,734.0,bright,True,,1977.0491,2009.4011,1993.2251
2-211,images/2-211.jpg,2,211,,Enchanted,False,True,,733.75,0.9897,5648,733.796,1968.6,1923,2014,694,774,734.0,bright,True,,1976.9715,2009.4428,1993.2072
2-212,images/2-212.jpg,2,212,,Enchanted,False,True,,733.5,1.0,63360,733.5,1943.5,1856,2031,554,913,733.5,bright,True,,1977.102,2009.4566,1993.2793
2-213,images/2-213.jpg,2,213,,Enchanted,False,True,,733.75,0.9897,5648,733.796,1968.6,1923,2014,694,774,734.0,bright,True,,1977.042,2009.4076,1993.2248
2-214,images/2-214.jpg,2,214,,Enchanted,False,True,,733.605,0.9559,60683,740.22,1946.253,1856,2031,554,913,733.5,bright,True,,1977.0778,2009.4105,1993.2441
2-215,images/2-215.jpg,2,215,,Enchanted,False,True,,733.5,1.0,63360,733.5,1943.5,1856,2031,554,913,733.5,bright,True,,1976.8655,2009.408,1993.1368
2-216,images/2-216.jpg,2,216,,Enchanted,False,True,,733.75,0.9897,5648,733.796,1968.6,1923,2014,694,774,734.0,bright,True,,1977.1719,2009.4087,1993.2903
2-22,images/2-22.jpg,2,22,,Common,True,True,,733.574,0.9851,4493,733.637,1968.051,1930,2005,696,771,733.5,bright,True,,1977.1362,2009.4577,1993.2969
2-23,images/2-23.jpg,2,23,,Common,True,True,,733.574,0.9851,4493,733.637,1968.051,1930,2005,696,771,733.5,bright,True,,1977.1013,2009.4001,1993.2507
2-24,images/2-24.jpg,2,24,,Uncommon,True,True,,733.505,0.9991,5279,733.48,1968.192,1928,2008,695,772,733.5,bright,True,,1977.1151,2009.4064,1993.2608
2-25,images/2-25.jpg,2,25,,Legendary,True,True,,733.562,0.9915,5531,733.489,1969.561,1923,2008,689,779,734.0,bright,True,,1976.9003,2009.3979,1993.1491
2-26,images/2-26.jpg,2,26,,Super Rare,True,True,,733.597,0.9919,3452,733.688,1966.9,1929,2007,694,773,733.5,bright,True,,1977.2117,2009.405,1993.3084
2-27,images/2-27.jpg,2,27,,Common,True,True,,733.574,0.9851,4493,733.637,1968.051,1930,2005,696,771,733.5,bright,True,,1976.7973,2009.4288,1993.113
2-28,images/2-28.jpg,2,28,,Common,True,True,,733.574,0.9851,4493,733.637,1968.051,1930,2005,696,771,733.5,bright,True,,1977.0973,2009.3988,1993.2481
2-29,images/2-29.jpg,2,29,,Uncommon,True,True,,733.505,0.9991,5279,733.48,1968.192,1928,2008,695,772,733.5,bright,True,,1976.9836,2009.4334,1993.2085
2-3,images/2-3.jpg,2,3,,Rare,True,True,,733.627,0.9913,4140,733.747,1980.208,1929,2008,686,782,734.0,bright,True,,1976.9867,2009.3684,1993.1775
2-3-C1,images/2-3-C1.jpg,2,3,C1,Special,False,True,,717.568,0.798,10789,715.708,1958.77,1902,2017,621,868,744.5,bright,True,,1976.8131,2009.3333,1993.0732
2-30,images/2-30.jpg,2,30,,Common,True,True,,733.574,0.9851,4493,733.637,1968.051,1930,2005,696,771,733.5,bright,True,,1977.0348,2009.3313,1993.183
2-31,images/2-31.jpg,2,31,,Rare,True,True,,733.627,0.9913,4140,733.747,1980.208,1929,2008,686,782,734.0,bright,True,,1976.9646,2009.3814,1993.173
2-31-P1,images/2-31-P1.jpg,2,31,P1,Special,True,True,,724.125,0.8783,5499,727.594,1967.519,1924,2011,689,779,734.0,bright,True,,1976.7542,2009.315,1993.0346
2-32,images/2-32.jpg,2,32,,Uncommon,True,True,,733.505,0.9991,5279,733.48,1968.192,1928,2008,695,772,733.5,bright,True,,1977.093,2009.4018,1993.2474
2-32-P1,images/2-32-P1.jpg,2,32,P1,Special,True,True,,724.125,0.8783,5499,727.594,1967.519,1924,2011,689,779,734.0,bright,True,,1976.7789,2009.374,1993.0764
2-33,images/2-33.jpg,2,33,,Rare,True,True,,733.627,0.9913,4140,733.747,1980.208,1929,2008,686,782,734.0,bright,True,,1977.0398,2009.3324,1993.1861
2-33-P1,images/2-33-P1.jpg,2,33,P1,Special,True,True,,724.125,0.8783,5499,727.594,1967.519,1924,2011,689,779,734.0,bright,True,,1976.7684,2009.279,1993.0237
2-34,images/2-34.jpg,2,34,,Rare,True,True,,733.627,0.9913,4140,733.747,1980.208,1929,2008,686,782,734.0,bright,True,,1977.1105,2009.3157,1993.2131
2-35,images/2-35.jpg,2,35,,Super Rare,True,True,,733.597,0.9919,3452,733.688,1966.9,1929,2007,694,773,733.5,bright,True,,1976.8629,2009.3299,1993.0964
2-36,images/2-36.jpg,2,36,,Uncommon,True,True,,733.505,0.9991,5279,733.48,1968.192,1928,2008,695,772,733.5,bright,True,,1977.1685,2009.3296,1993.249
2-37,images/2-37.jpg,2,37,,Common,True,True,,733.574,0.9851,4493,733.637,1968.051,1930,2005,696,771,733.5,bright,True,,1976.7996,2009.3419,1993.0708
2-38,images/2-38.jpg,2,38,,Common,True,True,,733.574,0.9851,4493,733.637,1968.051,1930,2005,696,771,733.5,bright,True,,1977.0663,2009.3199,1993.1931
2-39,images/2-39.jpg,2,39,,Common,True,True,,733.574,0.9851,4493,733.637,1968.051,1930,2005,696,771,733.5,bright,True,,1976.9471,2009.3686,1993.1579
2-4,images/2-4.jpg,2,4,,Rare,True,True,,733.627,0.9913,4140,733.747,1980.208,1929,2008,686,782,734.0,bright,True,,1977.259,2009.2967,1993.2779
2-40,images/2-40.jpg,2,40,,Uncommon,True,True,,733.505,0.9991,5279,733.48,1968.192,1928,2008,695,772,733.5,bright,True,,1977.1658,2009.2965,1993.2312
2-41,images/2-41.jpg,2,41,,Legendary,True,True,,733.562,0.9915,5531,733.489,1969.561,1923,2008,689,779,734.0,bright,True,,1977.1836,2009.3071,1993.2454
2-42,images/2-42.jpg,2,42,,Common,True,True,,733.574,0.9851,4493,733.637,1968.051,1930,2005,696,771,733.5,bright,True,,1977.112,2009.4058,1993.2589
2-43,images/2-43.jpg,2,43,,Uncommon,True,True,,733.505,0.9991,5279,733.48,1968.192,1928,2008,695,772,733.5,bright,True,,1977.1086,2009.3171,1993.2129
2-44,images/2-44.jpg,2,44,,Common,True,True,,733.574,0.9851,4493,733.637,1968.051,1930,2005,696,771,733.5,bright,True,,1977.553,2009.1962,1993.3746
2-45,images/2-45.jpg,2,45,,Common,True,True,,733.574,0.9851,4493,733.637,1968.051,1930,2005,696,771,733.5,bright,True,,1976.8973,2009.3128,1993.105
2-46,images/2-46.jpg,2,46,,Rare,True,True,,733.627,0.9913,4140,733.747,1980.208,1929,2008,686,782,734.0,bright,True,,1977.3814,2009.2874,1993.3344
2-47,images/2-47.jpg,2,47,,Legendary,True,True,,733.577,0.9922,5533,733.546,1969.46,1923,2008,689,779,734.0,bright,True,,1976.8433,2009.3114,1993.0774
2-48,images/2-48.jpg,2,48,,Rare,True,True,,733.627,0.9913,4140,733.747,1980.208,1929,2008,686,782,734.0,bright,True,,1977.1866,2009.2819,1993.2343
2-49,images/2-49.jpg,2,49,,Uncommon,True,True,,733.505,0.9991,5279,733.48,1968.192,1928,2008,695,772,733.5,bright,True,,1977.1056,2009.3003,1993.2029
2-5,images/2-5.jpg,2,5,,Uncommon,True,True,,733.505,0.9991,5279,733.48,1968.192,1928,2008,695,772,733.5,bright,True,,1976.8212,2009.3678,1993.0945
2-50,images/2-50.jpg,2,50,,Common,True,True,,733.574,0.9851,4493,733.637,1968.051,1930,2005,696,771,733.5,bright,True,,1976.8641,2009.3294,1993.0968
2-51,images/2-51.jpg,2,51,,Uncommon,True,True,,733.505,0.9991,5279,733.48,1968.192,1928,2008,695,772,733.5,bright,True,,1976.8088,2009.3752,1993.092
2-52,images/2-52.jpg,2,52,,Rare,True,True,,733.627,0.9913,4140,733.747,1980.208,1929,2008,686,782,734.0,bright,True,,1976.8933,2009.401,1993.1472
2-53,images/2-53.jpg,2,53,,Rare,True,True,,733.627,0.9913,4140,733.747,1980.208,1929,2008,686,782,734.0,bright,True,,1976.8665,2009.3285,1993.0975
2-54,images/2-54.jpg,2,54,,Common,True,True,,733.574,0.9851,4493,733.637,1968.051,1930,2005,696,771,733.5,bright,True,,1976.8986,2009.313,1993.1058
2-55,images/2-55.jpg,2,55,,Super Rare,True,True,,733.597,0.9919,3452,733.688,1966.9,1929,2007,694,773,733.5,bright,True,,1976.7477,2009.3285,1993.0381
2-56,images/2-56.jpg,2,56,,Rare,True,True,,733.627,0.9913,4140,733.747,1980.208,1929,2008,686,782,734.0,bright,True,,1976.9228,2009.3278,1993.1253
2-57,images/2-57.jpg,2,57,,Uncommon,True,True,,733.505,0.9991,5279,733.48,1968.192,1928,2008,695,772,733.5,bright,True,,1976.703,2009.3336,1993.0183
2-58,images/2-58.jpg,2,58,,Uncommon,True,True,,733.505,0.9991,5279,733.48,1968.192,1928,2008,695,772,733.5,bright,True,,1976.8841,2009.3184,1993.1012
2-59,images/2-59.jpg,2,59,,Common,True,True,,733.574,0.9851,4493,733.637,1968.051,1930,2005,696,771,733.5,bright,True,,1976.812,2009.3572,1993.0846
2-6,images/2-6.jpg,2,6,,Uncommon,True,True,,733.505,0.9991,5279,733.48,1968.192,1928,2008,695,772,733.5,bright,True,,1977.1219,2009.3748,1993.2483
2-60,images/2-60.jpg,2,60,,Super Rare,True,True,,733.597,0.9919,3452,733.688,1966.9,1929,2007,694,773,733.5,bright,True,,1977.1573,2009.3258,1993.2416
2-61,images/2-61.jpg,2,61,,Uncommon,True,True,,733.505,0.9991,5279,733.48,1968.192,1928,2008,695,772,733.5,bright,True,,1977.0736,2009.3793,1993.2265
2-62,images/2-62.jpg,2,62,,Rare,True,True,,733.627,0.9913,4140,733.747,1980.208,1929,2008,686,782,734.0,bright,True,,1977.2141,2009.4033,1993.3087
2-63,images/2-63.jpg,2,63,,Common,True,True,,733.574,0.9851,4493,733.637,1968.051,1930,2005,696,771,733.5,bright,True,,1977.1771,2009.3307,1993.2539
2-64,images/2-64.jpg,2,64,,Common,True,True,,733.574,0.9851,4493,733.637,1968.051,1930,2005,696,771,733.5,bright,True,,1977.3901,2009.286,1993.338
2-65,images/2-65.jpg,2,65,,Uncommon,True,True,,733.505,0.9991,5279,733.48,1968.192,1928,2008,695,772,733.5,bright,True,,1976.9219,2009.3307,1993.1263
2-66,images/2-66.jpg,2,66,,Common,True,True,,733.574,0.9851,4493,733.637,1968.051,1930,2005,696,771,733.5,bright,True,,1977.341,2009.3302,1993.3356
2-67,images/2-67.jpg,2,67,,Rare,True,True,,733.627,0.9913,4140,733.747,1980.208,1929,2008,686,782,734.0,bright,True,,1976.8009,2009.3851,1993.093
2-68,images/2-68.jpg,2,68,,Rare,True,True,,733.627,0.9913,4140,733.747,1980.208,1929,2008,686,782,734.0,bright,True,,1977.1992,2009.3276,1993.2634
2-69,images/2-69.jpg,2,69,,Common,True,True,,733.574,0.9851,4493,733.637,1968.051,1930,2005,696,771,733.5,bright,True,,1977.0355,2009.3662,1993.2009
2-7,images/2-7.jpg,2,7,,Common,True,True,,733.574,0.9851,4493,733.637,1968.051,1930,2005,696,771,733.5,bright,True,,1976.7527,2009.3864,1993.0695
2-70,images/2-70.jpg,2,70,,Legendary,True,True,,733.562,0.9915,5531,733.489,1969.561,1923,2008,689,779,734.0,bright,True,,1976.803,2009.341,1993.072
2-71,images/2-71.jpg,2,71,,Uncommon,True,True,,733.505,0.9991,5279,733.48,1968.192,1928,2008,695,772,733.5,bright,True,,1976.7534,2009.3805,1993.067
2-72,images/2-72.jpg,2,72,,Legendary,True,True,,733.562,0.9915,5531,733.489,1969.561,1923,2008,689,779,734.0,bright,True,,1976.8062,2009.4291,1993.1177
2-73,images/2-73.jpg,2,73,,Uncommon,True,True,,733.505,0.9991,5279,733.48,1968.192,1928,2008,695,772,733.5,bright,True,,1976.8012,2009.3389,1993.07
2-74,images/2-74.jpg,2,74,,Uncommon,True,True,,733.505,0.9991,5279,733.48,1968.192,1928,2008,695,772,733.5,bright,True,,1976.8469,2009.3084,1993.0777
2-75,images/2-75.jpg,2,75,,Super Rare,True,True,,733.597,0.9919,3452,733.688,1966.9,1929,2007,694,773,733.5,bright,True,,1976.7081,2009.328,1993.0181
2-76,images/2-76.jpg,2,76,,Uncommon,True,True,,733.505,0.9991,5279,733.48,1968.192,1928,2008,695,772,733.5,bright,True,,1976.8032,2009.3764,1993.0898
2-77,images/2-77.jpg,2,77,,Uncommon,True,True,,733.505,0.9991,5279,733.48,1968.192,1928,2008,695,772,733.5,bright,True,,1976.6964,2009.3053,1993.0009
2-78,images/2-78.jpg,2,78,,Common,True,True,,733.574,0.9851,4493,733.637,1968.051,1930,2005,696,771,733.5,bright,True,,1976.8083,2009.3396,1993.0739
2-79,images/2-79.jpg,2,79,,Super Rare,True,True,,733.597,0.9919,3452,733.688,1966.9,1929,2007,694,773,733.5,bright,True,,1976.7932,2009.3277,1993.0605
2-8,images/2-8.jpg,2,8,,Uncommon,True,True,,733.505,0.9991,5279,733.48,1968.192,1928,2008,695,772,733.5,bright,True,,1976.9948,2009.3683,1993.1815
2-80,images/2-80.jpg,2,80,,Common,True,True,,733.574,0.9851,4493,733.637,1968.051,1930,2005,696,771,733.5,bright,True,,1977.0473,2009.3291,1993.1882
2-81,images/2-81.jpg,2,81,,Common,True,True,,733.574,0.9851,4493,733.637,1968.051,1930,2005,696,771,733.5,bright,True,,1976.974,2009.3781,1993.176
2-82,images/2-82.jpg,2,82,,Rare,True,True,,733.627,0.9913,4140,733.747,1980.208,1929,2008,686,782,734.0,bright,True,,1977.0953,2009.3998,1993.2475
2-83,images/2-83.jpg,2,83,,Common,True,True,,733.574,0.9851,4493,733.637,1968.051,1930,2005,696,771,733.5,bright,True,,1977.0569,2009.3234,1993.1901
2-84,images/2-84.jpg,2,84,,Rare,True,True,,733.627,0.9913,4140,733.747,1980.208,1929,2008,686,782,734.0,bright,True,,1977.1869,2009.284,1993.2354
2-85,images/2-85.jpg,2,85,,Rare,True,True,,733.627,0.9913,4140,733.747,1980.208,1929,2008,686,782,734.0,bright,True,,1976.8787,2009.3201,1993.0994
2-86,images/2-86.jpg,2,86,,Uncommon,True,True,,733.505,0.9991,5279,733.48,1968.192,1928,2008,695,772,733.5,bright,True,,1977.1905,2009.3309,1993.2607
2-87,images/2-87.jpg,2,87,,Common,True,True,,733.574,0.9851,4493,733.637,1968.051,1930,2005,696,771,733.5,bright,True,,1976.8075,2009.3374,1993.0725
2-88,images/2-88.jpg,2,88,,Rare,True,True,,733.627,0.9913,4140,733.747,1980.208,1929,2008,686,782,734.0,bright,True,,1977.0663,2009.3168,1993.1915
2-89,images/2-89.jpg,2,89,,Rare,True,True,,733.627,0.9913,4140,733.747,1980.208,1929,2008,686,782,734.0,bright,True,,1976.9566,2009.3582,1993.1574
2-9,images/2-9.jpg,2,9,,Rare,True,True,,733.627,0.9913,4140,733.747,1980.208,1929,2008,686,782,734.0,bright,True,,1976.9041,2009.409,1993.1565
2-90,images/2-90.jpg,2,90,,Common,True,True,,733.574,0.9851,4493,733.637,1968.051,1930,2005,696,771,733.5,bright,True,,1976.9462,2009.3644,1993.1553
2-91,images/2-91.jpg,2,91,,Common,True,True,,733.574,0.9851,4493,733.637,1968.051,1930,2005,696,771,733.5,bright,True,,1976.8992,2009.4125,1993.1558
2-92,images/2-92.jpg,2,92,,Common,True,True,,733.574,0.9851,4493,733.637,1968.051,1930,2005,696,771,733.5,bright,True,,1976.984,2009.4319,1993.208
2-93,images/2-93.jpg,2,93,,Super Rare,True,True,,733.597,0.9919,3452,733.688,1966.9,1929,2007,694,773,733.5,bright,True,,1976.9497,2009.3627,1993.1562
2-94,images/2-94.jpg,2,94,,Uncommon,True,True,,733.505,0.9991,5279,733.48,1968.192,1928,2008,695,772,733.5,bright,True,,1977.1026,2009.3009,1993.2018
2-95,images/2-95.jpg,2,95,,Common,True,True,,733.574,0.9851,4493,733.637,1968.051,1930,2005,696,771,733.5,bright,True,,1976.8144,2009.3569,1993.0857
2-96,images/2-96.jpg,2,96,,Rare,True,True,,733.62,0.9915,4139,733.74,1980.21,1929,2008,686,782,734.0,bright,True,,1977.0355,2009.364,1993.1998
2-97,images/2-97.jpg,2,97,,Uncommon,True,True,,733.505,0.9991,5279,733.48,1968.192,1928,2008,695,772,733.5,bright,True,,1976.7944,2009.3297,1993.062
2-98,images/2-98.jpg,2,98,,Common,True,True,,733.574,0.9851,4493,733.637,1968.051,1930,2005,696,771,733.5,bright,True,,1976.9624,2009.3558,1993.1591
2-99,images/2-99.jpg,2,99,,Common,True,True,,733.574,0.9851,4493,733.637,1968.051,1930,2005,696,771,733.5,bright,True,,1976.9661,2009.3384,1993.1523
3-1,images/3-1.jpg,3,1,,Rare,True,True,,733.677,0.991,4129,733.766,1980.054,1928,2007,686,782,734.0,bright,True,,1976.9413,2009.2982,1993.1198
3-10,images/3-10.jpg,3,10,,Common,True,True,,733.581,0.9851,4485,733.635,1968.069,1930,2005,696,771,733.5,bright,True,,1976.9646,2009.2667,1993.1156
3-100,images/3-100.jpg,3,100,,Common,True,False,no-core-component,,,,,,,,,,,,False,text-height-27.0,,,
3-101,images/3-101.jpg,3,101,,Rare,True,False,no-component,,,,,,,,,,,,False,text-height-15.6,,,
3-102,images/3-102.jpg,3,102,,Uncommon,True,False,no-core-component,,,,,,,,,,,,False,text-too-thin,,,
3-103,images/3-103.jpg,3,103,,Super Rare,True,True,,733.623,0.9919,3452,733.725,1966.878,1929,2007,694,774,734.0,bright,True,,1977.0306,2009.2194,1993.125
3-104,images/3-104.jpg,3,104,,Common,True,True,,733.581,0.9851,4485,733.635,1968.069,1930,2005,696,771,733.5,bright,True,,1977.1989,2009.155,1993.1769
3-105,images/3-105.jpg,3,105,,Rare,True,True,,733.677,0.9891,4135,733.831,1980.069,1928,2007,686,782,734.0,bright,True,,1976.8559,2009.2204,1993.0382
3-106,images/3-106.jpg,3,106,,Common,True,True,,733.57,0.9848,4484,733.609,1968.062,1930,2005,696,771,733.5,bright,True,,1977.1206,2009.2287,1993.1746
3-107,images/3-107.jpg,3,107,,Uncommon,True,True,,733.524,0.9985,5264,733.5,1968.226,1929,2008,695,772,733.5,bright,True,,1976.8189,2009.206,1993.0125
3-108,images/3-108.jpg,3,108,,Legendary,True,True,,733.566,0.9922,5527,733.519,1969.556,1923,2008,689,779,734.0,bright,True,,1976.9761,2009.2375,1993.1068
3-109,images/3-109.jpg,3,109,,Legendary,True,True,,733.572,0.9965,5477,733.607,1969.601,1924,2008,689,778,733.5,bright,True,,1976.977,2009.2248,1993.1009
3-11,images/3-11.jpg,3,11,,Common,True,True,,733.581,0.9851,4485,733.635,1968.069,1930,2005,696,771,733.5,bright,True,,1976.9207,2009.309,1993.1149
3-110,images/3-110.jpg,3,110,,Common,True,True,,733.581,0.9851,4485,733.635,1968.069,1930,2005,696,771,733.5,bright,True,,1976.9479,2009.2789,1993.1134
3-111,images/3-111.jpg,3,111,,Common,True,True,,733.57,0.9848,4484,733.609,1968.062,1930,2005,696,771,733.5,bright,True,,1976.9123,2009.3161,1993.1142
3-112,images/3-112.jpg,3,112,,Super Rare,True,True,,733.623,0.9919,3452,733.725,1966.878,1929,2007,694,774,734.0,bright,True,,1976.9845,2009.3746,1993.1795
3-113,images/3-113.jpg,3,113,,Uncommon,True,True,,733.52,0.9987,5265,733.506,1968.218,1929,2008,695,772,733.5,bright,True,,1976.9577,2009.276,1993.1169
3-114,images/3-114.jpg,3,114,,Rare,True,True,,733.677,0.9891,4135,733.831,1980.069,1928,2007,686,782,734.0,bright,True,,1977.1696,2009.1933,1993.1814
3-115,images/3-115.jpg,3,115,,Common,True,True,,733.581,0.9851,4485,733.635,1968.069,1930,2005,696,771,733.5,bright,True,,1976.8008,2009.2741,1993.0374
3-116,images/3-116.jpg,3,116,,Rare,True,True,,733.677,0.9891,4135,733.831,1980.069,1928,2007,686,782,734.0,bright,True,,1977.0262,2009.2808,1993.1535
3-117,images/3-117.jpg,3,117,,Common,True,True,,733.581,0.9851,4485,733.635,1968.069,1930,2005,696,771,733.5,bright,True,,1976.7756,2009.2602,1993.0179
3-118,images/3-118.jpg,3,118,,Common,True,True,,733.581,0.9851,4485,733.635,1968.069,1930,2005,696,771,733.5,bright,True,,1976.948,2009.2826,1993.1153
3-119,images/3-119.jpg,3,119,,Common,True,True,,733.581,0.9851,4485,733.635,1968.069,1930,2005,696,771,733.5,bright,True,,1976.9271,2009.2787,1993.1029
3-12,images/3-12.jpg,3,12,,Uncommon,True,True,,733.524,0.9985,5264,733.5,1968.226,1929,2008,695,772,733.5,bright,True,,1976.9974,2009.3687,1993.183
3-120,images/3-120.jpg,3,120,,Rare,True,True,,733.677,0.9891,4135,733.831,1980.069,1928,2007,686,782,734.0,bright,True,,1977.0625,2009.3228,1993.1926
3-121,images/3-121.jpg,3,121,,Super Rare,True,True,,733.623,0.9919,3452,733.725,1966.878,1929,2007,694,774,734.0,bright,True,,1976.989,2009.3712,1993.1801
3-122,images/3-122.jpg,3,122,,Uncommon,True,True,,733.524,0.9985,5264,733.5,1968.226,1929,2008,695,772,733.5,bright,True,,1977.1116,2009.4015,1993.2565
3-123,images/3-123.jpg,3,123,,Rare,True,True,,733.677,0.991,4129,733.766,1980.054,1928,2007,686,782,734.0,bright,True,,1977.0517,2009.3311,1993.1914
3-124,images/3-124.jpg,3,124,,Uncommon,True,True,,733.524,0.9985,5264,733.5,1968.226,1929,2008,695,772,733.5,bright,True,,1977.1219,2009.315,1993.2185
3-125,images/3-125.jpg,3,125,,Common,True,True,,733.57,0.9848,4484,733.609,1968.062,1930,2005,696,771,733.5,bright,True,,1976.87,2009.3279,1993.099
3-126,images/3-126.jpg,3,126,,Uncommon,True,True,,733.524,0.9985,5264,733.5,1968.226,1929,2008,695,772,733.5,bright,True,,1977.1752,2009.3284,1993.2518
3-127,images/3-127.jpg,3,127,,Common,True,True,,733.581,0.9851,4485,733.635,1968.069,1930,2005,696,771,733.5,bright,True,,1976.8222,2009.3344,1993.0783
3-128,images/3-128.jpg,3,128,,Uncommon,True,True,,733.524,0.9985,5264,733.5,1968.226,1929,2008,695,772,733.5,bright,True,,1977.0919,2009.322,1993.207
3-129,images/3-129.jpg,3,129,,Uncommon,True,True,,733.524,0.9985,5264,733.5,1968.226,1929,2008,695,772,733.5,bright,True,,1976.9778,2009.3548,1993.1663
3-13,images/3-13.jpg,3,13,,Common,True,True,,733.581,0.9851,4485,733.635,1968.069,1930,2005,696,771,733.5,bright,True,,1976.9802,2009.2625,1993.1214
3-130,images/3-130.jpg,3,130,,Rare,True,True,,733.677,0.991,4129,733.766,1980.054,1928,2007,686,782,734.0,bright,True,,1977.0189,2009.225,1993.1219
3-131,images/3-131.jpg,3,131,,Common,True,True,,733.581,0.9851,4485,733.635,1968.069,1930,2005,696,771,733.5,bright,True,,1976.9542,2009.2769,1993.1155
3-132,images/3-132.jpg,3,132,,Rare,True,True,,733.668,0.991,4129,733.774,1980.069,1928,2007,686,782,734.0,bright,True,,1977.051,2009.3321,1993.1915
3-133,images/3-133.jpg,3,133,,Uncommon,True,True,,733.52,0.9987,5265,733.506,1968.218,1929,2008,695,772,733.5,bright,True,,1977.033,2009.2229,1993.1279
3-134,images/3-134.jpg,3,134,,Common,True,True,,678.75,0.769,658,674.986,1908.989,1904,1917,633,710,671.5,dark,False,text-height-25.2,,,
3-135,images/3-135.jpg,3,135,,Uncommon,True,False,no-core-component,,,,,,,,,,,,False,text-clipped,,,
3-136,images/3-136.jpg,3,136,,Rare,True,False,no-core-component,,,,,,,,,,,,False,text-clipped,,,
3-137,images/3-137.jpg,3,137,,Rare,True,True,,733.677,0.9891,4135,733.831,1980.069,1928,2007,686,782,734.0,bright,True,,1976.8167,2009.2216,1993.0191
3-138,images/3-138.jpg,3,138,,Common,True,True,,733.581,0.9851,4485,733.635,1968.069,1930,2005,696,771,733.5,bright,True,,1977.0432,2009.2146,1993.1289
3-139,images/3-139.jpg,3,139,,Uncommon,True,True,,733.524,0.9985,5264,733.5,1968.226,1929,2008,695,772,733.5,bright,True,,1976.9782,2009.2379,1993.1081
3-14,images/3-14.jpg,3,14,,Common,True,True,,733.581,0.9851,4485,733.635,1968.069,1930,2005,696,771,733.5,bright,True,,1977.2389,2009.1677,1993.2033
3-140,images/3-140.jpg,3,140,,Uncommon,True,True,,733.524,0.9985,5264,733.5,1968.226,1929,2008,695,772,733.5,bright,True,,1977.188,2009.1582,1993.1731
3-141,images/3-141.jpg,3,141,,Uncommon,True,True,,733.524,0.9985,5264,733.5,1968.226,1929,2008,695,772,733.5,bright,True,,1977.1778,2009.1877,1993.1828
3-142,images/3-142.jpg,3,142,,Common,True,True,,733.581,0.9851,4485,733.635,1968.069,1930,2005,696,771,733.5,bright,True,,1977.1297,2009.3156,1993.2226
3-143,images/3-143.jpg,3,143,,Legendary,True,True,,733.572,0.9965,5477,733.607,1969.601,1924,2008,689,778,733.5,bright,True,,1977.1341,2009.1871,1993.1606
3-144,images/3-144.jpg,3,144,,Rare,True,True,,733.677,0.9891,4135,733.831,1980.069,1928,2007,686,782,734.0,bright,True,,1977.5152,2009.0689,1993.2921
3-145,images/3-145.jpg,3,145,,Rare,True,True,,733.632,0.9923,4132,733.754,1980.139,1929,2007,686,782,734.0,bright,True,,1976.8773,2009.214,1993.0456
3-146,images/3-146.jpg,3,146,,Common,True,True,,733.581,0.9851,4485,733.635,1968.069,1930,2005,696,771,733.5,bright,True,,1977.3631,2009.1532,1993.2582
3-147,images/3-147.jpg,3,147,,Uncommon,True,True,,733.524,0.9985,5264,733.5,1968.226,1929,2008,695,772,733.5,bright,True,,1976.8621,2009.1821,1993.0221
3-148,images/3-148.jpg,3,148,,Common,True,True,,733.581,0.9851,4485,733.635,1968.069,1930,2005,696,771,733.5,bright,True,,1977.1729,2009.1705,1993.1717
3-149,images/3-149.jpg,3,149,,Common,True,True,,733.581,0.9851,4485,733.635,1968.069,1930,2005,696,771,733.5,bright,True,,1977.1286,2009.1665,1993.1475
3-15,images/3-15.jpg,3,15,,Legendary,True,True,,733.572,0.9965,5477,733.605,1969.6,1924,2008,689,778,733.5,bright,True,,1976.8125,2009.258,1993.0353
3-150,images/3-150.jpg,3,150,,Common,True,True,,733.581,0.9851,4485,733.635,1968.069,1930,2005,696,771,733.5,bright,True,,1976.8537,2009.2227,1993.0382
3-151,images/3-151.jpg,3,151,,Rare,True,True,,733.668,0.9894,4136,733.828,1980.06,1928,2007,686,782,734.0,bright,True,,1976.8012,2009.2757,1993.0385
3-152,images/3-152.jpg,3,152,,Common,True,True,,733.581,0.9851,4485,733.635,1968.069,1930,2005,696,771,733.5,bright,True,,1976.8717,2009.3308,1993.1012
3-153,images/3-153.jpg,3,153,,Common,True,True,,733.581,0.9851,4485,733.635,1968.069,1930,2005,696,771,733.5,bright,True,,1976.8639,2009.2187,1993.0413
3-154,images/3-154.jpg,3,154,,Super Rare,True,True,,733.623,0.9919,3452,733.725,1966.878,1929,2007,694,774,734.0,bright,True,,1976.9041,2009.1814,1993.0428
3-155,images/3-155.jpg,3,155,,Uncommon,True,True,,733.524,0.9985,5264,733.5,1968.226,1929,2008,695,772,733.5,bright,True,,1976.7394,2009.2213,1992.9804
3-156,images/3-156.jpg,3,156,,Uncommon,True,True,,733.524,0.9985,5264,733.5,1968.226,1929,2008,695,772,733.5,bright,True,,1976.9145,2009.2216,1993.068
3-157,images/3-157.jpg,3,157,,Super Rare,True,True,,733.623,0.9919,3452,733.725,1966.878,1929,2007,694,774,734.0,bright,True,,1976.72,2009.2059,1992.963
3-158,images/3-158.jpg,3,158,,Super Rare,True,True,,733.623,0.9919,3452,733.725,1966.878,1929,2007,694,774,734.0,bright,True,,1976.8705,2009.2072,1993.0388
3-159,images/3-159.jpg,3,159,,Common,True,True,,733.581,0.9851,4485,733.635,1968.069,1930,2005,696,771,733.5,bright,True,,1976.8362,2009.2251,1993.0306
3-16,images/3-16.jpg,3,16,,Super Rare,True,True,,733.623,0.9919,3452,733.725,1966.878,1929,2007,694,774,734.0,bright,True,,1977.0863,2009.2701,1993.1782
3-160,images/3-160.jpg,3,160,,Rare,True,True,,733.677,0.9891,4135,733.831,1980.069,1928,2007,686,782,734.0,bright,True,,1977.1183,2009.2289,1993.1736
3-161,images/3-161.jpg,3,161,,Uncommon,True,True,,733.52,0.9987,5265,733.506,1968.218,1929,2008,695,772,733.5,bright,True,,1977.0224,2009.2811,1993.1518
3-162,images/3-162.jpg,3,162,,Common,True,True,,733.581,0.9851,4485,733.635,1968.069,1930,2005,696,771,733.5,bright,True,,1977.1762,2009.3299,1993.2531
3-163,images/3-163.jpg,3,163,,Rare,True,True,,733.668,0.991,4129,733.774,1980.069,1928,2007,686,782,734.0,bright,True,,1977.1508,2009.226,1993.1884
3-164,images/3-164.jpg,3,164,,Rare,True,True,,733.668,0.991,4129,733.774,1980.069,1928,2007,686,782,734.0,bright,True,,1977.3493,2009.1586,1993.2539
3-165,images/3-165.jpg,3,165,,Legendary,True,True,,733.577,0.9963,5478,733.609,1969.594,1924,2008,689,778,733.5,bright,True,,1976.9108,2009.2225,1993.0666
3-166,images/3-166.jpg,3,166,,Uncommon,True,True,,733.52,0.9987,5265,733.506,1968.218,1929,2008,695,772,733.5,bright,True,,1977.2799,2009.228,1993.2539
3-167,images/3-167.jpg,3,167,,Common,True,True,,733.581,0.9848,4486,733.63,1968.062,1930,2005,696,771,733.5,bright,True,,1976.8091,2009.2676,1993.0383
3-168,images/3-168.jpg,3,168,,Rare,True,False,no-core-component,,,,,,,,,,,,False,text-clipped,,,
3-169,images/3-169.jpg,3,169,,Common,True,True,,689.708,0.7864,1587,690.009,1968.55,1946,1989,665,713,689.0,dark,False,text-clipped,,,
3-17,images/3-17.jpg,3,17,,Rare,True,True,,733.677,0.9891,4135,733.831,1980.069,1928,2007,686,782,734.0,bright,True,,1976.7695,2009.2547,1993.0121
3-170,images/3-170.jpg,3,170,,Uncommon,True,False,no-core-component,,,,,,,,,,,,False,text-clipped,,,
3-171,images/3-171.jpg,3,171,,Common,True,True,,733.581,0.9851,4485,733.635,1968.069,1930,2005,696,771,733.5,bright,True,,1976.7757,2009.2604,1993.0181
3-172,images/3-172.jpg,3,172,,Common,True,True,,733.581,0.9851,4485,733.635,1968.069,1930,2005,696,771,733.5,bright,True,,1976.8206,2009.3358,1993.0782
3-173,images/3-173.jpg,3,173,,Rare,True,True,,733.677,0.9891,4135,733.831,1980.069,1928,2007,686,782,734.0,bright,True,,1976.8218,2009.2117,1993.0167
3-174,images/3-174.jpg,3,174,,Rare,True,True,,733.677,0.9891,4135,733.831,1980.069,1928,2007,686,782,734.0,bright,True,,1976.8572,2009.1807,1993.019
3-175,images/3-175.jpg,3,175,,Common,True,True,,733.581,0.9851,4485,733.635,1968.069,1930,2005,696,771,733.5,bright,True,,1976.7241,2009.1989,1992.9615
3-176,images/3-176.jpg,3,176,,Rare,True,True,,733.677,0.9891,4135,733.831,1980.069,1928,2007,686,782,734.0,bright,True,,1976.8152,2009.2619,1993.0385
3-177,images/3-177.jpg,3,177,,Common,True,True,,733.581,0.9851,4485,733.635,1968.069,1930,2005,696,771,733.5,bright,True,,1976.7128,2009.1736,1992.9432
3-178,images/3-178.jpg,3,178,,Super Rare,True,True,,733.623,0.9919,3452,733.725,1966.878,1929,2007,694,774,734.0,bright,True,,1976.8251,2009.2138,1993.0194
3-179,images/3-179.jpg,3,179,,Uncommon,True,True,,733.524,0.9985,5264,733.5,1968.226,1929,2008,695,772,733.5,bright,True,,1976.8185,2009.2026,1993.0106
3-18,images/3-18.jpg,3,18,,Uncommon,True,True,,733.52,0.9987,5265,733.506,1968.218,1929,2008,695,772,733.5,bright,True,,1976.9694,2009.2688,1993.1191
3-180,images/3-180.jpg,3,180,,Uncommon,True,True,,733.524,0.9985,5264,733.5,1968.226,1929,2008,695,772,733.5,bright,True,,1977.0277,2009.2242,1993.1259
3-181,images/3-181.jpg,3,181,,Common,True,True,,733.581,0.9851,4485,733.635,1968.069,1930,2005,696,771,733.5,bright,True,,1976.9458,2009.2836,1993.1147
3-182,images/3-182.jpg,3,182,,Legendary,True,True,,733.572,0.9965,5477,733.605,1969.6,1924,2008,689,778,733.5,bright,True,,1977.0861,2009.3233,1993.2047
3-183,images/3-183.jpg,3,183,,Common,True,True,,733.581,0.9851,4485,733.635,1968.069,1930,2005,696,771,733.5,bright,True,,1977.044,2009.2178,1993.1309
3-184,images/3-184.jpg,3,184,,Uncommon,True,True,,733.524,0.9985,5264,733.5,1968.226,1929,2008,695,772,733.5,bright,True,,1977.1776,2009.1697,1993.1736
3-185,images/3-185.jpg,3,185,,Rare,True,True,,733.677,0.9891,4135,733.831,1980.069,1928,2007,686,782,734.0,bright,True,,1976.8651,2009.2141,1993.0396
3-186,images/3-186.jpg,3,186,,Uncommon,True,True,,733.524,0.9985,5264,733.5,1968.226,1929,2008,695,772,733.5,bright,True,,1977.1484,2009.2178,1993.1831
3-187,images/3-187.jpg,3,187,,Rare,True,True,,733.677,0.9891,4135,733.831,1980.069,1928,2007,686,782,734.0,bright,True,,1976.8273,2009.212,1993.0197
3-188,images/3-188.jpg,3,188,,Common,True,True,,733.581,0.9851,4485,733.635,1968.069,1930,2005,696,771,733.5,bright,True,,1977.0388,2009.2223,1993.1306
3-189,images/3-189.jpg,3,189,,Common,True,True,,733.581,0.9851,4485,733.635,1968.069,1930,2005,696,771,733.5,bright,True,,1976.9867,2009.2295,1993.1081
3-19,images/3-19.jpg,3,19,,Super Rare,True,True,,733.623,0.9919,3452,733.725,1966.878,1929,2007,694,774,734.0,bright,True,,1976.9276,2009.287,1993.1073
3-190,images/3-190.jpg,3,190,,Legendary,True,True,,733.572,0.9965,5477,733.607,1969.601,1924,2008,689,778,733.5,bright,True,,1976.9746,2009.2316,1993.1031
3-191,images/3-191.jpg,3,191,,Super Rare,True,True,,733.623,0.9919,3452,733.725,1966.878,1929,2007,694,774,734.0,bright,True,,1976.9245,2009.2816,1993.1031
3-192,images/3-192.jpg,3,192,,Super Rare,True,True,,733.623,0.9919,3452,733.725,1966.878,1929,2007,694,774,734.0,bright,True,,1976.9735,2009.3575,1993.1655
3-193,images/3-193.jpg,3,193,,Uncommon,True,True,,733.524,0.9985,5264,733.5,1968.226,1929,2008,695,772,733.5,bright,True,,1976.9736,2009.2407,1993.1072
3-194,images/3-194.jpg,3,194,,Uncommon,True,True,,733.524,0.9985,5264,733.5,1968.226,1929,2008,695,772,733.5,bright,True,,1977.1235,2009.168,1993.1457
3-195,images/3-195.jpg,3,195,,Rare,True,True,,733.677,0.991,4129,733.766,1980.054,1928,2007,686,782,734.0,bright,True,,1976.8375,2009.2247,1993.0311
3-196,images/3-196.jpg,3,196,,Common,True,True,,733.581,0.9851,4485,733.635,1968.069,1930,2005,696,771,733.5,bright,True,,1977.0248,2009.2603,1993.1426
3-197,images/3-197.jpg,3,197,,Common,True,True,,733.581,0.9851,4485,733.635,1968.069,1930,2005,696,771,733.5,bright,True,,1976.8138,2009.2037,1993.0088
3-198,images/3-198.jpg,3,198,,Uncommon,True,True,,733.524,0.9985,5264,733.5,1968.226,1929,2008,695,772,733.5,bright,True,,1976.9847,2009.2295,1993.1071
3-199,images/3-199.jpg,3,199,,Uncommon,True,True,,733.52,0.9987,5265,733.506,1968.218,1929,2008,695,772,733.5,bright,True,,1976.9687,2009.2252,1993.0969
3-2,images/3-2.jpg,3,2,,Rare,True,True,,733.677,0.9891,4135,733.831,1980.069,1928,2007,686,782,734.0,bright,True,,1977.0353,2009.3657,1993.2005
3-20,images/3-20.jpg,3,20,,Uncommon,True,True,,733.524,0.9985,5264,733.5,1968.226,1929,2008,695,772,733.5,bright,True,,1977.1069,2009.3132,1993.2101
3-200,images/3-200.jpg,3,200,,Common,True,True,,733.581,0.9848,4486,733.63,1968.062,1930,2005,696,771,733.5,bright,True,,1977.1301,2009.2802,1993.2051
3-201,images/3-201.jpg,3,201,,Rare,True,True,,733.668,0.991,4129,733.774,1980.069,1928,2007,686,782,734.0,bright,True,,1977.0671,2009.3242,1993.1956
3-202,images/3-202.jpg,3,202,,Rare,True,True,,732.75,0.6764,547,732.684,1867.455,1856,1888,723,750,736.5,dark,False,text-too-thin,,,
3-203,images/3-203.jpg,3,203,,Common,True,False,no-core-component,,,,,,,,,,,,False,text-clipped,,,
3-204,images/3-204.jpg,3,204,,Uncommon,True,False,no-core-component,,,,,,,,,,,,False,text-too-thin,,,
3-205,images/3-205.jpg,3,205,,Enchanted,False,True,,733.5,1.0,63360,733.5,1943.5,1856,2031,554,913,733.5,bright,True,,1976.9349,2009.2795,1993.1072
3-206,images/3-206.jpg,3,206,,Enchanted,False,True,,733.679,0.9893,5618,733.764,1968.647,1923,2014,694,774,734.0,bright,True,,1977.237,2009.2834,1993.2602
3-207,images/3-207.jpg,3,207,,Enchanted,False,False,no-component,,,,,,,,,,,,False,text-too-thin,,,
3-208,images/3-208.jpg,3,208,,Enchanted,False,True,,733.679,0.9893,5618,733.764,1968.647,1923,2014,694,774,734.0,bright,True,,1977.1566,2009.2713,1993.214
3-209,images/3-209.jpg,3,209,,Enchanted,False,True,,733.679,0.9893,5618,733.764,1968.647,1923,2014,694,774,734.0,bright,True,,1977.0387,2009.3134,1993.176
3-21,images/3-21.jpg,3,21,,Uncommon,True,True,,733.524,0.9985,5264,733.5,1968.226,1929,2008,695,772,733.5,bright,True,,1977.0009,2009.3692,1993.1851
3-210,images/3-210.jpg,3,210,,Enchanted,False,True,,733.679,0.9893,5618,733.764,1968.647,1923,2014,694,774,734.0,bright,True,,1977.0628,2009.3252,1993.194
3-211,images/3-211.jpg,3,211,,Enchanted,False,True,,733.602,0.875,56319,746.938,1951.399,1856,2031,554,913,733.5,bright,True,,1976.992,2009.3717,1993.1818
3-212,images/3-212.jpg,3,212,,Enchanted,False,True,,733.775,0.9883,5652,733.805,1968.659,1923,2014,693,774,733.5,bright,True,,1977.0639,2009.4047,1993.2343
3-213,images/3-213.jpg,3,213,,Enchanted,False,True,,678.667,0.6783,920,677.499,1868.815,1856,1882,646,700,673.0,dark,False,text-clipped,,,
3-214,images/3-214.jpg,3,214,,Enchanted,False,True,,733.679,0.9893,5618,733.764,1968.647,1923,2014,694,774,734.0,bright,True,,1977.135,2009.3144,1993.2247
3-215,images/3-215.jpg,3,215,,Enchanted,False,True,,733.93,0.9927,5752,733.909,1968.56,1923,2014,694,774,734.0,bright,True,,1976.7824,2009.3642,1993.0733
3-216,images/3-216.jpg,3,216,,Enchanted,False,True,,733.0,0.6783,544,732.754,1867.309,1856,1888,723,750,736.5,dark,False,no-text,,,
3-217,images/3-217.jpg,3,217,,Enchanted,False,True,,733.679,0.9893,5618,733.764,1968.647,1923,2014,694,774,734.0,bright,True,,1976.823,2009.336,1993.0795
3-218,images/3-218.jpg,3,218,,Enchanted,False,True,,733.679,0.9893,5618,733.764,1968.647,1923,2014,694,774,734.0,bright,True,,1977.0962,2009.3227,1993.2095
3-219,images/3-219.jpg,3,219,,Enchanted,False,False,no-core-component,,,,,,,,,,,,False,text-clipped,,,
3-22,images/3-22.jpg,3,22,,Uncommon,True,True,,733.52,0.9987,5265,733.506,1968.218,1929,2008,695,772,733.5,bright,True,,1977.1598,2009.3913,1993.2755
3-220,images/3-220.jpg,3,220,,Enchanted,False,True,,733.564,0.9849,62416,736.043,1944.479,1856,2031,554,913,733.5,bright,True,,1977.1595,2009.3657,1993.2626
3-221,images/3-221.jpg,3,221,,Enchanted,False,True,,733.679,0.9893,5618,733.764,1968.647,1923,2014,694,774,734.0,bright,True,,1977.123,2009.402,1993.2625
3-222,images/3-222.jpg,3,222,,Enchanted,False,True,,733.679,0.9893,5618,733.764,1968.647,1923,2014,694,774,734.0,bright,True,,1977.2005,2009.4263,1993.3134
3-223,images/3-223.jpg,3,223,,Super Rare,True,True,,733.616,0.9922,3447,733.715,1967.836,1930,2008,694,774,734.0,bright,True,,1977.2071,2009.3547,1993.2809
3-23,images/3-23.jpg,3,23,,Uncommon,True,True,,733.524,0.9985,5264,733.5,1968.226,1929,2008,695,772,733.5,bright,True,,1977.1271,2009.3097,1993.2184
3-24,images/3-24.jpg,3,24,,Uncommon,True,True,,733.52,0.9987,5265,733.506,1968.218,1929,2008,695,772,733.5,bright,True,,1977.1721,2009.3094,1993.2407
3-25,images/3-25.jpg,3,25,,Common,True,True,,733.581,0.9851,4485,733.635,1968.069,1930,2005,696,771,733.5,bright,True,,1976.9022,2009.3109,1993.1065
3-26,images/3-26.jpg,3,26,,Common,True,True,,733.581,0.9851,4485,733.635,1968.069,1930,2005,696,771,733.5,bright,True,,1977.2331,2009.3165,1993.2748
3-26-P1,images/3-26-P1.jpg,3,26,P1,Special,True,True,,724.125,0.8783,5499,727.594,1967.519,1924,2011,689,779,734.0,bright,True,,1976.7935,2009.2933,1993.0434
3-27,images/3-27.jpg,3,27,,Common,True,True,,733.581,0.9851,4485,733.635,1968.069,1930,2005,696,771,733.5,bright,True,,1976.8205,2009.3328,1993.0767
3-27-P1,images/3-27-P1.jpg,3,27,P1,Special,True,False,no-core-component,,,,,,,,,,,,False,text-too-thin,,,
3-28,images/3-28.jpg,3,28,,Rare,True,True,,733.677,0.9891,4135,733.831,1980.069,1928,2007,686,782,734.0,bright,True,,1977.1135,2009.3167,1993.2151
3-28-P1,images/3-28-P1.jpg,3,28,P1,Special,True,True,,724.125,0.8783,5499,727.594,1967.519,1924,2011,689,779,734.0,bright,True,,1976.7668,2009.2896,1993.0282
3-29,images/3-29.jpg,3,29,,Common,True,True,,733.581,0.9848,4486,733.63,1968.062,1930,2005,696,771,733.5,bright,True,,1976.9921,2009.3536,1993.1728
3-29-P1,images/3-29-P1.jpg,3,29,P1,Special,True,True,,724.125,0.8783,5499,727.594,1967.519,1924,2011,689,779,734.0,bright,True,,1976.801,2009.267,1993.034
3-3,images/3-3.jpg,3,3,,Super Rare,True,True,,733.623,0.9919,3452,733.725,1966.878,1929,2007,694,774,734.0,bright,True,,1977.0063,2009.2527,1993.1295
3-3-D23,images/3-3-D23.jpg,3,3,D23,Special,False,True,,698.167,0.8369,30669,700.045,1958.404,1863,2031,570,828,699.0,bright,True,,1976.9059,2009.2506,1993.0782
3-30,images/3-30.jpg,3,30,,Rare,True,True,,733.677,0.9891,4137,733.829,1980.049,1928,2007,686,782,734.0,bright,True,,1977.0713,2009.2061,1993.1387
3-30-P1,images/3-30-P1.jpg,3,30,P1,Special,False,True,,733.574,0.9894,62693,735.285,1944.303,1856,2031,554,913,733.5,bright,True,,1976.8636,2009.0519,1992.9578
3-31,images/3-31.jpg,3,31,,Uncommon,True,True,,733.52,0.9987,5265,733.506,1968.218,1929,2008,695,772,733.5,bright,True,,1976.9813,2009.2671,1993.1242
3-32,images/3-32.jpg,3,32,,Common,True,False,no-component,,,,,,,,,,,,False,text-clipped,,,
3-33,images/3-33.jpg,3,33,,Rare,True,False,no-core-component,,,,,,,,,,,,False,text-clipped,,,
3-34,images/3-34.jpg,3,34,,Uncommon,True,False,no-component,,,,,,,,,,,,False,text-clipped,,,
3-35,images/3-35.jpg,3,35,,Super Rare,True,True,,733.623,0.9919,3452,733.725,1966.878,1929,2007,694,774,734.0,bright,True,,1976.8736,2009.2098,1993.0417
3-36,images/3-36.jpg,3,36,,Uncommon,True,True,,733.524,0.9985,5264,733.5,1968.226,1929,2008,695,772,733.5,bright,True,,1977.1863,2009.2129,1993.1996
3-37,images/3-37.jpg,3,37,,Common,True,True,,733.581,0.9851,4485,733.635,1968.069,1930,2005,696,771,733.5,bright,True,,1976.8181,2009.2099,1993.014
3-38,images/3-38.jpg,3,38,,Super Rare,True,True,,733.623,0.9919,3452,733.725,1966.878,1929,2007,694,774,734.0,bright,True,,1977.0971,2009.196,1993.1465
3-39,images/3-39.jpg,3,39,,Uncommon,True,True,,733.524,0.9985,5264,733.5,1968.226,1929,2008,695,772,733.5,bright,True,,1976.973,2009.2497,1993.1113
3-39-P1,images/3-39-P1.jpg,3,39,P1,Special,True,True,,724.167,0.878,5286,727.472,1967.529,1925,2011,689,778,733.5,bright,True,,1976.9115,2008.9461,1992.9288
3-4-a,images/3-4-a.jpg,3,4,,Common,True,True,,733.581,0.9851,4485,733.635,1968.069,1930,2005,696,771,733.5,bright,True,,1977.4701,2009.1778,1993.324
3-4-b,images/3-4-b.jpg,3,4,,Common,True,True,,733.581,0.9851,4485,733.635,1968.069,1930,2005,696,771,733.5,bright,True,,1977.3147,2009.1704,1993.2425
3-4-c,images/3-4-c.jpg,3,4,,Common,True,True,,733.581,0.9851,4485,733.635,1968.069,1930,2005,696,771,733.5,bright,True,,1977.3745,2009.1825,1993.2785
3-4-d,images/3-4-d.jpg,3,4,,Common,True,True,,733.581,0.9851,4485,733.635,1968.069,1930,2005,696,771,733.5,bright,True,,1977.3172,2009.1719,1993.2446
3-4-e,images/3-4-e.jpg,3,4,,Common,True,True,,733.581,0.9851,4485,733.635,1968.069,1930,2005,696,771,733.5,bright,True,,1977.3903,2009.1781,1993.2842
3-40,images/3-40.jpg,3,40,,Common,True,True,,733.581,0.9851,4485,733.635,1968.069,1930,2005,696,771,733.5,bright,True,,1977.2148,2009.1464,1993.1806
3-41,images/3-41.jpg,3,41,,Uncommon,True,True,,733.524,0.9985,5264,733.5,1968.226,1929,2008,695,772,733.5,bright,True,,1977.2395,2009.1689,1993.2042
3-42,images/3-42.jpg,3,42,,Legendary,True,True,,733.572,0.9965,5477,733.607,1969.601,1924,2008,689,778,733.5,bright,True,,1977.1642,2009.3069,1993.2356
3-43,images/3-43.jpg,3,43,,Common,True,True,,733.581,0.9851,4485,733.635,1968.069,1930,2005,696,771,733.5,bright,True,,1977.1826,2009.1667,1993.1746
3-44,images/3-44.jpg,3,44,,Uncommon,True,True,,733.52,0.9987,5265,733.506,1968.218,1929,2008,695,772,733.5,bright,True,,1977.6086,2009.0356,1993.3221
3-45,images/3-45.jpg,3,45,,Common,True,True,,733.57,0.9848,4484,733.609,1968.062,1930,2005,696,771,733.5,bright,True,,1976.9221,2009.1647,1993.0434
3-46,images/3-46.jpg,3,46,,Common,True,True,,733.581,0.9851,4485,733.635,1968.069,1930,2005,696,771,733.5,bright,True,,1977.417,2009.1408,1993.2789
3-47,images/3-47.jpg,3,47,,Common,True,True,,733.581,0.9851,4485,733.635,1968.069,1930,2005,696,771,733.5,bright,True,,1976.8813,2009.1552,1993.0182
3-48,images/3-48.jpg,3,48,,Common,True,True,,733.581,0.9851,4485,733.635,1968.069,1930,2005,696,771,733.5,bright,True,,1977.2353,2009.146,1993.1906
3-49,images/3-49.jpg,3,49,,Super Rare,True,True,,733.623,0.9919,3452,733.725,1966.878,1929,2007,694,774,734.0,bright,True,,1977.1824,2009.1481,1993.1652
3-5,images/3-5.jpg,3,5,,Common,True,True,,733.581,0.9851,4485,733.635,1968.069,1930,2005,696,771,733.5,bright,True,,1976.8197,2009.2475,1993.0336
3-50,images/3-50.jpg,3,50,,Uncommon,True,True,,733.524,0.9985,5264,733.5,1968.226,1929,2008,695,772,733.5,bright,True,,1976.8702,2009.2007,1993.0354
3-51,images/3-51.jpg,3,51,,Legendary,True,True,,733.572,0.9965,5477,733.607,1969.601,1924,2008,689,778,733.5,bright,True,,1976.8135,2009.256,1993.0347
3-52,images/3-52.jpg,3,52,,Uncommon,True,True,,733.52,0.9987,5265,733.506,1968.218,1929,2008,695,772,733.5,bright,True,,1976.8997,2009.3089,1993.1043
3-53,images/3-53.jpg,3,53,,Common,True,True,,733.581,0.9851,4485,733.635,1968.069,1930,2005,696,771,733.5,bright,True,,1976.8719,2009.2031,1993.0375
3-54,images/3-54.jpg,3,54,,Rare,True,True,,733.677,0.9891,4135,733.831,1980.069,1928,2007,686,782,734.0,bright,True,,1976.9173,2009.1653,1993.0413
3-55,images/3-55.jpg,3,55,,Rare,True,True,,733.677,0.9891,4135,733.831,1980.069,1928,2007,686,782,734.0,bright,True,,1976.7463,2009.2044,1992.9753
3-56,images/3-56.jpg,3,56,,Common,True,True,,733.581,0.9851,4485,733.635,1968.069,1930,2005,696,771,733.5,bright,True,,1976.9206,2009.2076,1993.0641
3-57,images/3-57.jpg,3,57,,Common,True,True,,733.581,0.9851,4485,733.635,1968.069,1930,2005,696,771,733.5,bright,True,,1976.7129,2009.1923,1992.9526
3-58,images/3-58.jpg,3,58,,Rare,True,True,,733.677,0.991,4129,733.766,1980.054,1928,2007,686,782,734.0,bright,True,,1976.8869,2009.1914,1993.0391
3-59,images/3-59.jpg,3,59,,Rare,True,True,,733.677,0.991,4129,733.766,1980.054,1928,2007,686,782,734.0,bright,True,,1976.8237,2009.2304,1993.027
3-6,images/3-6.jpg,3,6,,Common,True,True,,733.581,0.9851,4485,733.635,1968.069,1930,2005,696,771,733.5,bright,True,,1977.1406,2009.2552,1993.1979
3-60,images/3-60.jpg,3,60,,Common,True,True,,733.581,0.9851,4485,733.635,1968.069,1930,2005,696,771,733.5,bright,True,,1977.1693,2009.2082,1993.1888
3-61,images/3-61.jpg,3,61,,Uncommon,True,True,,733.524,0.9985,5264,733.5,1968.226,1929,2008,695,772,733.5,bright,True,,1977.0964,2009.2596,1993.178
3-62,images/3-62.jpg,3,62,,Uncommon,True,True,,733.52,0.9987,5265,733.506,1968.218,1929,2008,695,772,733.5,bright,True,,1977.237,2009.3155,1993.2762
3-63,images/3-63.jpg,3,63,,Rare,True,True,,733.677,0.9891,4135,733.831,1980.069,1928,2007,686,782,734.0,bright,True,,1977.1924,2009.2113,1993.2018
3-64,images/3-64.jpg,3,64,,Rare,True,True,,733.677,0.9891,4137,733.829,1980.049,1928,2007,686,782,734.0,bright,True,,1977.428,2009.1378,1993.2829
3-65,images/3-65.jpg,3,65,,Rare,True,True,,733.668,0.991,4129,733.774,1980.069,1928,2007,686,782,734.0,bright,True,,1976.9252,2009.2124,1993.0688
3-66,images/3-66.jpg,3,66,,Common,True,False,no-core-component,,,,,,,,,,,,False,text-clipped,,,
3-67,images/3-67.jpg,3,67,,Rare,True,False,no-core-component,,,,,,,,,,,,False,text-too-thin,,,
3-68,images/3-68.jpg,3,68,,Uncommon,True,False,no-core-component,,,,,,,,,,,,False,text-clipped,,,
3-69,images/3-69.jpg,3,69,,Common,True,True,,733.581,0.9851,4485,733.635,1968.069,1930,2005,696,771,733.5,bright,True,,1977.0619,2009.2537,1993.1578
3-7,images/3-7.jpg,3,7,,Legendary,True,True,,733.572,0.9965,5477,733.607,1969.601,1924,2008,689,778,733.5,bright,True,,1976.7633,2009.2542,1993.0087
3-70,images/3-70.jpg,3,70,,Rare,True,True,,733.677,0.991,4129,733.766,1980.054,1928,2007,686,782,734.0,bright,True,,1976.8114,2009.2121,1993.0118
3-71,images/3-71.jpg,3,71,,Common,True,True,,733.581,0.9851,4485,733.635,1968.069,1930,2005,696,771,733.5,bright,True,,1976.7722,2009.2558,1993.014
3-72,images/3-72.jpg,3,72,,Common,True,True,,733.581,0.9851,4485,733.635,1968.069,1930,2005,696,771,733.5,bright,True,,1976.8218,2009.3366,1993.0792
3-73,images/3-73.jpg,3,73,,Uncommon,True,True,,733.524,0.9985,5264,733.5,1968.226,1929,2008,695,772,733.5,bright,True,,1976.8193,2009.2133,1993.0163
3-74,images/3-74.jpg,3,74,,Super Rare,True,True,,733.623,0.9919,3452,733.725,1966.878,1929,2007,694,774,734.0,bright,True,,1976.8728,2009.1624,1993.0176
3-75,images/3-75.jpg,3,75,,Rare,True,True,,733.677,0.9891,4135,733.831,1980.069,1928,2007,686,782,734.0,bright,True,,1976.7184,2009.1924,1992.9554
3-76,images/3-76.jpg,3,76,,Common,True,True,,733.581,0.9851,4485,733.635,1968.069,1930,2005,696,771,733.5,bright,True,,1976.8052,2009.2643,1993.0347
3-77,images/3-77.jpg,3,77,,Uncommon,True,True,,733.524,0.9985,5264,733.5,1968.226,1929,2008,695,772,733.5,bright,True,,1976.707,2009.1637,1992.9354
3-78,images/3-78.jpg,3,78,,Super Rare,True,True,,733.623,0.9919,3452,733.725,1966.878,1929,2007,694,774,734.0,bright,True,,1976.8314,2009.2006,1993.016
3-79,images/3-79.jpg,3,79,,Common,True,True,,733.581,0.9851,4485,733.635,1968.069,1930,2005,696,771,733.5,bright,True,,1976.8131,2009.1949,1993.004
3-8,images/3-8.jpg,3,8,,Rare,True,True,,733.677,0.991,4129,733.766,1980.054,1928,2007,686,782,734.0,bright,True,,1977.0061,2009.254,1993.13
3-80,images/3-80.jpg,3,80,,Legendary,True,True,,733.572,0.9965,5477,733.605,1969.6,1924,2008,689,778,733.5,bright,True,,1977.0425,2009.2098,1993.1261
3-81,images/3-81.jpg,3,81,,Rare,True,True,,733.677,0.9891,4135,733.831,1980.069,1928,2007,686,782,734.0,bright,True,,1976.9815,2009.2693,1993.1254
3-82,images/3-82.jpg,3,82,,Rare,True,True,,733.677,0.9891,4135,733.831,1980.069,1928,2007,686,782,734.0,bright,True,,1977.1125,2009.3148,1993.2136
3-83,images/3-83.jpg,3,83,,Uncommon,True,True,,733.52,0.9987,5265,733.506,1968.218,1929,2008,695,772,733.5,bright,True,,1977.0924,2009.1948,1993.1436
3-84,images/3-84.jpg,3,84,,Rare,True,True,,733.677,0.9891,4135,733.831,1980.069,1928,2007,686,782,734.0,bright,True,,1977.2312,2009.1478,1993.1895
3-85,images/3-85.jpg,3,85,,Super Rare,True,True,,733.623,0.9919,3452,733.725,1966.878,1929,2007,694,774,734.0,bright,True,,1976.8867,2009.1955,1993.0411
3-86,images/3-86.jpg,3,86,,Common,True,True,,733.581,0.9851,4485,733.635,1968.069,1930,2005,696,771,733.5,bright,True,,1977.2129,2009.2024,1993.2077
3-87,images/3-87.jpg,3,87,,Common,True,True,,733.581,0.9851,4485,733.635,1968.069,1930,2005,696,771,733.5,bright,True,,1976.8333,2009.2013,1993.0173
3-88,images/3-88.jpg,3,88,,Uncommon,True,True,,733.524,0.9985,5264,733.5,1968.226,1929,2008,695,772,733.5,bright,True,,1977.0888,2009.2035,1993.1461
3-89,images/3-89.jpg,3,89,,Rare,True,True,,733.677,0.9891,4135,733.831,1980.069,1928,2007,686,782,734.0,bright,True,,1976.9982,2009.2267,1993.1124
3-9,images/3-9.jpg,3,9,,Rare,True,True,,733.677,0.9891,4135,733.831,1980.069,1928,2007,686,782,734.0,bright,True,,1976.9351,2009.2834,1993.1093
3-90,images/3-90.jpg,3,90,,Uncommon,True,True,,733.524,0.9985,5264,733.5,1968.226,1929,2008,695,772,733.5,bright,True,,1976.9816,2009.2331,1993.1073
3-91,images/3-91.jpg,3,91,,Legendary,True,True,,733.564,0.9915,5531,733.493,1969.571,1924,2008,689,779,734.0,bright,True,,1976.8952,2009.3038,1993.0995
3-92,images/3-92.jpg,3,92,,Uncommon,True,True,,733.524,0.9985,5264,733.5,1968.226,1929,2008,695,772,733.5,bright,True,,1976.994,2009.3519,1993.173
3-93,images/3-93.jpg,3,93,,Common,True,True,,733.581,0.9851,4485,733.635,1968.069,1930,2005,696,771,733.5,bright,True,,1976.9789,2009.2386,1993.1087
3-94,images/3-94.jpg,3,94,,Uncommon,True,True,,733.524,0.9985,5264,733.5,1968.226,1929,2008,695,772,733.5,bright,True,,1977.1716,2009.1503,1993.1609
3-95,images/3-95.jpg,3,95,,Common,True,True,,733.581,0.9851,4485,733.635,1968.069,1930,2005,696,771,733.5,bright,True,,1976.8243,2009.2335,1993.0289
3-96,images/3-96.jpg,3,96,,Common,True,True,,733.581,0.9851,4485,733.635,1968.069,1930,2005,696,771,733.5,bright,True,,1977.0383,2009.2527,1993.1455
3-97,images/3-97.jpg,3,97,,Common,True,True,,733.581,0.9848,4486,733.63,1968.062,1930,2005,696,771,733.5,bright,True,,1976.8118,2009.1913,1993.0015
3-98,images/3-98.jpg,3,98,,Uncommon,True,True,,733.52,0.9987,5265,733.506,1968.218,1929,2008,695,772,733.5,bright,True,,1976.9992,2009.2238,1993.1115
3-99,images/3-99.jpg,3,99,,Rare,True,True,,733.677,0.9891,4137,733.829,1980.049,1928,2007,686,782,734.0,bright,True,,1976.9931,2009.2103,1993.1017
4-1,images/4-1.jpg,4,1,,Common,True,True,,733.589,0.9848,4488,733.635,1968.047,1930,2005,696,771,733.5,bright,True,,1977.4231,2009.1345,1993.2788
4-10,images/4-10.jpg,4,10,,Super Rare,True,True,,733.594,0.9928,3451,733.686,1966.898,1929,2007,694,773,733.5,bright,True,,1977.3255,2009.127,1993.2263
4-100,images/4-100.jpg,4,100,,Uncommon,True,True,,733.52,0.9987,5265,733.506,1968.218,1929,2008,695,772,733.5,bright,True,,1977.257,2009.122,1993.1895
4-101,images/4-101.jpg,4,101,,Common,True,False,no-core-component,,,,,,,,,,,,False,text-clipped,,,
4-102,images/4-102.jpg,4,102,,Rare,True,False,no-core-component,,,,,,,,,,,,False,no-text,,,
4-103,images/4-103.jpg,4,103,,Uncommon,True,True,,733.52,0.9987,5265,733.506,1968.218,1929,2008,695,772,733.5,bright,True,,1977.1929,2009.1554,1993.1741
4-104,images/4-104.jpg,4,104,,Common,True,True,,733.589,0.9848,4488,733.635,1968.047,1930,2005,696,771,733.5,bright,True,,1977.6354,2009.0191,1993.3272
4-105,images/4-105.jpg,4,105,,Common,True,True,,733.589,0.9848,4488,733.635,1968.047,1930,2005,696,771,733.5,bright,True,,1976.9278,2009.158,1993.0429
4-106,images/4-106.jpg,4,106,,Super Rare,True,True,,733.594,0.9928,3451,733.686,1966.898,1929,2007,694,773,733.5,bright,True,,1977.4114,2009.1297,1993.2705
4-107,images/4-107.jpg,4,107,,Rare,True,True,,733.66,0.9913,4132,733.773,1980.057,1928,2007,686,782,734.0,bright,True,,1976.8754,2009.1546,1993.015
4-108,images/4-108.jpg,4,108,,Common,True,True,,733.589,0.9848,4488,733.635,1968.047,1930,2005,696,771,733.5,bright,True,,1977.2671,2009.1275,1993.1973
4-109,images/4-109.jpg,4,109,,Uncommon,True,True,,733.515,0.9974,5354,733.5,1968.191,1928,2008,695,772,733.5,bright,True,,1976.951,2009.2353,1993.0932
4-11,images/4-11.jpg,4,11,,Rare,True,True,,733.66,0.9913,4132,733.773,1980.057,1928,2007,686,782,734.0,bright,True,,1977.3485,2009.1578,1993.2532
4-110,images/4-110.jpg,4,110,,Uncommon,True,True,,733.52,0.9987,5265,733.506,1968.218,1929,2008,695,772,733.5,bright,True,,1977.2722,2009.1439,1993.2081
4-111,images/4-111.jpg,4,111,,Common,True,True,,733.589,0.9848,4488,733.635,1968.047,1930,2005,696,771,733.5,bright,True,,1977.2896,2009.1704,1993.23
4-112,images/4-112.jpg,4,112,,Uncommon,True,True,,733.52,0.9987,5265,733.506,1968.218,1929,2008,695,772,733.5,bright,True,,1977.211,2009.3035,1993.2572
4-113,images/4-113.jpg,4,113,,Rare,True,True,,733.66,0.9913,4132,733.773,1980.057,1928,2007,686,782,734.0,bright,True,,1977.1838,2009.1833,1993.1836
4-114,images/4-114.jpg,4,114,,Legendary,True,True,,733.572,0.9965,5479,733.6,1969.592,1924,2008,689,778,733.5,bright,True,,1977.7057,2009.0543,1993.38
4-115,images/4-115.jpg,4,115,,Uncommon,True,True,,733.52,0.9987,5265,733.506,1968.218,1929,2008,695,772,733.5,bright,True,,1976.9128,2009.1777,1993.0453
4-116,images/4-116.jpg,4,116,,Common,True,True,,733.589,0.9848,4488,733.635,1968.047,1930,2005,696,771,733.5,bright,True,,1977.4788,2009.1446,1993.3117
4-117,images/4-117.jpg,4,117,,Rare,True,True,,733.66,0.9913,4132,733.773,1980.057,1928,2007,686,782,734.0,bright,True,,1976.8644,2009.1776,1993.021
4-118,images/4-118.jpg,4,118,,Uncommon,True,True,,733.52,0.9987,5265,733.506,1968.218,1929,2008,695,772,733.5,bright,True,,1977.2615,2009.1519,1993.2067
4-119,images/4-119.jpg,4,119,,Super Rare,True,True,,733.594,0.9928,3451,733.686,1966.898,1929,2007,694,773,733.5,bright,True,,1977.1737,2009.1642,1993.169
4-12,images/4-12.jpg,4,12,,Rare,True,True,,733.66,0.9913,4132,733.773,1980.057,1928,2007,686,782,734.0,bright,True,,1977.2528,2009.2942,1993.2735
4-120,images/4-120.jpg,4,120,,Common,True,True,,733.589,0.9848,4488,733.635,1968.047,1930,2005,696,771,733.5,bright,True,,1977.1939,2009.2838,1993.2388
4-121,images/4-121.jpg,4,121,,Super Rare,True,True,,733.594,0.9928,3451,733.686,1966.898,1929,2007,694,773,733.5,bright,True,,1977.212,2009.3004,1993.2562
4-122,images/4-122.jpg,4,122,,Common,True,True,,733.589,0.9848,4488,733.635,1968.047,1930,2005,696,771,733.5,bright,True,,1977.1267,2009.4073,1993.267
4-123,images/4-123.jpg,4,123,,Uncommon,True,True,,733.52,0.9987,5265,733.506,1968.218,1929,2008,695,772,733.5,bright,True,,1977.1012,2009.3218,1993.2115
4-124,images/4-124.jpg,4,124,,Rare,True,True,,733.66,0.9913,4132,733.773,1980.057,1928,2007,686,782,734.0,bright,True,,1977.506,2009.2095,1993.3578
4-125,images/4-125.jpg,4,125,,Legendary,True,True,,733.572,0.9965,5479,733.6,1969.592,1924,2008,689,778,733.5,bright,True,,1976.8887,2009.3173,1993.103
4-126,images/4-126.jpg,4,126,,Common,True,True,,733.589,0.9848,4488,733.635,1968.047,1930,2005,696,771,733.5,bright,True,,1977.3443,2009.2924,1993.3183
4-127,images/4-127.jpg,4,127,,Rare,True,True,,733.66,0.9913,4132,733.773,1980.057,1928,2007,686,782,734.0,bright,True,,1976.8534,2009.3118,1993.0826
4-128,images/4-128.jpg,4,128,,Uncommon,True,True,,733.52,0.9987,5265,733.506,1968.218,1929,2008,695,772,733.5,bright,True,,1977.2098,2009.2884,1993.2491
4-129,images/4-129.jpg,4,129,,Rare,True,True,,733.66,0.9913,4132,733.773,1980.057,1928,2007,686,782,734.0,bright,True,,1977.1015,2009.3092,1993.2054
4-13,images/4-13.jpg,4,13,,Uncommon,True,True,,733.52,0.9987,5265,733.506,1968.218,1929,2008,695,772,733.5,bright,True,,1977.2523,2009.162,1993.2071
4-130,images/4-130.jpg,4,130,,Common,True,True,,733.589,0.9848,4488,733.635,1968.047,1930,2005,696,771,733.5,bright,True,,1977.1835,2009.1602,1993.1719
4-131,images/4-131.jpg,4,131,,Rare,True,True,,733.66,0.9913,4132,733.773,1980.057,1928,2007,686,782,734.0,bright,True,,1977.1933,2009.1778,1993.1855
4-132,images/4-132.jpg,4,132,,Uncommon,True,True,,733.52,0.9987,5265,733.506,1968.218,1929,2008,695,772,733.5,bright,True,,1977.103,2009.3221,1993.2126
4-133,images/4-133.jpg,4,133,,Common,True,True,,733.589,0.9848,4488,733.635,1968.047,1930,2005,696,771,733.5,bright,True,,1977.1104,2009.1991,1993.1548
4-134,images/4-134.jpg,4,134,,Common,True,True,,733.589,0.9848,4488,733.635,1968.047,1930,2005,696,771,733.5,bright,True,,1977.5581,2009.0476,1993.3029
4-135,images/4-135.jpg,4,135,,Rare,True,True,,695.5,0.5813,1163,684.95,1890.911,1868,1906,645,714,679.5,dark,False,text-clipped,,,
4-136,images/4-136.jpg,4,136,,Common,True,True,,688.917,0.8392,5660,688.688,1927.599,1856,1990,653,713,683.0,dark,False,text-clipped,,,
4-137,images/4-137.jpg,4,137,,Common,True,True,,733.565,0.9884,4567,733.603,1968.033,1930,2005,696,771,733.5,bright,True,,1976.7809,2009.2395,1993.0102
4-138,images/4-138.jpg,4,138,,Super Rare,True,True,,733.594,0.9928,3451,733.686,1966.898,1929,2007,694,773,733.5,bright,True,,1977.2121,2009.1487,1993.1804
4-139,images/4-139.jpg,4,139,,Super Rare,True,True,,733.594,0.9928,3451,733.686,1966.898,1929,2007,694,773,733.5,bright,True,,1977.1048,2009.1831,1993.1439
4-14,images/4-14.jpg,4,14,,Common,True,True,,733.589,0.9848,4488,733.635,1968.047,1930,2005,696,771,733.5,bright,True,,1977.8384,2009.0278,1993.4331
4-140,images/4-140.jpg,4,140,,Super Rare,True,True,,733.594,0.9928,3451,733.686,1966.898,1929,2007,694,773,733.5,bright,True,,1977.6269,2009.0226,1993.3247
4-141,images/4-141.jpg,4,141,,Common,True,True,,733.589,0.9848,4488,733.635,1968.047,1930,2005,696,771,733.5,bright,True,,1977.6925,2009.0529,1993.3727
4-142,images/4-142.jpg,4,142,,Rare,True,True,,733.654,0.9918,4243,733.741,1979.765,1928,2007,686,782,734.0,bright,True,,1977.2473,2009.2457,1993.2465
4-143,images/4-143.jpg,4,143,,Common,True,True,,733.589,0.9848,4488,733.635,1968.047,1930,2005,696,771,733.5,bright,True,,1977.5612,2009.0489,1993.305
4-144,images/4-144.jpg,4,144,,Uncommon,True,True,,733.52,0.9987,5265,733.506,1968.218,1929,2008,695,772,733.5,bright,True,,1978.3044,2008.5147,1993.4096
4-145,images/4-145.jpg,4,145,,Uncommon,True,True,,733.52,0.9987,5265,733.506,1968.218,1929,2008,695,772,733.5,bright,True,,1977.1899,2009.0481,1993.119
4-146,images/4-146.jpg,4,146,,Common,True,True,,733.589,0.9848,4488,733.635,1968.047,1930,2005,696,771,733.5,bright,True,,1977.8816,2009.0213,1993.4515
4-147,images/4-147.jpg,4,147,,Uncommon,True,True,,733.52,0.9987,5265,733.506,1968.218,1929,2008,695,772,733.5,bright,True,,1977.023,2009.0498,1993.0364
4-148,images/4-148.jpg,4,148,,Rare,True,True,,733.66,0.9913,4132,733.773,1980.057,1928,2007,686,782,734.0,bright,True,,1977.5902,2009.0325,1993.3114
4-149,images/4-149.jpg,4,149,,Uncommon,True,True,,733.52,0.9987,5265,733.506,1968.218,1929,2008,695,772,733.5,bright,True,,1977.5487,2009.0296,1993.2891
4-15,images/4-15.jpg,4,15,,Uncommon,True,True,,733.52,0.9987,5265,733.506,1968.218,1929,2008,695,772,733.5,bright,True,,1976.9304,2009.1566,1993.0435
4-15-P3,images/4-15-P3.jpg,4,15,P3,Special,False,False,no-symmetry-peak,,0.7344,26092,721.741,1962.667,1883,2031,594,895,744.5,dark,True,,1976.6451,2009.1303,1992.8877
4-150,images/4-150.jpg,4,150,,Common,True,True,,733.589,0.9848,4488,733.635,1968.047,1930,2005,696,771,733.5,bright,True,,1976.9305,2009.1563,1993.0434
4-151,images/4-151.jpg,4,151,,Common,True,True,,733.589,0.9848,4488,733.635,1968.047,1930,2005,696,771,733.5,bright,True,,1976.9188,2009.1747,1993.0467
4-152,images/4-152.jpg,4,152,,Rare,True,True,,733.66,0.9913,4132,733.773,1980.057,1928,2007,686,782,734.0,bright,True,,1976.8901,2009.3209,1993.1055
4-153,images/4-153.jpg,4,153,,Rare,True,True,,733.66,0.9913,4132,733.773,1980.057,1928,2007,686,782,734.0,bright,True,,1976.8923,2009.1981,1993.0452
4-154,images/4-154.jpg,4,154,,Uncommon,True,True,,733.52,0.9987,5265,733.506,1968.218,1929,2008,695,772,733.5,bright,True,,1977.2064,2009.0424,1993.1244
4-155,images/4-155.jpg,4,155,,Uncommon,True,True,,733.52,0.9987,5265,733.506,1968.218,1929,2008,695,772,733.5,bright,True,,1976.7687,2009.1947,1992.9817
4-156,images/4-156.jpg,4,156,,Legendary,True,True,,781.75,0.9566,13466,781.46,1880.388,1856,1907,631,913,772.0,bright,True,,1976.9939,2009.1603,1993.0771
4-157,images/4-157.jpg,4,157,,Common,True,True,,733.589,0.9848,4488,733.635,1968.047,1930,2005,696,771,733.5,bright,True,,1976.7471,2009.177,1992.962
4-158,images/4-158.jpg,4,158,,Legendary,True,True,,733.572,0.9965,5479,733.6,1969.592,1924,2008,689,778,733.5,bright,True,,1976.9462,2009.1436,1993.0449
4-159,images/4-159.jpg,4,159,,Rare,True,True,,733.66,0.9913,4132,733.773,1980.057,1928,2007,686,782,734.0,bright,True,,1976.8926,2009.1787,1993.0357
4-16,images/4-16.jpg,4,16,,Legendary,True,True,,733.572,0.9965,5479,733.6,1969.592,1924,2008,689,778,733.5,bright,True,,1977.5561,2009.1286,1993.3424
4-160,images/4-160.jpg,4,160,,Uncommon,True,True,,733.52,0.9987,5265,733.506,1968.218,1929,2008,695,772,733.5,bright,True,,1977.3931,2009.1366,1993.2648
4-161,images/4-161.jpg,4,161,,Common,True,True,,733.589,0.9848,4488,733.635,1968.047,1930,2005,696,771,733.5,bright,True,,1977.4748,2009.1451,1993.3099
4-162,images/4-162.jpg,4,162,,Uncommon,True,True,,733.52,0.9987,5265,733.506,1968.218,1929,2008,695,772,733.5,bright,True,,1977.3301,2009.2979,1993.314
4-163,images/4-163.jpg,4,163,,Common,True,True,,733.589,0.9848,4488,733.635,1968.047,1930,2005,696,771,733.5,bright,True,,1977.3369,2009.17,1993.2534
4-164,images/4-164.jpg,4,164,,Common,True,True,,733.589,0.9848,4488,733.635,1968.047,1930,2005,696,771,733.5,bright,True,,1977.86,2009.025,1993.4425
4-165,images/4-165.jpg,4,165,,Rare,True,True,,733.66,0.9913,4132,733.773,1980.057,1928,2007,686,782,734.0,bright,True,,1976.9922,2009.1592,1993.0757
4-166,images/4-166.jpg,4,166,,Rare,True,True,,733.66,0.9913,4132,733.773,1980.057,1928,2007,686,782,734.0,bright,True,,1977.6463,2009.1289,1993.3876
4-167,images/4-167.jpg,4,167,,Uncommon,True,True,,733.52,0.9987,5265,733.506,1968.218,1929,2008,695,772,733.5,bright,True,,1976.9521,2009.1418,1993.0469
4-168,images/4-168.jpg,4,168,,Common,True,True,,733.565,0.9884,4567,733.603,1968.033,1930,2005,696,771,733.5,bright,True,,1977.1003,2009.187,1993.1436
4-169,images/4-169.jpg,4,169,,Rare,True,False,no-core-component,,,,,,,,,,,,False,no-text,,,
4-17,images/4-17.jpg,4,17,,Super Rare,True,True,,733.594,0.9928,3451,733.686,1966.898,1929,2007,694,773,733.5,bright,True,,1976.8835,2009.1489,1993.0162
4-170,images/4-170.jpg,4,170,,Common,True,True,,773.9,0.7548,16925,782.106,1888.951,1856,1938,623,913,768.0,bright,False,text-clipped,,,
4-171,images/4-171.jpg,4,171,,Uncommon,True,True,,733.52,0.9987,5265,733.506,1968.218,1929,2008,695,772,733.5,bright,True,,1976.8631,2009.1828,1993.0229
4-172,images/4-172.jpg,4,172,,Common,True,True,,733.589,0.9848,4488,733.635,1968.047,1930,2005,696,771,733.5,bright,True,,1976.8659,2009.3025,1993.0842
4-173,images/4-173.jpg,4,173,,Common,True,True,,733.589,0.9848,4488,733.635,1968.047,1930,2005,696,771,733.5,bright,True,,1976.857,2009.1829,1993.0199
4-174,images/4-174.jpg,4,174,,Common,True,True,,733.589,0.9848,4488,733.635,1968.047,1930,2005,696,771,733.5,bright,True,,1977.0042,2009.0488,1993.0265
4-175,images/4-175.jpg,4,175,,Super Rare,True,True,,733.594,0.9928,3451,733.686,1966.898,1929,2007,694,773,733.5,bright,True,,1976.7452,2009.1794,1992.9623
4-176,images/4-176.jpg,4,176,,Common,True,True,,733.589,0.9848,4488,733.635,1968.047,1930,2005,696,771,733.5,bright,True,,1976.9492,2009.144,1993.0466
4-177,images/4-177.jpg,4,177,,Uncommon,True,True,,733.52,0.9987,5265,733.506,1968.218,1929,2008,695,772,733.5,bright,True,,1976.7157,2009.1723,1992.944
4-178,images/4-178.jpg,4,178,,Common,True,True,,733.589,0.9848,4488,733.635,1968.047,1930,2005,696,771,733.5,bright,True,,1976.884,2009.1617,1993.0228
4-179,images/4-179.jpg,4,179,,Legendary,True,True,,733.572,0.9965,5479,733.6,1969.592,1924,2008,689,778,733.5,bright,True,,1976.8564,2009.17,1993.0132
4-18,images/4-18.jpg,4,18,,Super Rare,True,True,,733.594,0.9928,3451,733.686,1966.898,1929,2007,694,773,733.5,bright,True,,1977.3229,2009.1336,1993.2282
4-180,images/4-180.jpg,4,180,,Rare,True,True,,733.66,0.9913,4132,733.773,1980.057,1928,2007,686,782,734.0,bright,True,,1977.2651,2009.1265,1993.1958
4-181,images/4-181.jpg,4,181,,Rare,True,True,,733.66,0.9913,4132,733.773,1980.057,1928,2007,686,782,734.0,bright,True,,1977.2638,2009.1506,1993.2072
4-182,images/4-182.jpg,4,182,,Uncommon,True,True,,733.52,0.9987,5265,733.506,1968.218,1929,2008,695,772,733.5,bright,True,,1977.2143,2009.2864,1993.2503
4-183,images/4-183.jpg,4,183,,Uncommon,True,True,,733.52,0.9987,5265,733.506,1968.218,1929,2008,695,772,733.5,bright,True,,1977.2151,2009.1516,1993.1833
4-184,images/4-184.jpg,4,184,,Common,True,True,,733.589,0.9848,4488,733.635,1968.047,1930,2005,696,771,733.5,bright,True,,1977.5948,2009.0318,1993.3133
4-185,images/4-185.jpg,4,185,,Common,True,True,,733.589,0.9848,4488,733.635,1968.047,1930,2005,696,771,733.5,bright,True,,1976.9472,2009.1453,1993.0463
4-186,images/4-186.jpg,4,186,,Super Rare,True,True,,733.594,0.9928,3451,733.686,1966.898,1929,2007,694,773,733.5,bright,True,,1977.4409,2009.1181,1993.2795
4-187,images/4-187.jpg,4,187,,Rare,True,True,,733.66,0.9913,4132,733.773,1980.057,1928,2007,686,782,734.0,bright,True,,1976.8995,2009.1486,1993.024
4-188,images/4-188.jpg,4,188,,Common,True,True,,733.565,0.9884,4567,733.603,1968.033,1930,2005,696,771,733.5,bright,True,,1976.9589,2009.2172,1993.0881
4-189,images/4-189.jpg,4,189,,Uncommon,True,True,,733.52,0.9987,5265,733.506,1968.218,1929,2008,695,772,733.5,bright,True,,1977.2017,2009.1353,1993.1685
4-19,images/4-19.jpg,4,19,,Common,True,True,,733.589,0.9848,4488,733.635,1968.047,1930,2005,696,771,733.5,bright,True,,1977.2422,2009.1458,1993.194
4-190,images/4-190.jpg,4,190,,Rare,True,True,,733.66,0.9913,4132,733.773,1980.057,1928,2007,686,782,734.0,bright,True,,1977.1631,2009.1451,1993.1541
4-191,images/4-191.jpg,4,191,,Legendary,True,True,,741.75,0.7414,6380,732.199,1893.136,1865,1907,611,873,742.0,bright,True,,1977.1829,2009.1604,1993.1716
4-192,images/4-192.jpg,4,192,,Rare,True,True,,733.66,0.9913,4132,733.773,1980.057,1928,2007,686,782,734.0,bright,True,,1977.0977,2009.3097,1993.2037
4-193,images/4-193.jpg,4,193,,Super Rare,True,True,,733.594,0.9928,3451,733.686,1966.898,1929,2007,694,773,733.5,bright,True,,1977.0984,2009.1844,1993.1414
4-194,images/4-194.jpg,4,194,,Common,True,True,,733.589,0.9848,4488,733.635,1968.047,1930,2005,696,771,733.5,bright,True,,1977.5538,2009.0275,1993.2907
4-195,images/4-195.jpg,4,195,,Uncommon,True,True,,733.52,0.9987,5265,733.506,1968.218,1929,2008,695,772,733.5,bright,True,,1976.8924,2009.1787,1993.0355
4-196,images/4-196.jpg,4,196,,Uncommon,True,True,,733.52,0.9987,5265,733.506,1968.218,1929,2008,695,772,733.5,bright,True,,1977.3372,2009.1448,1993.241
4-197,images/4-197.jpg,4,197,,Rare,True,True,,733.66,0.9913,4132,733.773,1980.057,1928,2007,686,782,734.0,bright,True,,1976.8618,2009.1592,1993.0105
4-198,images/4-198.jpg,4,198,,Uncommon,True,True,,733.52,0.9987,5265,733.506,1968.218,1929,2008,695,772,733.5,bright,True,,1977.2097,2009.1289,1993.1693
4-199,images/4-199.jpg,4,199,,Common,True,True,,733.589,0.9848,4488,733.635,1968.047,1930,2005,696,771,733.5,bright,True,,1977.1002,2009.1629,1993.1316
4-2,images/4-2.jpg,4,2,,Rare,True,True,,733.66,0.9913,4132,733.773,1980.057,1928,2007,686,782,734.0,bright,True,,1977.31,2009.2898,1993.2999
4-20,images/4-20.jpg,4,20,,Common,True,True,,733.589,0.9848,4488,733.635,1968.047,1930,2005,696,771,733.5,bright,True,,1977.2521,2009.2704,1993.2612
4-200,images/4-200.jpg,4,200,,Common,True,True,,733.589,0.9848,4488,733.635,1968.047,1930,2005,696,771,733.5,bright,True,,1977.1792,2009.2717,1993.2255
4-201,images/4-201.jpg,4,201,,Uncommon,True,True,,733.52,0.9987,5265,733.506,1968.218,1929,2008,695,772,733.5,bright,True,,1977.2149,2009.2782,1993.2465
4-202,images/4-202.jpg,4,202,,Rare,True,True,,733.66,0.9913,4132,733.773,1980.057,1928,2007,686,782,734.0,bright,True,,1977.1297,2009.3903,1993.26
4-203,images/4-203.jpg,4,203,,Rare,True,True,,751.5,0.7168,24991,744.63,1904.677,1856,1990,587,913,750.0,bright,False,text-height-21.8,,,
4-204,images/4-204.jpg,4,204,,Common,True,True,,814.385,0.9241,13734,809.152,1890.866,1856,1938,680,913,796.5,bright,False,text-height-27.7,,,
4-205,images/4-205.jpg,4,205,,Enchanted,False,True,,733.738,0.9881,5625,733.809,1968.638,1923,2014,694,774,734.0,bright,True,,1976.9179,2009.2984,1993.1082
4-206,images/4-206.jpg,4,206,,Enchanted,True,True,,733.738,0.9881,5625,733.809,1968.638,1923,2014,694,774,734.0,bright,True,,1977.321,2009.2717,1993.2964
4-207,images/4-207.jpg,4,207,,Enchanted,True,True,,733.5,1.0,63360,733.5,1943.5,1856,2031,554,913,733.5,bright,True,,1976.8799,2009.2895,1993.0847
4-208,images/4-208.jpg,4,208,,Enchanted,True,True,,733.738,0.9881,5625,733.809,1968.638,1923,2014,694,774,734.0,bright,True,,1977.2197,2009.2573,1993.2385
4-209,images/4-209.jpg,4,209,,Enchanted,False,True,,733.738,0.9881,5625,733.809,1968.638,1923,2014,694,774,734.0,bright,True,,1977.1215,2009.2875,1993.2045
4-21,images/4-21.jpg,4,21,,Common,True,True,,733.589,0.9848,4488,733.635,1968.047,1930,2005,696,771,733.5,bright,True,,1977.263,2009.2944,1993.2787
4-210,images/4-210.jpg,4,210,,Enchanted,True,True,,733.738,0.9881,5625,733.809,1968.638,1923,2014,694,774,734.0,bright,True,,1977.2018,2009.284,1993.2429
4-211,images/4-211.jpg,4,211,,Enchanted,False,True,,733.538,0.9924,62881,734.769,1944.11,1856,2031,554,913,733.5,bright,True,,1977.2211,2009.3006,1993.2608
4-212,images/4-212.jpg,4,212,,Enchanted,False,True,,733.738,0.9881,5625,733.809,1968.638,1923,2014,694,774,734.0,bright,True,,1977.1344,2009.4073,1993.2708
4-213,images/4-213.jpg,4,213,,Enchanted,False,True,,733.605,0.9439,59994,741.372,1947.021,1856,2031,554,913,733.5,bright,True,,1977.1144,2009.3201,1993.2172
4-214,images/4-214.jpg,4,214,,Enchanted,True,True,,733.738,0.9881,5625,733.809,1968.638,1923,2014,694,774,734.0,bright,True,,1977.5181,2009.2082,1993.3631
4-215,images/4-215.jpg,4,215,,Enchanted,True,True,,733.53,0.9576,60783,739.047,1946.381,1856,2031,554,913,733.5,bright,True,,1976.8921,2009.3175,1993.1048
4-216,images/4-216.jpg,4,216,,Enchanted,True,False,no-core-component,,,,,,,,,,,,False,no-text,,,
4-217,images/4-217.jpg,4,217,,Enchanted,False,True,,733.738,0.9881,5625,733.809,1968.638,1923,2014,694,774,734.0,bright,True,,1976.8566,2009.312,1993.0843
4-218,images/4-218.jpg,4,218,,Enchanted,False,True,,733.738,0.9881,5625,733.809,1968.638,1923,2014,694,774,734.0,bright,True,,1977.2174,2009.2886,1993.253
4-219,images/4-219.jpg,4,219,,Enchanted,False,False,no-core-component,,,,,,,,,,,,False,text-clipped,,,
4-22,images/4-22.jpg,4,22,,Uncommon,True,True,,733.52,0.9987,5265,733.506,1968.218,1929,2008,695,772,733.5,bright,True,,1977.1945,2009.3951,1993.2948
4-220,images/4-220.jpg,4,220,,Enchanted,False,True,,733.738,0.9881,5625,733.809,1968.638,1923,2014,694,774,734.0,bright,True,,1977.1283,2009.3908,1993.2595
4-221,images/4-221.jpg,4,221,,Enchanted,False,True,,733.5,1.0,63360,733.5,1943.5,1856,2031,554,913,733.5,bright,True,,1977.1408,2009.4074,1993.2741
4-222,images/4-222.jpg,4,222,,Enchanted,True,False,no-core-component,,,,,,,,,,,,False,no-text,,,
4-223,images/4-223.jpg,4,223,,Legendary,True,True,,733.573,0.9908,5515,733.472,1969.592,1924,2008,689,779,734.0,bright,True,,1977.1327,2009.3985,1993.2656
4-224,images/4-224.jpg,4,224,,Legendary,True,True,,733.56,0.9919,5525,733.496,1970.568,1925,2009,689,779,734.0,bright,True,,1977.4268,2009.3184,1993.3726
4-225,images/4-225.jpg,4,225,,Rare,True,True,,733.63,0.992,4123,733.735,1980.138,1929,2007,686,782,734.0,bright,True,,1976.9115,2009.4002,1993.1559
4-23,images/4-23.jpg,4,23,,Common,True,True,,733.589,0.9848,4488,733.635,1968.047,1930,2005,696,771,733.5,bright,True,,1977.1908,2009.2997,1993.2453
4-24,images/4-24.jpg,4,24,,Rare,True,True,,733.66,0.9913,4132,733.773,1980.057,1928,2007,686,782,734.0,bright,True,,1977.6102,2009.1917,1993.401
4-25,images/4-25.jpg,4,25,,Common,True,True,,733.589,0.9848,4488,733.635,1968.047,1930,2005,696,771,733.5,bright,True,,1976.9246,2009.2978,1993.1112
4-26,images/4-26.jpg,4,26,,Uncommon,True,True,,733.52,0.9987,5265,733.506,1968.218,1929,2008,695,772,733.5,bright,True,,1977.4262,2009.2721,1993.3492
4-27,images/4-27.jpg,4,27,,Common,True,True,,733.589,0.9848,4488,733.635,1968.047,1930,2005,696,771,733.5,bright,True,,1976.8657,2009.3001,1993.0829
4-28,images/4-28.jpg,4,28,,Rare,True,True,,733.66,0.9913,4132,733.773,1980.057,1928,2007,686,782,734.0,bright,True,,1977.2604,2009.2735,1993.2669
4-29,images/4-29.jpg,4,29,,Uncommon,True,True,,733.52,0.9987,5265,733.506,1968.218,1929,2008,695,772,733.5,bright,True,,1977.1704,2009.2918,1993.2311
4-3,images/4-3.jpg,4,3,,Rare,True,True,,733.66,0.9913,4132,733.773,1980.057,1928,2007,686,782,734.0,bright,True,,1977.3088,2009.145,1993.2269
4-30,images/4-30.jpg,4,30,,Uncommon,True,True,,733.52,0.9987,5265,733.506,1968.218,1929,2008,695,772,733.5,bright,True,,1977.2415,2009.1418,1993.1917
4-31,images/4-31.jpg,4,31,,Rare,True,True,,733.66,0.9913,4132,733.773,1980.057,1928,2007,686,782,734.0,bright,True,,1977.2464,2009.1694,1993.2079
4-32,images/4-32.jpg,4,32,,Common,True,True,,733.589,0.9848,4488,733.635,1968.047,1930,2005,696,771,733.5,bright,True,,1977.1733,2009.306,1993.2397
4-33,images/4-33.jpg,4,33,,Common,True,False,no-component,,,,,,,,,,,,False,text-clipped,,,
4-34,images/4-34.jpg,4,34,,Rare,True,False,no-component,,,,,,,,,,,,False,no-text,,,
4-34-P1,images/4-34-P1.jpg,4,34,P1,Special,True,True,,724.167,0.878,5286,727.472,1967.529,1925,2011,689,778,733.5,bright,True,,1976.9795,2008.7336,1992.8565
4-35,images/4-35.jpg,4,35,,Uncommon,True,True,,733.52,0.9987,5265,733.506,1968.218,1929,2008,695,772,733.5,bright,True,,1976.9175,2009.173,1993.0453
4-35-P1,images/4-35-P1.jpg,4,35,P1,Special,True,False,no-core-component,,,,,,,,,,,,False,text-height-24.7,,,
4-36,images/4-36.jpg,4,36,,Super Rare,True,True,,733.594,0.9928,3451,733.686,1966.898,1929,2007,694,773,733.5,bright,True,,1977.4075,2009.1455,1993.2765
4-36-P1,images/4-36-P1.jpg,4,36,P1,Special,True,True,,724.167,0.878,5286,727.472,1967.529,1925,2011,689,778,733.5,bright,True,,1976.9442,2009.0414,1992.9928
4-37,images/4-37.jpg,4,37,,Common,True,True,,733.565,0.9884,4567,733.603,1968.033,1930,2005,696,771,733.5,bright,True,,1976.7849,2009.2236,1993.0042
4-37-P1,images/4-37-P1.jpg,4,37,P1,Special,True,True,,724.167,0.878,5286,727.472,1967.529,1925,2011,689,778,733.5,bright,True,,1976.6673,2009.0867,1992.877
4-38,images/4-38.jpg,4,38,,Rare,True,True,,733.66,0.9913,4132,733.773,1980.057,1928,2007,686,782,734.0,bright,True,,1977.2526,2009.1388,1993.1957
4-38-P1,images/4-38-P1.jpg,4,38,P1,Special,False,True,,733.553,0.9807,62163,736.515,1944.964,1856,2031,554,913,733.5,bright,True,,1976.9261,2009.0079,1992.967
4-39,images/4-39.jpg,4,39,,Super Rare,True,True,,733.594,0.9928,3451,733.686,1966.898,1929,2007,694,773,733.5,bright,True,,1977.1545,2009.1652,1993.1599
4-4,images/4-4.jpg,4,4,,Legendary,True,True,,733.572,0.9965,5479,733.6,1969.592,1924,2008,689,778,733.5,bright,True,,1977.9927,2008.856,1993.4243
4-4-D23,images/4-4-D23.jpg,4,4,D23,Special,False,True,,733.5,1.0,63360,733.5,1943.5,1856,2031,554,913,733.5,bright,True,,1976.9159,2009.2998,1993.1079
4-40,images/4-40.jpg,4,40,,Uncommon,True,True,,733.52,0.9987,5265,733.506,1968.218,1929,2008,695,772,733.5,bright,True,,1977.6743,2009.0102,1993.3423
4-40-P1,images/4-40-P1.jpg,4,40,P1,Special,True,True,,724.125,0.8783,5499,727.594,1967.519,1924,2011,689,779,734.0,bright,True,,1976.9321,2008.9481,1992.9401
4-41,images/4-41.jpg,4,41,,Common,True,True,,733.589,0.9848,4488,733.635,1968.047,1930,2005,696,771,733.5,bright,True,,1977.8188,2009.026,1993.4224
4-41-P3,images/4-41-P3.jpg,4,41,P3,Special,True,True,,733.594,0.9442,4086,734.163,1975.792,1920,2016,698,768,733.0,bright,True,,1976.8721,2009.0357,1992.9539
4-42,images/4-42.jpg,4,42,,Rare,True,True,,733.66,0.9913,4132,733.773,1980.057,1928,2007,686,782,734.0,bright,True,,1977.6065,2009.1881,1993.3973
4-43,images/4-43.jpg,4,43,,Uncommon,True,True,,733.52,0.9987,5265,733.506,1968.218,1929,2008,695,772,733.5,bright,True,,1977.6292,2009.0212,1993.3252
4-44,images/4-44.jpg,4,44,,Uncommon,True,True,,733.52,0.9987,5265,733.506,1968.218,1929,2008,695,772,733.5,bright,False,text-height-29.7,,,
4-45,images/4-45.jpg,4,45,,Rare,True,True,,733.66,0.9913,4132,733.773,1980.057,1928,2007,686,782,734.0,bright,True,,1977.282,2009.0188,1993.1504
4-46,images/4-46.jpg,4,46,,Common,True,True,,733.589,0.9848,4488,733.635,1968.047,1930,2005,696,771,733.5,bright,True,,1977.9879,2009.0009,1993.4944
4-47,images/4-47.jpg,4,47,,Common,True,True,,733.589,0.9848,4488,733.635,1968.047,1930,2005,696,771,733.5,bright,True,,1977.1393,2009.0044,1993.0718
4-48,images/4-48.jpg,4,48,,Common,True,True,,733.589,0.9848,4488,733.635,1968.047,1930,2005,696,771,733.5,bright,True,,1977.6731,2009.005,1993.3391
4-49,images/4-49.jpg,4,49,,Common,True,True,,733.589,0.9848,4488,733.635,1968.047,1930,2005,696,771,733.5,bright,True,,1977.6423,2008.9906,1993.3165
4-5,images/4-5.jpg,4,5,,Common,True,True,,733.589,0.9848,4488,733.635,1968.047,1930,2005,696,771,733.5,bright,True,,1976.9488,2009.1353,1993.0421
4-50,images/4-50.jpg,4,50,,Uncommon,True,True,,733.52,0.9987,5265,733.506,1968.218,1929,2008,695,772,733.5,bright,True,,1976.9491,2009.1339,1993.0415
4-51,images/4-51.jpg,4,51,,Uncommon,True,True,,733.52,0.9987,5265,733.506,1968.218,1929,2008,695,772,733.5,bright,True,,1976.9296,2009.1537,1993.0416
4-52,images/4-52.jpg,4,52,,Rare,True,True,,733.66,0.9913,4132,733.773,1980.057,1928,2007,686,782,734.0,bright,True,,1976.9148,2009.3012,1993.108
4-53,images/4-53.jpg,4,53,,Rare,True,True,,733.66,0.9913,4132,733.773,1980.057,1928,2007,686,782,734.0,bright,True,,1976.9133,2009.1676,1993.0404
4-54,images/4-54.jpg,4,54,,Super Rare,True,True,,733.594,0.9928,3451,733.686,1966.898,1929,2007,694,773,733.5,bright,True,,1977.2733,2009.0199,1993.1466
4-55,images/4-55.jpg,4,55,,Common,True,True,,733.589,0.9848,4488,733.635,1968.047,1930,2005,696,771,733.5,bright,True,,1976.7826,2009.1668,1992.9747
4-56,images/4-56.jpg,4,56,,Common,True,True,,733.589,0.9848,4488,733.635,1968.047,1930,2005,696,771,733.5,bright,True,,1977.0163,2009.1377,1993.077
4-57,images/4-57.jpg,4,57,,Uncommon,True,True,,733.52,0.9987,5265,733.506,1968.218,1929,2008,695,772,733.5,bright,True,,1976.7349,2009.1713,1992.9531
4-58,images/4-58.jpg,4,58,,Legendary,True,True,,733.572,0.9965,5479,733.6,1969.592,1924,2008,689,778,733.5,bright,True,,1976.961,2009.1278,1993.0444
4-59,images/4-59.jpg,4,59,,Legendary,True,True,,733.572,0.9965,5479,733.6,1969.592,1924,2008,689,778,733.5,bright,True,,1976.9047,2009.1574,1993.0311
4-6,images/4-6.jpg,4,6,,Uncommon,True,True,,733.52,0.9987,5265,733.506,1968.218,1929,2008,695,772,733.5,bright,True,,1977.6744,2009.0961,1993.3852
4-60,images/4-60.jpg,4,60,,Common,True,True,,733.589,0.9848,4488,733.635,1968.047,1930,2005,696,771,733.5,bright,True,,1977.4885,2009.1045,1993.2965
4-61,images/4-61.jpg,4,61,,Rare,True,True,,733.66,0.9913,4132,733.773,1980.057,1928,2007,686,782,734.0,bright,True,,1977.5725,2009.1249,1993.3487
4-62,images/4-62.jpg,4,62,,Common,True,True,,733.589,0.9848,4488,733.635,1968.047,1930,2005,696,771,733.5,bright,True,,1977.4191,2009.2753,1993.3472
4-63,images/4-63.jpg,4,63,,Uncommon,True,True,,733.52,0.9987,5265,733.506,1968.218,1929,2008,695,772,733.5,bright,True,,1977.412,2009.1447,1993.2783
4-64,images/4-64.jpg,4,64,,Rare,True,True,,733.66,0.9913,4132,733.773,1980.057,1928,2007,686,782,734.0,bright,True,,1978.0233,2008.992,1993.5077
4-65,images/4-65.jpg,4,65,,Common,True,True,,733.589,0.9848,4488,733.635,1968.047,1930,2005,696,771,733.5,bright,True,,1977.0285,2009.1437,1993.0861
4-66,images/4-66.jpg,4,66,,Uncommon,True,True,,733.52,0.9987,5265,733.506,1968.218,1929,2008,695,772,733.5,bright,True,,1977.7623,2009.0994,1993.4309
4-67,images/4-67.jpg,4,67,,Common,True,False,no-core-component,,,,,,,,,,,,False,text-height-25.4,,,
4-68,images/4-68.jpg,4,68,,Rare,True,False,no-core-component,,,,,,,,,,,,False,text-clipped,,,
4-69,images/4-69.jpg,4,69,,Rare,True,True,,733.66,0.9913,4132,733.773,1980.057,1928,2007,686,782,734.0,bright,True,,1977.4137,2009.124,1993.2688
4-7,images/4-7.jpg,4,7,,Common,True,True,,733.589,0.9848,4488,733.635,1968.047,1930,2005,696,771,733.5,bright,True,,1976.8967,2009.1275,1993.0121
4-7-D23,images/4-7-D23.jpg,4,7,D23,Special,True,True,,745.35,0.7153,7745,745.332,1968.952,1928,2004,650,817,733.5,bright,True,,1976.6971,2009.3043,1993.0007
4-70,images/4-70.jpg,4,70,,Legendary,True,True,,733.572,0.9965,5479,733.6,1969.592,1924,2008,689,778,733.5,bright,True,,1976.8941,2009.1348,1993.0144
4-71,images/4-71.jpg,4,71,,Common,True,True,,733.589,0.9848,4488,733.635,1968.047,1930,2005,696,771,733.5,bright,True,,1976.8801,2009.1541,1993.0171
4-72,images/4-72.jpg,4,72,,Common,True,True,,733.589,0.9848,4488,733.635,1968.047,1930,2005,696,771,733.5,bright,True,,1976.874,2009.2997,1993.0869
4-73,images/4-73.jpg,4,73,,Common,True,True,,733.589,0.9848,4488,733.635,1968.047,1930,2005,696,771,733.5,bright,True,,1976.8715,2009.1684,1993.0199
4-74,images/4-74.jpg,4,74,,Legendary,True,True,,733.572,0.9965,5479,733.6,1969.592,1924,2008,689,778,733.5,bright,True,,1977.0847,2009.0221,1993.0534
4-75,images/4-75.jpg,4,75,,Uncommon,True,True,,733.52,0.9987,5265,733.506,1968.218,1929,2008,695,772,733.5,bright,True,,1976.7527,2009.1573,1992.955
4-76,images/4-76.jpg,4,76,,Rare,True,True,,733.66,0.9913,4132,733.773,1980.057,1928,2007,686,782,734.0,bright,True,,1976.9546,2009.1337,1993.0442
4-77,images/4-77.jpg,4,77,,Common,True,True,,733.589,0.9848,4488,733.635,1968.047,1930,2005,696,771,733.5,bright,True,,1976.7234,2009.1452,1992.9343
4-78,images/4-78.jpg,4,78,,Rare,True,True,,733.66,0.9913,4132,733.773,1980.057,1928,2007,686,782,734.0,bright,True,,1976.9072,2009.1304,1993.0188
4-79,images/4-79.jpg,4,79,,Common,True,True,,733.565,0.9884,4567,733.603,1968.033,1930,2005,696,771,733.5,bright,True,,1976.8045,2009.2154,1993.01
4-8,images/4-8.jpg,4,8,,Uncommon,True,True,,733.52,0.9987,5265,733.506,1968.218,1929,2008,695,772,733.5,bright,True,,1977.4007,2009.1076,1993.2542
4-80,images/4-80.jpg,4,80,,Uncommon,True,True,,733.52,0.9987,5265,733.506,1968.218,1929,2008,695,772,733.5,bright,True,,1977.2763,2009.1199,1993.1981
4-81,images/4-81.jpg,4,81,,Uncommon,True,True,,733.52,0.9987,5265,733.506,1968.218,1929,2008,695,772,733.5,bright,True,,1977.3288,2009.1387,1993.2338
4-82,images/4-82.jpg,4,82,,Uncommon,True,True,,733.52,0.9987,5265,733.506,1968.218,1929,2008,695,772,733.5,bright,True,,1977.2446,2009.2776,1993.2611
4-83,images/4-83.jpg,4,83,,Uncommon,True,True,,733.52,0.9987,5265,733.506,1968.218,1929,2008,695,772,733.5,bright,True,,1977.2499,2009.136,1993.1929
4-84,images/4-84.jpg,4,84,,Common,True,True,,733.589,0.9848,4488,733.635,1968.047,1930,2005,696,771,733.5,bright,True,,1977.6832,2009.0075,1993.3454
4-85,images/4-85.jpg,4,85,,Super Rare,True,True,,733.594,0.9928,3451,733.686,1966.898,1929,2007,694,773,733.5,bright,True,,1976.9627,2009.1306,1993.0466
4-86,images/4-86.jpg,4,86,,Uncommon,True,True,,733.52,0.9987,5265,733.506,1968.218,1929,2008,695,772,733.5,bright,True,,1977.4896,2009.1126,1993.3011
4-87,images/4-87.jpg,4,87,,Super Rare,True,True,,733.594,0.9928,3451,733.686,1966.898,1929,2007,694,773,733.5,bright,True,,1976.9219,2009.1207,1993.0213
4-88,images/4-88.jpg,4,88,,Rare,True,True,,733.66,0.9913,4132,733.773,1980.057,1928,2007,686,782,734.0,bright,True,,1977.2977,2009.1191,1993.2084
4-89,images/4-89.jpg,4,89,,Common,True,True,,733.589,0.9848,4488,733.635,1968.047,1930,2005,696,771,733.5,bright,True,,1977.2479,2009.1187,1993.1833
4-9,images/4-9.jpg,4,9,,Uncommon,True,True,,733.52,0.9987,5265,733.506,1968.218,1929,2008,695,772,733.5,bright,True,,1977.3072,2009.1208,1993.214
4-90,images/4-90.jpg,4,90,,Rare,True,True,,733.66,0.9913,4132,733.773,1980.057,1928,2007,686,782,734.0,bright,True,,1977.2305,2009.119,1993.1748
4-91,images/4-91.jpg,4,91,,Common,True,True,,733.589,0.9848,4488,733.635,1968.047,1930,2005,696,771,733.5,bright,True,,1977.2421,2009.1472,1993.1946
4-92,images/4-92.jpg,4,92,,Super Rare,True,True,,733.594,0.9928,3451,733.686,1966.898,1929,2007,694,773,733.5,bright,True,,1977.1619,2009.2925,1993.2272
4-93,images/4-93.jpg,4,93,,Common,True,True,,733.589,0.9848,4488,733.635,1968.047,1930,2005,696,771,733.5,bright,True,,1977.1604,2009.1543,1993.1574
4-94,images/4-94.jpg,4,94,,Common,True,True,,733.589,0.9848,4488,733.635,1968.047,1930,2005,696,771,733.5,bright,True,,1977.6301,2009.0001,1993.3151
4-95,images/4-95.jpg,4,95,,Rare,True,True,,733.66,0.9913,4132,733.773,1980.057,1928,2007,686,782,734.0,bright,True,,1976.9028,2009.1631,1993.033
4-96,images/4-96.jpg,4,96,,Uncommon,True,True,,733.52,0.9987,5265,733.506,1968.218,1929,2008,695,772,733.5,bright,True,,1977.4035,2009.1197,1993.2616
4-97,images/4-97.jpg,4,97,,Rare,True,True,,733.66,0.9913,4132,733.773,1980.057,1928,2007,686,782,734.0,bright,True,,1976.8513,2009.1572,1993.0043
4-98,images/4-98.jpg,4,98,,Common,True,True,,733.589,0.9848,4488,733.635,1968.047,1930,2005,696,771,733.5,bright,True,,1977.243,2009.1168,1993.1799
4-99,images/4-99.jpg,4,99,,Uncommon,True,True,,733.52,0.9987,5265,733.506,1968.218,1929,2008,695,772,733.5,bright,True,,1977.1514,2009.1386,1993.145
5-1,images/5-1.jpg,5,1,,Rare,True,True,,733.654,0.9917,4231,733.74,1979.797,1928,2007,686,782,734.0,bright,True,,1976.7292,2009.3312,1993.0302
5-1-P2,images/5-1-P2.jpg,5,1,P2,Special,True,True,,724.125,0.8787,5499,727.593,1967.528,1924,2011,689,779,734.0,bright,True,,1976.6491,2009.3219,1992.9855
5-10,images/5-10.jpg,5,10,,Common,True,True,,733.554,0.9882,4566,733.592,1968.114,1930,2005,696,771,733.5,bright,True,,1976.7396,2009.3248,1993.0322
5-100,images/5-100.jpg,5,100,,Uncommon,True,True,,733.534,0.9976,5361,733.502,1968.258,1928,2008,695,772,733.5,bright,True,,1976.7683,2009.2908,1993.0296
5-101,images/5-101.jpg,5,101,,Rare,True,False,no-core-component,,,,,,,,,,,,False,text-too-thin,,,
5-102,images/5-102.jpg,5,102,,Uncommon,True,False,no-core-component,,,,,,,,,,,,False,no-text,,,
5-103,images/5-103.jpg,5,103,,Uncommon,True,True,,733.531,0.9974,5356,733.511,1968.215,1928,2008,695,772,733.5,bright,True,,1976.7684,2009.2845,1993.0265
5-104,images/5-104.jpg,5,104,,Rare,True,True,,733.654,0.9917,4231,733.74,1979.797,1928,2007,686,782,734.0,bright,True,,1976.8375,2009.2352,1993.0363
5-105,images/5-105.jpg,5,105,,Super Rare,True,True,,733.479,0.9941,3531,733.517,1967.032,1928,2007,693,774,733.5,bright,True,,1976.6937,2009.2889,1992.9913
5-106,images/5-106.jpg,5,106,,Uncommon,True,True,,733.509,0.9976,5355,733.513,1968.17,1928,2008,695,772,733.5,bright,True,,1976.8031,2009.2807,1993.0419
5-107,images/5-107.jpg,5,107,,Legendary,True,True,,774.167,0.9288,13139,770.519,1879.215,1856,1907,627,913,770.0,bright,True,,1976.6747,2009.2672,1992.9709
5-108,images/5-108.jpg,5,108,,Common,True,True,,733.554,0.9882,4566,733.592,1968.114,1930,2005,696,771,733.5,bright,True,,1976.766,2009.2939,1993.03
5-109,images/5-109.jpg,5,109,,Uncommon,True,True,,733.531,0.9974,5356,733.511,1968.215,1928,2008,695,772,733.5,bright,True,,1976.7857,2009.2795,1993.0326
5-11,images/5-11.jpg,5,11,,Common,True,True,,733.554,0.9882,4566,733.592,1968.114,1930,2005,696,771,733.5,bright,True,,1976.7328,2009.3435,1993.0381
5-110,images/5-110.jpg,5,110,,Common,True,True,,733.565,0.9884,4567,733.603,1968.033,1930,2005,696,771,733.5,bright,True,,1976.7514,2009.3163,1993.0338
5-111,images/5-111.jpg,5,111,,Common,True,True,,733.554,0.9882,4566,733.592,1968.114,1930,2005,696,771,733.5,bright,True,,1976.7283,2009.3481,1993.0382
5-112,images/5-112.jpg,5,112,,Common,True,True,,733.554,0.9882,4566,733.592,1968.114,1930,2005,696,771,733.5,bright,True,,1976.7557,2009.401,1993.0784
5-113,images/5-113.jpg,5,113,,Common,True,True,,733.554,0.9882,4566,733.592,1968.114,1930,2005,696,771,733.5,bright,True,,1976.7475,2009.3179,1993.0327
5-114,images/5-114.jpg,5,114,,Common,True,True,,733.554,0.9882,4566,733.592,1968.114,1930,2005,696,771,733.5,bright,True,,1976.8542,2009.2388,1993.0465
5-115,images/5-115.jpg,5,115,,Rare,True,True,,733.654,0.9918,4243,733.741,1979.765,1928,2007,686,782,734.0,bright,True,,1976.6755,2009.3182,1992.9968
5-116,images/5-116.jpg,5,116,,Super Rare,True,True,,733.479,0.9941,3531,733.517,1967.032,1928,2007,693,774,733.5,bright,True,,1976.7764,2009.3179,1993.0472
5-117,images/5-117.jpg,5,117,,Uncommon,True,True,,733.515,0.9974,5354,733.5,1968.191,1928,2008,695,772,733.5,bright,True,,1976.6505,2009.3019,1992.9762
5-118,images/5-118.jpg,5,118,,Legendary,True,True,,733.638,0.9931,5655,733.733,1969.357,1922,2008,688,779,733.5,bright,True,,1976.7441,2009.323,1993.0336
5-119,images/5-119.jpg,5,119,,Rare,True,True,,733.654,0.9918,4243,733.741,1979.765,1928,2007,686,782,734.0,bright,True,,1976.7695,2009.3092,1993.0393
5-12,images/5-12.jpg,5,12,,Uncommon,True,True,,733.531,0.9974,5356,733.511,1968.215,1928,2008,695,772,733.5,bright,True,,1976.7502,2009.3992,1993.0747
5-120,images/5-120.jpg,5,120,,Common,True,True,,733.554,0.9882,4566,733.592,1968.114,1930,2005,696,771,733.5,bright,True,,1976.7789,2009.3658,1993.0724
5-121,images/5-121.jpg,5,121,,Uncommon,True,True,,733.509,0.9976,5355,733.513,1968.17,1928,2008,695,772,733.5,bright,True,,1976.7545,2009.4,1993.0772
5-122,images/5-122.jpg,5,122,,Common,True,True,,733.554,0.9882,4566,733.592,1968.114,1930,2005,696,771,733.5,bright,True,,1976.7913,2009.4242,1993.1077
5-123,images/5-123.jpg,5,123,,Rare,True,True,,733.654,0.9918,4243,733.741,1979.765,1928,2007,686,782,734.0,bright,True,,1976.7854,2009.36,1993.0727
5-124,images/5-124.jpg,5,124,,Rare,True,True,,733.654,0.9918,4243,733.741,1979.765,1928,2007,686,782,734.0,bright,True,,1976.8277,2009.3408,1993.0843
5-125,images/5-125.jpg,5,125,,Common,True,True,,733.565,0.9884,4567,733.603,1968.033,1930,2005,696,771,733.5,bright,True,,1976.706,2009.3668,1993.0364
5-126,images/5-126.jpg,5,126,,Uncommon,True,True,,733.531,0.9974,5356,733.511,1968.215,1928,2008,695,772,733.5,bright,True,,1976.816,2009.3625,1993.0893
5-127,images/5-127.jpg,5,127,,Common,True,True,,733.554,0.9882,4566,733.592,1968.114,1930,2005,696,771,733.5,bright,True,,1976.6809,2009.353,1993.017
5-128,images/5-128.jpg,5,128,,Common,True,True,,733.554,0.9882,4566,733.592,1968.114,1930,2005,696,771,733.5,bright,True,,1976.7688,2009.372,1993.0704
5-129,images/5-129.jpg,5,129,,Rare,True,True,,733.654,0.9918,4243,733.741,1979.765,1928,2007,686,782,734.0,bright,True,,1976.7938,2009.3662,1993.08
5-13,images/5-13.jpg,5,13,,Rare,True,True,,733.654,0.9918,4243,733.741,1979.765,1928,2007,686,782,734.0,bright,True,,1976.7479,2009.3142,1993.031
5-130,images/5-130.jpg,5,130,,Uncommon,True,True,,733.509,0.9976,5355,733.513,1968.17,1928,2008,695,772,733.5,bright,True,,1976.7682,2009.2845,1993.0264
5-131,images/5-131.jpg,5,131,,Super Rare,True,True,,733.479,0.9941,3531,733.517,1967.032,1928,2007,693,774,733.5,bright,True,,1976.7486,2009.3177,1993.0332
5-132,images/5-132.jpg,5,132,,Common,True,True,,733.565,0.9886,4568,733.606,1967.992,1930,2005,696,771,733.5,bright,True,,1976.7862,2009.3634,1993.0748
5-133,images/5-133.jpg,5,133,,Rare,True,True,,733.738,0.9901,4232,733.812,1979.808,1928,2007,686,782,734.0,bright,True,,1976.7886,2009.2745,1993.0315
5-134,images/5-134.jpg,5,134,,Uncommon,True,True,,733.515,0.9974,5354,733.5,1968.191,1928,2008,695,772,733.5,bright,True,,1976.8256,2009.2534,1993.0395
5-135,images/5-135.jpg,5,135,,Rare,True,True,,733.0,0.7442,606,732.365,1868.048,1856,1887,717,750,733.5,dark,False,text-too-thin,,,
5-136,images/5-136.jpg,5,136,,Uncommon,True,False,no-core-component,,,,,,,,,,,,False,text-too-thin,,,
5-137,images/5-137.jpg,5,137,,Common,True,True,,733.554,0.9882,4566,733.592,1968.114,1930,2005,696,771,733.5,bright,True,,1976.6732,2009.2701,1992.9716
5-138,images/5-138.jpg,5,138,,Common,True,True,,733.554,0.9882,4566,733.592,1968.114,1930,2005,696,771,733.5,bright,True,,1976.7719,2009.2865,1993.0292
5-139,images/5-139.jpg,5,139,,Common,True,True,,733.554,0.9882,4566,733.592,1968.114,1930,2005,696,771,733.5,bright,True,,1976.7903,2009.284,1993.0372
5-14,images/5-14.jpg,5,14,,Legendary,True,True,,733.625,0.9935,5661,733.716,1969.376,1922,2008,688,779,733.5,bright,True,,1976.8632,2009.22,1993.0416
5-140,images/5-140.jpg,5,140,,Rare,True,True,,733.654,0.9918,4243,733.741,1979.765,1928,2007,686,782,734.0,bright,True,,1976.8371,2009.2356,1993.0364
5-141,images/5-141.jpg,5,141,,Common,True,True,,733.554,0.9882,4566,733.592,1968.114,1930,2005,696,771,733.5,bright,True,,1976.8512,2009.2406,1993.0459
5-142,images/5-142.jpg,5,142,,Common,True,True,,733.554,0.9882,4566,733.592,1968.114,1930,2005,696,771,733.5,bright,True,,1976.8233,2009.3457,1993.0845
5-143,images/5-143.jpg,5,143,,Uncommon,True,True,,733.531,0.9974,5356,733.511,1968.215,1928,2008,695,772,733.5,bright,True,,1976.8226,2009.2526,1993.0376
5-144,images/5-144.jpg,5,144,,Super Rare,True,True,,733.479,0.9941,3531,733.517,1967.032,1928,2007,693,774,733.5,bright,True,,1976.967,2009.1326,1993.0498
5-145,images/5-145.jpg,5,145,,Rare,True,True,,733.654,0.9918,4243,733.741,1979.765,1928,2007,686,782,734.0,bright,True,,1976.7452,2009.2523,1992.9987
5-146,images/5-146.jpg,5,146,,Rare,True,True,,733.654,0.9918,4243,733.741,1979.765,1928,2007,686,782,734.0,bright,True,,1976.9029,2009.2054,1993.0541
5-147,images/5-147.jpg,5,147,,Super Rare,True,True,,733.479,0.9941,3531,733.517,1967.032,1928,2007,693,774,733.5,bright,True,,1976.7074,2009.2382,1992.9728
5-148,images/5-148.jpg,5,148,,Rare,True,True,,733.654,0.9918,4243,733.741,1979.765,1928,2007,686,782,734.0,bright,True,,1976.8355,2009.2365,1993.036
5-149,images/5-149.jpg,5,149,,Super Rare,True,True,,733.479,0.9941,3531,733.517,1967.032,1928,2007,693,774,733.5,bright,True,,1976.8383,2009.2492,1993.0437
5-15,images/5-15.jpg,5,15,,Super Rare,True,True,,733.479,0.9941,3531,733.517,1967.032,1928,2007,693,774,733.5,bright,True,,1976.6677,2009.3195,1992.9936
5-150,images/5-150.jpg,5,150,,Legendary,True,True,,733.638,0.9931,5655,733.733,1969.357,1922,2008,688,779,733.5,bright,True,,1976.695,2009.2878,1992.9914
5-151,images/5-151.jpg,5,151,,Uncommon,True,True,,733.531,0.9974,5356,733.511,1968.215,1928,2008,695,772,733.5,bright,True,,1976.68,2009.3196,1992.9998
5-152,images/5-152.jpg,5,152,,Common,True,True,,733.565,0.9884,4567,733.603,1968.033,1930,2005,696,771,733.5,bright,True,,1976.7071,2009.3698,1993.0384
5-153,images/5-153.jpg,5,153,,Common,True,True,,733.554,0.9882,4566,733.592,1968.114,1930,2005,696,771,733.5,bright,True,,1976.7113,2009.2795,1992.9954
5-154,images/5-154.jpg,5,154,,Uncommon,True,True,,733.509,0.9976,5355,733.513,1968.17,1928,2008,695,772,733.5,bright,True,,1976.7474,2009.2534,1993.0004
5-155,images/5-155.jpg,5,155,,Common,True,True,,733.554,0.9882,4566,733.592,1968.114,1930,2005,696,771,733.5,bright,True,,1976.6453,2009.2847,1992.965
5-156,images/5-156.jpg,5,156,,Common,True,True,,733.554,0.9882,4566,733.592,1968.114,1930,2005,696,771,733.5,bright,True,,1976.735,2009.2749,1993.005
5-157,images/5-157.jpg,5,157,,Uncommon,True,True,,733.531,0.9974,5356,733.511,1968.215,1928,2008,695,772,733.5,bright,True,,1976.625,2009.2624,1992.9437
5-158,images/5-158.jpg,5,158,,Rare,True,True,,733.654,0.9918,4243,733.741,1979.765,1928,2007,686,782,734.0,bright,True,,1976.6948,2009.295,1992.9949
5-159,images/5-159.jpg,5,159,,Legendary,True,True,,733.638,0.9931,5655,733.733,1969.357,1922,2008,688,779,733.5,bright,True,,1976.7171,2009.2836,1993.0003
5-16,images/5-16.jpg,5,16,,Super Rare,True,True,,733.469,0.9935,3531,733.512,1967.013,1928,2007,693,774,733.5,bright,True,,1976.7839,2009.3014,1993.0427
5-160,images/5-160.jpg,5,160,,Common,True,True,,733.554,0.9882,4566,733.592,1968.114,1930,2005,696,771,733.5,bright,True,,1976.8015,2009.2806,1993.0411
5-161,images/5-161.jpg,5,161,,Rare,True,True,,733.623,0.9915,4137,733.751,1980.165,1929,2007,686,782,734.0,bright,True,,1976.828,2009.2958,1993.0619
5-162,images/5-162.jpg,5,162,,Common,True,True,,733.554,0.9882,4566,733.592,1968.114,1930,2005,696,771,733.5,bright,True,,1976.8201,2009.3603,1993.0902
5-163,images/5-163.jpg,5,163,,Uncommon,True,True,,733.531,0.9974,5356,733.511,1968.215,1928,2008,695,772,733.5,bright,True,,1976.8186,2009.2662,1993.0424
5-164,images/5-164.jpg,5,164,,Uncommon,True,True,,733.531,0.9974,5356,733.511,1968.215,1928,2008,695,772,733.5,bright,True,,1976.9035,2009.2044,1993.0539
5-165,images/5-165.jpg,5,165,,Common,True,True,,733.565,0.9884,4567,733.603,1968.033,1930,2005,696,771,733.5,bright,True,,1976.7344,2009.273,1993.0037
5-166,images/5-166.jpg,5,166,,Rare,True,True,,733.656,0.992,4242,733.736,1979.76,1928,2007,686,782,734.0,bright,True,,1976.8525,2009.2705,1993.0615
5-167,images/5-167.jpg,5,167,,Uncommon,True,True,,733.534,0.9976,5361,733.502,1968.258,1928,2008,695,772,733.5,bright,True,,1976.6686,2009.2955,1992.982
5-168,images/5-168.jpg,5,168,,Uncommon,True,True,,733.534,0.9976,5361,733.502,1968.258,1928,2008,695,772,733.5,bright,True,,1976.8006,2009.2797,1993.0402
5-169,images/5-169.jpg,5,169,,Rare,True,True,,733.393,0.8294,422,734.092,1864.005,1856,1877,723,750,736.5,dark,False,text-too-thin,,,
5-17,images/5-17.jpg,5,17,,Common,True,True,,733.554,0.9882,4566,733.592,1968.114,1930,2005,696,771,733.5,bright,True,,1976.6439,2009.3011,1992.9725
5-170,images/5-170.jpg,5,170,,Uncommon,True,False,no-core-component,,,,,,,,,,,,False,text-clipped,,,
5-171,images/5-171.jpg,5,171,,Uncommon,True,True,,733.509,0.9976,5355,733.513,1968.17,1928,2008,695,772,733.5,bright,True,,1976.6556,2009.3055,1992.9806
5-172,images/5-172.jpg,5,172,,Legendary,True,True,,733.625,0.9935,5661,733.716,1969.376,1922,2008,688,779,733.5,bright,True,,1976.6824,2009.3532,1993.0178
5-173,images/5-173.jpg,5,173,,Common,True,True,,733.554,0.9882,4566,733.592,1968.114,1930,2005,696,771,733.5,bright,True,,1976.6761,2009.2712,1992.9736
5-174,images/5-174.jpg,5,174,,Common,True,True,,733.554,0.9882,4566,733.592,1968.114,1930,2005,696,771,733.5,bright,True,,1976.7166,2009.2381,1992.9773
5-175,images/5-175.jpg,5,175,,Common,True,True,,733.554,0.9882,4566,733.592,1968.114,1930,2005,696,771,733.5,bright,True,,1976.6274,2009.2645,1992.9459
5-176,images/5-176.jpg,5,176,,Common,True,True,,733.554,0.9882,4566,733.592,1968.114,1930,2005,696,771,733.5,bright,True,,1976.6694,2009.2977,1992.9836
5-177,images/5-177.jpg,5,177,,Uncommon,True,True,,733.531,0.9974,5356,733.511,1968.215,1928,2008,695,772,733.5,bright,True,,1976.6191,2009.2342,1992.9266
5-178,images/5-178.jpg,5,178,,Common,True,True,,733.554,0.9882,4566,733.592,1968.114,1930,2005,696,771,733.5,bright,True,,1976.675,2009.2729,1992.974
5-179,images/5-179.jpg,5,179,,Common,True,True,,733.554,0.9882,4566,733.592,1968.114,1930,2005,696,771,733.5,bright,True,,1976.6906,2009.2634,1992.977
5-18,images/5-18.jpg,5,18,,Rare,True,True,,733.654,0.9918,4243,733.741,1979.765,1928,2007,686,782,734.0,bright,True,,1976.7314,2009.3285,1993.0299
5-180,images/5-180.jpg,5,180,,Common,True,True,,733.565,0.9884,4567,733.603,1968.033,1930,2005,696,771,733.5,bright,True,,1976.7646,2009.2942,1993.0294
5-181,images/5-181.jpg,5,181,,Common,True,True,,733.554,0.9882,4566,733.592,1968.114,1930,2005,696,771,733.5,bright,True,,1976.7443,2009.3228,1993.0335
5-182,images/5-182.jpg,5,182,,Rare,True,True,,733.654,0.9918,4243,733.741,1979.765,1928,2007,686,782,734.0,bright,True,,1976.771,2009.3736,1993.0723
5-183,images/5-183.jpg,5,183,,Super Rare,True,True,,733.469,0.9935,3531,733.512,1967.013,1928,2007,693,774,733.5,bright,True,,1976.7742,2009.2839,1993.029
5-184,images/5-184.jpg,5,184,,Rare,True,True,,733.605,0.9932,4130,733.743,1980.145,1929,2007,686,782,734.0,bright,True,,1976.9084,2009.1828,1993.0456
5-185,images/5-185.jpg,5,185,,Super Rare,True,True,,733.469,0.9935,3531,733.512,1967.013,1928,2007,693,774,733.5,bright,True,,1976.6981,2009.2905,1992.9943
5-186,images/5-186.jpg,5,186,,Super Rare,True,True,,733.479,0.9941,3531,733.517,1967.032,1928,2007,693,774,733.5,bright,True,,1976.8028,2009.2793,1993.0411
5-187,images/5-187.jpg,5,187,,Rare,True,True,,733.654,0.9918,4243,733.741,1979.765,1928,2007,686,782,734.0,bright,True,,1976.6715,2009.2697,1992.9706
5-188,images/5-188.jpg,5,188,,Rare,True,True,,733.654,0.9918,4243,733.741,1979.765,1928,2007,686,782,734.0,bright,True,,1976.7599,2009.2981,1993.029
5-189,images/5-189.jpg,5,189,,Uncommon,True,True,,733.531,0.9974,5356,733.511,1968.215,1928,2008,695,772,733.5,bright,True,,1976.7841,2009.2861,1993.0351
5-19,images/5-19.jpg,5,19,,Rare,True,True,,733.654,0.9917,4231,733.74,1979.797,1928,2007,686,782,734.0,bright,True,,1976.7755,2009.2994,1993.0374
5-190,images/5-190.jpg,5,190,,Uncommon,True,True,,733.531,0.9974,5356,733.511,1968.215,1928,2008,695,772,733.5,bright,True,,1976.7832,2009.2805,1993.0319
5-191,images/5-191.jpg,5,191,,Common,True,True,,733.554,0.9882,4566,733.592,1968.114,1930,2005,696,771,733.5,bright,True,,1976.7697,2009.308,1993.0389
5-192,images/5-192.jpg,5,192,,Uncommon,True,True,,733.531,0.9974,5356,733.511,1968.215,1928,2008,695,772,733.5,bright,True,,1976.7953,2009.368,1993.0816
5-193,images/5-193.jpg,5,193,,Rare,True,True,,733.654,0.9918,4243,733.741,1979.765,1928,2007,686,782,734.0,bright,True,,1976.7875,2009.285,1993.0362
5-194,images/5-194.jpg,5,194,,Legendary,True,True,,733.638,0.9931,5655,733.733,1969.357,1922,2008,688,779,733.5,bright,True,,1976.8396,2009.2495,1993.0446
5-195,images/5-195.jpg,5,195,,Uncommon,True,True,,733.531,0.9974,5356,733.511,1968.215,1928,2008,695,772,733.5,bright,True,,1976.7149,2009.2837,1992.9993
5-196,images/5-196.jpg,5,196,,Rare,True,True,,733.654,0.9917,4231,733.74,1979.797,1928,2007,686,782,734.0,bright,True,,1976.8264,2009.2731,1993.0497
5-197,images/5-197.jpg,5,197,,Common,True,True,,733.554,0.9882,4566,733.592,1968.114,1930,2005,696,771,733.5,bright,True,,1976.6897,2009.2588,1992.9743
5-198,images/5-198.jpg,5,198,,Common,True,True,,733.554,0.9882,4566,733.592,1968.114,1930,2005,696,771,733.5,bright,True,,1976.7818,2009.2867,1993.0343
5-199,images/5-199.jpg,5,199,,Uncommon,True,True,,733.515,0.9974,5354,733.5,1968.191,1928,2008,695,772,733.5,bright,True,,1976.8333,2009.2523,1993.0428
5-2,images/5-2.jpg,5,2,,Uncommon,True,True,,733.531,0.9974,5356,733.511,1968.215,1928,2008,695,772,733.5,bright,True,,1976.7526,2009.4018,1993.0772
5-2-P2,images/5-2-P2.jpg,5,2,P2,Special,True,True,,724.083,0.8806,5303,727.442,1967.533,1925,2011,689,778,733.5,bright,True,,1976.7105,2009.386,1993.0483
5-20,images/5-20.jpg,5,20,,Uncommon,True,True,,733.531,0.9974,5356,733.511,1968.215,1928,2008,695,772,733.5,bright,True,,1976.7844,2009.3635,1993.074
5-200,images/5-200.jpg,5,200,,Common,True,True,,733.565,0.9884,4567,733.603,1968.033,1930,2005,696,771,733.5,bright,True,,1976.7988,2009.3368,1993.0678
5-201,images/5-201.jpg,5,201,,Rare,True,True,,733.738,0.9901,4232,733.812,1979.808,1928,2007,686,782,734.0,bright,True,,1976.7784,2009.37,1993.0742
5-202,images/5-202.jpg,5,202,,Uncommon,True,True,,733.534,0.9976,5361,733.502,1968.258,1928,2008,695,772,733.5,bright,True,,1976.8176,2009.3977,1993.1077
5-203,images/5-203.jpg,5,203,,Rare,True,True,,765.062,0.7829,18016,774.708,1889.98,1856,1941,603,913,758.0,bright,False,text-too-thin,,,
5-204,images/5-204.jpg,5,204,,Uncommon,True,True,,672.875,0.9224,593,672.708,1879.867,1868,1891,658,687,672.5,dark,False,text-too-thin,,,
5-205,images/5-205.jpg,5,205,,Enchanted,False,True,,733.763,0.9818,5447,733.662,1968.377,1924,2013,694,773,733.5,bright,True,,1976.6906,2009.3872,1993.0389
5-206,images/5-206.jpg,5,206,,Enchanted,False,True,,733.661,0.8671,10937,738.149,1931.261,1871,2014,635,832,733.5,bright,True,,1976.8085,2009.3136,1993.061
5-207,images/5-207.jpg,5,207,,Enchanted,False,True,,733.65,0.6386,7053,758.072,1886.171,1856,1912,635,887,761.0,bright,True,,1976.7054,2009.3592,1993.0323
5-208,images/5-208.jpg,5,208,,Enchanted,False,True,,733.812,0.9813,5657,733.87,1968.515,1924,2014,693,775,734.0,bright,True,,1976.8151,2009.3425,1993.0788
5-209,images/5-209.jpg,5,209,,Enchanted,False,True,,733.6,0.9827,5607,733.521,1968.449,1924,2014,692,774,733.0,bright,True,,1976.8082,2009.3437,1993.076
5-21,images/5-21.jpg,5,21,,Rare,True,True,,733.654,0.9918,4243,733.741,1979.765,1928,2007,686,782,734.0,bright,True,,1976.7504,2009.401,1993.0757
5-210,images/5-210.jpg,5,210,,Enchanted,False,True,,733.77,0.9858,5645,733.781,1968.416,1923,2013,694,774,734.0,bright,True,,1976.8244,2009.3572,1993.0908
5-211,images/5-211.jpg,5,211,,Enchanted,False,True,,733.842,0.9802,5853,733.756,1968.45,1921,2015,693,774,733.5,bright,True,,1976.8759,2009.4027,1993.1393
5-212,images/5-212.jpg,5,212,,Enchanted,False,True,,707.375,0.6631,6645,695.991,1892.533,1871,1910,554,829,691.5,bright,True,,1976.7911,2009.4335,1993.1123
5-213,images/5-213.jpg,5,213,,Enchanted,False,True,,733.451,0.7021,18101,716.889,1933.447,1867,2016,585,858,721.5,bright,True,,1976.8244,2009.3458,1993.0851
5-214,images/5-214.jpg,5,214,,Enchanted,False,True,,733.333,0.8619,7910,737.468,1887.736,1856,1912,617,853,735.0,bright,True,,1976.9355,2009.3511,1993.1433
5-215,images/5-215.jpg,5,215,,Enchanted,False,True,,782.55,0.9026,44184,786.451,1947.24,1856,2031,626,913,769.5,bright,True,,1976.7115,2009.3687,1993.0401
5-216,images/5-216.jpg,5,216,,Enchanted,False,True,,680.333,0.7089,900,684.659,1887.106,1882,1895,624,737,680.5,dark,False,text-clipped,,,
5-217,images/5-217.jpg,5,217,,Enchanted,False,False,no-symmetry-peak,,0.645,7436,745.087,1976.345,1923,2020,693,859,776.0,bright,True,,1976.6805,2009.3976,1993.0391
5-218,images/5-218.jpg,5,218,,Enchanted,False,True,,733.821,0.9853,5696,733.808,1968.466,1923,2014,693,774,733.5,bright,True,,1976.7954,2009.3601,1993.0777
5-219,images/5-219.jpg,5,219,,Enchanted,False,True,,690.913,0.751,11730,692.503,1960.006,1919,2015,585,790,687.5,bright,True,,1976.7907,2009.3994,1993.095
5-22,images/5-22.jpg,5,22,,Uncommon,True,True,,733.531,0.9974,5356,733.511,1968.215,1928,2008,695,772,733.5,bright,True,,1976.801,2009.4247,1993.1129
5-220,images/5-220.jpg,5,220,,Enchanted,False,True,,733.758,0.9846,5599,733.79,1968.482,1924,2014,694,774,734.0,bright,True,,1976.8565,2009.4013,1993.1289
5-221,images/5-221.jpg,5,221,,Enchanted,False,True,,733.809,0.9853,5441,733.808,1968.867,1924,2014,694,773,733.5,bright,True,,1976.8056,2009.4318,1993.1187
5-222,images/5-222.jpg,5,222,,Enchanted,False,False,no-core-component,,,,,,,,,,,,False,text-clipped,,,
5-223,images/5-223.jpg,5,223,,Rare,True,True,,733.62,0.9915,4127,733.72,1980.172,1929,2007,686,782,734.0,bright,True,,1976.9708,2009.3546,1993.1627
5-23,images/5-23.jpg,5,23,,Uncommon,True,True,,733.531,0.9974,5356,733.511,1968.215,1928,2008,695,772,733.5,bright,True,,1976.7964,2009.3484,1993.0724
5-24,images/5-24.jpg,5,24,,Common,True,True,,733.554,0.9882,4566,733.592,1968.114,1930,2005,696,771,733.5,bright,True,,1976.8337,2009.3334,1993.0835
5-25,images/5-25.jpg,5,25,,Uncommon,True,True,,733.531,0.9974,5356,733.511,1968.215,1928,2008,695,772,733.5,bright,True,,1976.7132,2009.3544,1993.0338
5-26,images/5-26.jpg,5,26,,Common,True,True,,733.554,0.9882,4566,733.592,1968.114,1930,2005,696,771,733.5,bright,True,,1976.8263,2009.3507,1993.0885
5-27,images/5-27.jpg,5,27,,Rare,True,True,,733.605,0.9932,4130,733.743,1980.145,1929,2007,686,782,734.0,bright,True,,1976.7064,2009.3288,1993.0176
5-28,images/5-28.jpg,5,28,,Super Rare,True,True,,733.474,0.9938,3530,733.516,1967.021,1928,2007,693,774,733.5,bright,True,,1976.7757,2009.3657,1993.0707
5-29,images/5-29.jpg,5,29,,Uncommon,True,True,,733.509,0.9976,5355,733.513,1968.17,1928,2008,695,772,733.5,bright,True,,1976.7795,2009.3747,1993.0771
5-3,images/5-3.jpg,5,3,,Legendary,True,True,,747.233,0.9928,15311,747.421,1880.594,1856,1907,594,902,748.0,bright,True,,1976.7485,2009.3031,1993.0258
5-3-P2,images/5-3-P2.jpg,5,3,P2,Special,True,True,,724.125,0.8787,5499,727.593,1967.528,1924,2011,689,779,734.0,bright,True,,1976.6751,2009.2795,1992.9773
5-30,images/5-30.jpg,5,30,,Common,True,True,,733.565,0.9886,4568,733.606,1967.992,1930,2005,696,771,733.5,bright,True,,1976.7815,2009.2648,1993.0232
5-31,images/5-31.jpg,5,31,,Rare,True,True,,733.656,0.992,4242,733.736,1979.76,1928,2007,686,782,734.0,bright,True,,1976.7481,2009.3123,1993.0302
5-32,images/5-32.jpg,5,32,,Uncommon,True,True,,733.515,0.9974,5354,733.5,1968.191,1928,2008,695,772,733.5,bright,True,,1976.7947,2009.3485,1993.0716
5-33,images/5-33.jpg,5,33,,Uncommon,True,False,no-component,,,,,,,,,,,,False,text-too-thin,,,
5-34,images/5-34.jpg,5,34,,Rare,True,False,no-component,,,,,,,,,,,,False,text-too-thin,,,
5-35,images/5-35.jpg,5,35,,Super Rare,True,True,,733.469,0.9935,3531,733.512,1967.013,1928,2007,693,774,733.5,bright,True,,1976.7098,2009.261,1992.9854
5-36,images/5-36.jpg,5,36,,Common,True,True,,733.565,0.9884,4567,733.603,1968.033,1930,2005,696,771,733.5,bright,True,,1976.8255,2009.2525,1993.039
5-37,images/5-37.jpg,5,37,,Common,True,True,,733.554,0.9882,4566,733.592,1968.114,1930,2005,696,771,733.5,bright,True,,1976.6655,2009.2658,1992.9657
5-38,images/5-38.jpg,5,38,,Common,True,True,,733.554,0.9882,4566,733.592,1968.114,1930,2005,696,771,733.5,bright,True,,1976.7785,2009.2718,1993.0252
5-39,images/5-39.jpg,5,39,,Common,True,True,,733.554,0.9882,4566,733.592,1968.114,1930,2005,696,771,733.5,bright,True,,1976.7732,2009.2812,1993.0272
5-4,images/5-4.jpg,5,4,,Common,True,True,,733.554,0.9882,4566,733.592,1968.114,1930,2005,696,771,733.5,bright,True,,1976.8762,2009.1966,1993.0364
5-4-P2,images/5-4-P2.jpg,5,4,P2,Special,True,True,,724.125,0.8783,5499,727.594,1967.519,1924,2011,689,779,734.0,bright,True,,1976.6751,2009.2885,1992.9818
5-40,images/5-40.jpg,5,40,,Uncommon,True,True,,733.531,0.9974,5356,733.511,1968.215,1928,2008,695,772,733.5,bright,True,,1976.851,2009.2202,1993.0356
5-41,images/5-41.jpg,5,41,,Common,True,True,,733.554,0.9882,4566,733.592,1968.114,1930,2005,696,771,733.5,bright,True,,1976.8646,2009.2164,1993.0405
5-42,images/5-42.jpg,5,42,,Common,True,True,,733.554,0.9882,4566,733.592,1968.114,1930,2005,696,771,733.5,bright,True,,1976.8279,2009.3366,1993.0823
5-43,images/5-43.jpg,5,43,,Common,True,True,,733.554,0.9882,4566,733.592,1968.114,1930,2005,696,771,733.5,bright,True,,1976.8349,2009.2327,1993.0338
5-44,images/5-44.jpg,5,44,,Super Rare,True,True,,733.479,0.9941,3531,733.517,1967.032,1928,2007,693,774,733.5,bright,True,,1976.9907,2009.1005,1993.0456
5-45,images/5-45.jpg,5,45,,Rare,True,True,,733.654,0.9918,4243,733.741,1979.765,1928,2007,686,782,734.0,bright,True,,1976.7524,2009.2324,1992.9924
5-46,images/5-46.jpg,5,46,,Rare,True,True,,733.654,0.9918,4243,733.741,1979.765,1928,2007,686,782,734.0,bright,True,,1976.9197,2009.1888,1993.0542
5-47,images/5-47.jpg,5,47,,Uncommon,True,True,,733.531,0.9974,5356,733.511,1968.215,1928,2008,695,772,733.5,bright,True,,1976.7133,2009.2271,1992.9702
5-48,images/5-48.jpg,5,48,,Super Rare,True,True,,733.479,0.9941,3531,733.517,1967.032,1928,2007,693,774,733.5,bright,True,,1976.8517,2009.2137,1993.0327
5-49,images/5-49.jpg,5,49,,Legendary,True,True,,733.638,0.9931,5655,733.733,1969.357,1922,2008,688,779,733.5,bright,True,,1976.8495,2009.226,1993.0378
5-5,images/5-5.jpg,5,5,,Common,True,True,,733.554,0.9882,4566,733.592,1968.114,1930,2005,696,771,733.5,bright,True,,1976.6636,2009.3115,1992.9875
5-5-D23,images/5-5-D23.jpg,5,5,D23,Special,False,True,,745.8,0.7005,7533,746.001,1969.23,1928,2004,650,817,733.5,bright,True,,1976.6998,2009.2629,1992.9814
5-5-P2,images/5-5-P2.jpg,5,5,P2,Special,True,True,,724.125,0.8783,5499,727.594,1967.519,1924,2011,689,779,734.0,bright,True,,1976.6075,2009.2805,1992.944
5-50,images/5-50.jpg,5,50,,Rare,True,True,,733.654,0.9918,4243,733.741,1979.765,1928,2007,686,782,734.0,bright,True,,1976.7008,2009.272,1992.9864
5-51,images/5-51.jpg,5,51,,Uncommon,True,True,,733.531,0.9974,5356,733.511,1968.215,1928,2008,695,772,733.5,bright,True,,1976.6693,2009.3185,1992.9939
5-52,images/5-52.jpg,5,52,,Uncommon,True,True,,733.531,0.9974,5356,733.511,1968.215,1928,2008,695,772,733.5,bright,True,,1976.7128,2009.3548,1993.0338
5-53,images/5-53.jpg,5,53,,Rare,True,True,,733.654,0.9917,4231,733.74,1979.797,1928,2007,686,782,734.0,bright,True,,1976.7128,2009.2586,1992.9857
5-54,images/5-54.jpg,5,54,,Common,True,True,,733.554,0.9882,4566,733.592,1968.114,1930,2005,696,771,733.5,bright,True,,1976.7522,2009.2328,1992.9925
5-55,images/5-55.jpg,5,55,,Rare,True,True,,733.654,0.9918,4243,733.741,1979.765,1928,2007,686,782,734.0,bright,True,,1976.6425,2009.2682,1992.9553
5-56,images/5-56.jpg,5,56,,Common,True,True,,733.565,0.9884,4567,733.603,1968.033,1930,2005,696,771,733.5,bright,True,,1976.7384,2009.258,1992.9982
5-57,images/5-57.jpg,5,57,,Uncommon,True,True,,733.531,0.9974,5356,733.511,1968.215,1928,2008,695,772,733.5,bright,True,,1976.6175,2009.2582,1992.9379
5-58,images/5-58.jpg,5,58,,Legendary,True,True,,733.556,0.9922,5525,733.503,1969.61,1924,2008,689,778,733.5,bright,True,,1976.7464,2009.2131,1992.9798
5-59,images/5-59.jpg,5,59,,Common,True,True,,733.554,0.9882,4566,733.592,1968.114,1930,2005,696,771,733.5,bright,True,,1976.6985,2009.282,1992.9903
5-6,images/5-6.jpg,5,6,,Common,True,True,,733.554,0.9882,4566,733.592,1968.114,1930,2005,696,771,733.5,bright,True,,1976.7933,2009.2972,1993.0453
5-6-C1,images/5-6-C1.jpg,5,6,C1,Special,False,True,,718.083,0.4478,2117,722.781,1963.532,1923,1999,675,763,719.0,dark,True,,1976.5863,2009.3453,1992.9658
5-6-P2,images/5-6-P2.jpg,5,6,P2,Special,True,True,,724.125,0.8783,5499,727.594,1967.519,1924,2011,689,779,734.0,bright,True,,1976.6914,2009.2931,1992.9923
5-6-P3,images/5-6-P3.jpg,5,6,P3,Special,False,True,,728.639,0.8287,18869,721.433,1966.055,1881,2031,614,815,714.5,bright,True,,1976.7623,2009.0523,1992.9073
5-60,images/5-60.jpg,5,60,,Uncommon,True,True,,733.515,0.9974,5354,733.5,1968.191,1928,2008,695,772,733.5,bright,True,,1976.8133,2009.2648,1993.0391
5-61,images/5-61.jpg,5,61,,Rare,True,True,,733.654,0.9917,4231,733.74,1979.797,1928,2007,686,782,734.0,bright,True,,1976.7863,2009.306,1993.0461
5-62,images/5-62.jpg,5,62,,Common,True,True,,733.565,0.9884,4567,733.603,1968.033,1930,2005,696,771,733.5,bright,True,,1976.8267,2009.3507,1993.0887
5-63,images/5-63.jpg,5,63,,Uncommon,True,True,,733.531,0.9974,5356,733.511,1968.215,1928,2008,695,772,733.5,bright,True,,1976.8284,2009.2531,1993.0408
5-64,images/5-64.jpg,5,64,,Common,True,True,,733.565,0.9886,4568,733.606,1967.992,1930,2005,696,771,733.5,bright,True,,1976.9204,2009.1914,1993.0559
5-65,images/5-65.jpg,5,65,,Rare,True,True,,733.738,0.9901,4232,733.812,1979.808,1928,2007,686,782,734.0,bright,True,,1976.7358,2009.2628,1992.9993
5-66,images/5-66.jpg,5,66,,Uncommon,True,True,,733.515,0.9974,5354,733.5,1968.191,1928,2008,695,772,733.5,bright,True,,1976.8745,2009.2462,1993.0604
5-67,images/5-67.jpg,5,67,,Rare,True,True,,689.75,0.7225,573,690.098,1863.274,1856,1877,664,711,687.5,dark,False,text-too-thin,,,
5-68,images/5-68.jpg,5,68,,Uncommon,True,False,no-core-component,,,,,,,,,,,,False,text-too-thin,,,
5-69,images/5-69.jpg,5,69,,Rare,True,True,,733.654,0.9918,4243,733.741,1979.765,1928,2007,686,782,734.0,bright,True,,1976.8224,2009.2691,1993.0458
5-7,images/5-7.jpg,5,7,,Common,True,True,,733.554,0.9882,4566,733.592,1968.114,1930,2005,696,771,733.5,bright,True,,1976.6313,2009.2981,1992.9647
5-7-C1,images/5-7-C1.jpg,5,7,C1,Special,False,True,,733.917,0.6261,3207,730.565,1951.778,1913,2005,689,766,727.5,bright,False,text-too-thin,,,
5-7-P2,images/5-7-P2.jpg,5,7,P2,Special,False,True,,727.786,0.7614,17999,710.776,1983.473,1923,2031,587,828,707.5,bright,True,,1976.5972,2009.2539,1992.9255
5-70,images/5-70.jpg,5,70,,Uncommon,True,True,,733.531,0.9974,5356,733.511,1968.215,1928,2008,695,772,733.5,bright,True,,1976.6644,2009.2647,1992.9646
5-71,images/5-71.jpg,5,71,,Uncommon,True,True,,733.531,0.9974,5356,733.511,1968.215,1928,2008,695,772,733.5,bright,True,,1976.6373,2009.303,1992.9702
5-72,images/5-72.jpg,5,72,,Common,True,True,,733.554,0.9882,4566,733.592,1968.114,1930,2005,696,771,733.5,bright,True,,1976.6662,2009.3654,1993.0158
5-73,images/5-73.jpg,5,73,,Common,True,True,,733.565,0.9884,4567,733.603,1968.033,1930,2005,696,771,733.5,bright,True,,1976.6651,2009.2674,1992.9662
5-74,images/5-74.jpg,5,74,,Common,True,True,,733.565,0.9884,4567,733.603,1968.033,1930,2005,696,771,733.5,bright,True,,1976.7173,2009.221,1992.9691
5-75,images/5-75.jpg,5,75,,Common,True,True,,733.554,0.9882,4566,733.592,1968.114,1930,2005,696,771,733.5,bright,True,,1976.6179,2009.2559,1992.9369
5-76,images/5-76.jpg,5,76,,Common,True,True,,733.554,0.9882,4566,733.592,1968.114,1930,2005,696,771,733.5,bright,True,,1976.6584,2009.2986,1992.9785
5-77,images/5-77.jpg,5,77,,Common,True,True,,733.554,0.9882,4566,733.592,1968.114,1930,2005,696,771,733.5,bright,True,,1976.606,2009.2275,1992.9167
5-78,images/5-78.jpg,5,78,,Common,True,True,,733.554,0.9882,4566,733.592,1968.114,1930,2005,696,771,733.5,bright,True,,1976.6634,2009.2656,1992.9645
5-79,images/5-79.jpg,5,79,,Rare,True,True,,733.654,0.9917,4231,733.74,1979.797,1928,2007,686,782,734.0,bright,True,,1976.6767,2009.2631,1992.9699
5-8,images/5-8.jpg,5,8,,Common,True,True,,733.554,0.9882,4566,733.592,1968.114,1930,2005,696,771,733.5,bright,True,,1976.7276,2009.3184,1993.023
5-80,images/5-80.jpg,5,80,,Rare,True,True,,733.654,0.9918,4243,733.741,1979.765,1928,2007,686,782,734.0,bright,True,,1976.7572,2009.2932,1993.0252
5-81,images/5-81.jpg,5,81,,Uncommon,True,True,,733.509,0.9976,5355,733.513,1968.17,1928,2008,695,772,733.5,bright,True,,1976.7341,2009.3265,1993.0303
5-82,images/5-82.jpg,5,82,,Super Rare,True,True,,733.469,0.9935,3531,733.512,1967.013,1928,2007,693,774,733.5,bright,True,,1976.7732,2009.3662,1993.0697
5-83,images/5-83.jpg,5,83,,Super Rare,True,True,,733.479,0.9941,3531,733.517,1967.032,1928,2007,693,774,733.5,bright,True,,1976.7796,2009.2729,1993.0262
5-84,images/5-84.jpg,5,84,,Legendary,True,True,,733.625,0.9935,5661,733.716,1969.376,1922,2008,688,779,733.5,bright,True,,1976.8513,2009.2118,1993.0316
5-85,images/5-85.jpg,5,85,,Legendary,True,True,,733.638,0.9931,5655,733.733,1969.357,1922,2008,688,779,733.5,bright,True,,1976.6972,2009.2792,1992.9882
5-86,images/5-86.jpg,5,86,,Common,True,True,,733.554,0.9882,4566,733.592,1968.114,1930,2005,696,771,733.5,bright,True,,1976.8049,2009.2747,1993.0398
5-87,images/5-87.jpg,5,87,,Common,True,True,,733.554,0.9882,4566,733.592,1968.114,1930,2005,696,771,733.5,bright,True,,1976.6641,2009.2726,1992.9683
5-88,images/5-88.jpg,5,88,,Uncommon,True,True,,733.531,0.9974,5356,733.511,1968.215,1928,2008,695,772,733.5,bright,True,,1976.7512,2009.2928,1993.022
5-89,images/5-89.jpg,5,89,,Uncommon,True,True,,733.531,0.9974,5356,733.511,1968.215,1928,2008,695,772,733.5,bright,True,,1976.7835,2009.2771,1993.0303
5-9,images/5-9.jpg,5,9,,Common,True,True,,733.554,0.9882,4566,733.592,1968.114,1930,2005,696,771,733.5,bright,True,,1976.7779,2009.2885,1993.0332
5-90,images/5-90.jpg,5,90,,Uncommon,True,True,,733.531,0.9974,5356,733.511,1968.215,1928,2008,695,772,733.5,bright,True,,1976.7788,2009.2774,1993.0281
5-91,images/5-91.jpg,5,91,,Rare,True,True,,733.654,0.9917,4231,733.74,1979.797,1928,2007,686,782,734.0,bright,True,,1976.7759,2009.3002,1993.038
5-92,images/5-92.jpg,5,92,,Super Rare,True,True,,733.479,0.9941,3531,733.517,1967.032,1928,2007,693,774,733.5,bright,True,,1976.7848,2009.3716,1993.0782
5-93,images/5-93.jpg,5,93,,Rare,True,True,,733.654,0.9917,4231,733.74,1979.797,1928,2007,686,782,734.0,bright,True,,1976.7768,2009.2806,1993.0287
5-94,images/5-94.jpg,5,94,,Common,True,True,,733.554,0.9882,4566,733.592,1968.114,1930,2005,696,771,733.5,bright,True,,1976.8515,2009.2281,1993.0398
5-95,images/5-95.jpg,5,95,,Common,True,True,,733.565,0.9884,4567,733.603,1968.033,1930,2005,696,771,733.5,bright,True,,1976.7004,2009.2813,1992.9909
5-96,images/5-96.jpg,5,96,,Uncommon,True,True,,733.531,0.9974,5356,733.511,1968.215,1928,2008,695,772,733.5,bright,True,,1976.8271,2009.2642,1993.0456
5-97,images/5-97.jpg,5,97,,Rare,True,True,,733.654,0.9918,4243,733.741,1979.765,1928,2007,686,782,734.0,bright,True,,1976.6741,2009.2664,1992.9702
5-98,images/5-98.jpg,5,98,,Rare,True,True,,733.656,0.992,4242,733.736,1979.76,1928,2007,686,782,734.0,bright,True,,1976.7834,2009.2797,1993.0316
5-99,images/5-99.jpg,5,99,,Common,True,True,,733.565,0.9884,4567,733.603,1968.033,1930,2005,696,771,733.5,bright,True,,1976.8327,2009.2401,1993.0364
6-1,images/6-1.jpg,6,1,,Uncommon,True,True,,733.508,0.9989,5280,733.475,1968.185,1928,2008,695,772,733.5,bright,True,,1977.0938,2009.2685,1993.1812
6-10,images/6-10.jpg,6,10,,Common,True,True,,733.574,0.9851,4493,733.637,1968.051,1930,2005,696,771,733.5,bright,True,,1977.092,2009.2547,1993.1734
6-10-P2,images/6-10-P2.jpg,6,10,P2,Special,True,True,,724.125,0.8787,5499,727.593,1967.528,1924,2011,689,779,734.0,bright,True,,1976.8237,2009.2635,1993.0436
6-100,images/6-100.jpg,6,100,,Uncommon,True,True,,733.508,0.9989,5280,733.475,1968.185,1928,2008,695,772,733.5,bright,True,,1977.0628,2009.2448,1993.1538
6-101,images/6-101.jpg,6,101,,Common,True,False,no-component,,,,,,,,,,,,False,text-clipped,,,
6-102,images/6-102.jpg,6,102,,Rare,True,False,no-core-component,,,,,,,,,,,,False,text-clipped,,,
6-103,images/6-103.jpg,6,103,,Super Rare,True,True,,733.635,0.991,3453,733.736,1966.88,1929,2007,694,774,734.0,bright,True,,1977.0785,2009.2338,1993.1561
6-104,images/6-104.jpg,6,104,,Uncommon,True,True,,733.508,0.9989,5280,733.475,1968.185,1928,2008,695,772,733.5,bright,True,,1977.3806,2009.1384,1993.2595
6-105,images/6-105.jpg,6,105,,Common,True,True,,733.574,0.9851,4493,733.637,1968.051,1930,2005,696,771,733.5,bright,True,,1976.8839,2009.2324,1993.0582
6-106,images/6-106.jpg,6,106,,Uncommon,True,True,,733.508,0.9989,5280,733.475,1968.185,1928,2008,695,772,733.5,bright,True,,1977.1934,2009.2506,1993.222
6-107,images/6-107.jpg,6,107,,Rare,True,True,,733.623,0.9915,4137,733.751,1980.165,1929,2007,686,782,734.0,bright,True,,1976.7926,2009.2628,1993.0277
6-108,images/6-108.jpg,6,108,,Rare,True,True,,733.623,0.9915,4137,733.751,1980.165,1929,2007,686,782,734.0,bright,True,,1977.0715,2009.238,1993.1548
6-109,images/6-109.jpg,6,109,,Uncommon,True,True,,733.508,0.9989,5280,733.475,1968.185,1928,2008,695,772,733.5,bright,True,,1976.9877,2009.2585,1993.1231
6-11,images/6-11.jpg,6,11,,Common,True,True,,733.574,0.9851,4493,733.637,1968.051,1930,2005,696,771,733.5,bright,True,,1977.0608,2009.2844,1993.1726
6-11-P2,images/6-11-P2.jpg,6,11,P2,Special,True,True,,724.125,0.8787,5499,727.593,1967.528,1924,2011,689,779,734.0,bright,True,,1976.8149,2009.2882,1993.0515
6-110,images/6-110.jpg,6,110,,Uncommon,True,True,,733.508,0.9989,5280,733.475,1968.185,1928,2008,695,772,733.5,bright,True,,1977.0188,2009.2729,1993.1459
6-111,images/6-111.jpg,6,111,,Common,True,True,,733.574,0.9851,4493,733.637,1968.051,1930,2005,696,771,733.5,bright,True,,1976.9935,2009.2866,1993.14
6-112,images/6-112.jpg,6,112,,Common,True,True,,733.574,0.9851,4493,733.637,1968.051,1930,2005,696,771,733.5,bright,True,,1977.0455,2009.3839,1993.2147
6-113,images/6-113.jpg,6,113,,Common,True,True,,733.574,0.9851,4493,733.637,1968.051,1930,2005,696,771,733.5,bright,True,,1976.9972,2009.2935,1993.1453
6-114,images/6-114.jpg,6,114,,Common,True,True,,733.574,0.9851,4493,733.637,1968.051,1930,2005,696,771,733.5,bright,True,,1977.4107,2009.1666,1993.2886
6-115,images/6-115.jpg,6,115,,Common,True,True,,733.574,0.9851,4493,733.637,1968.051,1930,2005,696,771,733.5,bright,True,,1976.8341,2009.2923,1993.0632
6-116,images/6-116.jpg,6,116,,Common,True,True,,733.574,0.9851,4493,733.637,1968.051,1930,2005,696,771,733.5,bright,True,,1977.2099,2009.2661,1993.238
6-117,images/6-117.jpg,6,117,,Common,True,True,,733.574,0.9851,4493,733.637,1968.051,1930,2005,696,771,733.5,bright,True,,1976.7848,2009.2854,1993.0351
6-118,images/6-118.jpg,6,118,,Uncommon,True,True,,733.508,0.9989,5280,733.475,1968.185,1928,2008,695,772,733.5,bright,True,,1977.0422,2009.269,1993.1556
6-119,images/6-119.jpg,6,119,,Uncommon,True,True,,733.508,0.9989,5280,733.475,1968.185,1928,2008,695,772,733.5,bright,True,,1976.9781,2009.2828,1993.1305
6-12,images/6-12.jpg,6,12,,Uncommon,True,True,,733.508,0.9989,5280,733.475,1968.185,1928,2008,695,772,733.5,bright,True,,1977.0651,2009.3787,1993.2219
6-12-P2,images/6-12-P2.jpg,6,12,P2,Special,True,True,,724.125,0.8787,5499,727.593,1967.528,1924,2011,689,779,734.0,bright,True,,1976.7813,2009.4055,1993.0934
6-120,images/6-120.jpg,6,120,,Super Rare,True,True,,733.635,0.991,3453,733.736,1966.88,1929,2007,694,774,734.0,bright,True,,1977.1357,2009.3351,1993.2354
6-121,images/6-121.jpg,6,121,,Rare,True,True,,733.623,0.9915,4137,733.751,1980.165,1929,2007,686,782,734.0,bright,True,,1977.0379,2009.3808,1993.2093
6-122,images/6-122.jpg,6,122,,Rare,True,True,,733.623,0.9915,4137,733.751,1980.165,1929,2007,686,782,734.0,bright,True,,1977.178,2009.405,1993.2915
6-123,images/6-123.jpg,6,123,,Rare,True,True,,733.623,0.9915,4137,733.751,1980.165,1929,2007,686,782,734.0,bright,True,,1977.1306,2009.3346,1993.2326
6-124,images/6-124.jpg,6,124,,Legendary,True,True,,733.553,0.9924,5524,733.508,1969.574,1924,2008,689,779,734.0,bright,True,,1977.2965,2009.2971,1993.2968
6-125,images/6-125.jpg,6,125,,Legendary,True,True,,733.553,0.9924,5524,733.508,1969.574,1924,2008,689,779,734.0,bright,True,,1976.9006,2009.3348,1993.1177
6-126,images/6-126.jpg,6,126,,Rare,True,True,,733.623,0.9915,4137,733.751,1980.165,1929,2007,686,782,734.0,bright,True,,1977.2776,2009.342,1993.3098
6-127,images/6-127.jpg,6,127,,Super Rare,True,True,,733.635,0.991,3453,733.736,1966.88,1929,2007,694,774,734.0,bright,True,,1976.8011,2009.3736,1993.0874
6-128,images/6-128.jpg,6,128,,Common,True,True,,733.574,0.9851,4493,733.637,1968.051,1930,2005,696,771,733.5,bright,True,,1977.1523,2009.3329,1993.2426
6-129,images/6-129.jpg,6,129,,Common,True,True,,733.574,0.9851,4493,733.637,1968.051,1930,2005,696,771,733.5,bright,True,,1977.0088,2009.3688,1993.1888
6-13,images/6-13.jpg,6,13,,Rare,True,True,,733.623,0.9915,4137,733.751,1980.165,1929,2007,686,782,734.0,bright,True,,1977.0157,2009.2867,1993.1512
6-13-P2,images/6-13-P2.jpg,6,13,P2,Special,True,True,,724.125,0.8787,5499,727.593,1967.528,1924,2011,689,779,734.0,bright,True,,1976.7901,2009.2962,1993.0431
6-13-P3,images/6-13-P3.jpg,6,13,P3,Special,False,False,no-symmetry-peak,,0.715,25402,722.372,1963.155,1886,2031,594,895,744.5,dark,True,,1976.9101,2009.062,1992.986
6-130,images/6-130.jpg,6,130,,Uncommon,True,True,,733.508,0.9989,5280,733.475,1968.185,1928,2008,695,772,733.5,bright,True,,1977.0819,2009.2321,1993.157
6-131,images/6-131.jpg,6,131,,Rare,True,True,,733.623,0.9915,4137,733.751,1980.165,1929,2007,686,782,734.0,bright,True,,1976.9922,2009.2928,1993.1425
6-132,images/6-132.jpg,6,132,,Uncommon,True,True,,733.508,0.9989,5280,733.475,1968.185,1928,2008,695,772,733.5,bright,True,,1977.1184,2009.3345,1993.2265
6-133,images/6-133.jpg,6,133,,Common,True,True,,733.574,0.9851,4493,733.637,1968.051,1930,2005,696,771,733.5,bright,True,,1977.0839,2009.2456,1993.1647
6-134,images/6-134.jpg,6,134,,Uncommon,True,True,,733.508,0.9989,5280,733.475,1968.185,1928,2008,695,772,733.5,bright,True,,1977.3024,2009.1796,1993.241
6-135,images/6-135.jpg,6,135,,Rare,True,False,no-component,,,,,,,,,,,,False,text-height-12.4,,,
6-136,images/6-136.jpg,6,136,,Common,True,False,no-core-component,,,,,,,,,,,,False,text-clipped,,,
6-137,images/6-137.jpg,6,137,,Common,True,True,,733.574,0.9851,4493,733.637,1968.051,1930,2005,696,771,733.5,bright,True,,1976.7953,2009.2715,1993.0334
6-138,images/6-138.jpg,6,138,,Common,True,True,,733.574,0.9851,4493,733.637,1968.051,1930,2005,696,771,733.5,bright,True,,1977.1106,2009.2354,1993.173
6-139,images/6-139.jpg,6,139,,Common,True,True,,733.574,0.9851,4493,733.637,1968.051,1930,2005,696,771,733.5,bright,True,,1976.9804,2009.2769,1993.1286
6-14,images/6-14.jpg,6,14,,Rare,True,True,,733.623,0.9915,4137,733.751,1980.165,1929,2007,686,782,734.0,bright,True,,1977.5298,2009.1368,1993.3333
6-14-P2,images/6-14-P2.jpg,6,14,P2,Special,False,True,,733.471,0.9989,3720,733.444,1880.303,1871,1891,635,832,733.5,bright,True,,1976.9813,2009.255,1993.1182
6-14-P3,images/6-14-P3.jpg,6,14,P3,Special,False,False,no-symmetry-peak,,0.7337,26084,721.802,1962.676,1883,2031,594,895,744.5,dark,True,,1976.9139,2009.0542,1992.984
6-140,images/6-140.jpg,6,140,,Super Rare,True,True,,733.635,0.991,3453,733.736,1966.88,1929,2007,694,774,734.0,bright,True,,1977.3645,2009.1434,1993.2539
6-141,images/6-141.jpg,6,141,,Rare,True,True,,733.623,0.9915,4137,733.751,1980.165,1929,2007,686,782,734.0,bright,True,,1977.4017,2009.1683,1993.285
6-142,images/6-142.jpg,6,142,,Legendary,True,True,,733.502,0.994,53333,734.359,1957.414,1877,2031,554,913,733.5,bright,True,,1977.2933,2009.3028,1993.2981
6-143,images/6-143.jpg,6,143,,Uncommon,True,True,,733.508,0.9989,5280,733.475,1968.185,1928,2008,695,772,733.5,bright,True,,1977.31,2009.1822,1993.2461
6-144,images/6-144.jpg,6,144,,Uncommon,True,True,,733.508,0.9989,5280,733.475,1968.185,1928,2008,695,772,733.5,bright,True,,1977.8045,2009.0538,1993.4292
6-145,images/6-145.jpg,6,145,,Uncommon,True,True,,733.508,0.9989,5280,733.475,1968.185,1928,2008,695,772,733.5,bright,True,,1976.974,2009.177,1993.0755
6-146,images/6-146.jpg,6,146,,Uncommon,True,True,,733.508,0.9989,5280,733.475,1968.185,1928,2008,695,772,733.5,bright,True,,1977.6265,2009.1444,1993.3854
6-147,images/6-147.jpg,6,147,,Common,True,True,,733.574,0.9851,4493,733.637,1968.051,1930,2005,696,771,733.5,bright,True,,1976.9293,2009.1642,1993.0467
6-148,images/6-148.jpg,6,148,,Common,True,True,,733.574,0.9851,4493,733.637,1968.051,1930,2005,696,771,733.5,bright,True,,1977.3613,2009.1526,1993.257
6-149,images/6-149.jpg,6,149,,Uncommon,True,True,,733.508,0.9989,5280,733.475,1968.185,1928,2008,695,772,733.5,bright,True,,1977.3198,2009.1573,1993.2386
6-15,images/6-15.jpg,6,15,,Rare,True,True,,733.623,0.9915,4137,733.751,1980.165,1929,2007,686,782,734.0,bright,True,,1976.8428,2009.2802,1993.0615
6-150,images/6-150.jpg,6,150,,Uncommon,True,True,,733.508,0.9989,5280,733.475,1968.185,1928,2008,695,772,733.5,bright,True,,1976.8877,2009.2295,1993.0586
6-151,images/6-151.jpg,6,151,,Common,True,True,,733.574,0.9851,4493,733.637,1968.051,1930,2005,696,771,733.5,bright,True,,1976.8352,2009.2927,1993.064
6-152,images/6-152.jpg,6,152,,Uncommon,True,True,,733.508,0.9989,5280,733.475,1968.185,1928,2008,695,772,733.5,bright,True,,1976.9067,2009.3319,1993.1193
6-153,images/6-153.jpg,6,153,,Super Rare,True,True,,733.635,0.991,3453,733.736,1966.88,1929,2007,694,774,734.0,bright,True,,1976.8882,2009.2424,1993.0653
6-154,images/6-154.jpg,6,154,,Rare,True,True,,733.623,0.9915,4137,733.751,1980.165,1929,2007,686,782,734.0,bright,True,,1976.9701,2009.1759,1993.073
6-155,images/6-155.jpg,6,155,,Rare,True,True,,733.654,0.9918,4243,733.741,1979.765,1928,2007,686,782,734.0,bright,True,,1976.7358,2009.2751,1993.0055
6-156,images/6-156.jpg,6,156,,Rare,True,True,,733.623,0.9915,4137,733.751,1980.165,1929,2007,686,782,734.0,bright,True,,1976.9565,2009.2305,1993.0935
6-157,images/6-157.jpg,6,157,,Legendary,True,True,,733.553,0.9924,5524,733.508,1969.574,1924,2008,689,779,734.0,bright,True,,1976.7049,2009.2603,1992.9826
6-158,images/6-158.jpg,6,158,,Common,True,True,,733.574,0.9851,4493,733.637,1968.051,1930,2005,696,771,733.5,bright,True,,1976.9089,2009.2261,1993.0675
6-159,images/6-159.jpg,6,159,,Rare,True,True,,733.623,0.9915,4137,733.751,1980.165,1929,2007,686,782,734.0,bright,True,,1976.8296,2009.2743,1993.0519
6-16,images/6-16.jpg,6,16,,Legendary,True,True,,733.553,0.9924,5524,733.508,1969.574,1924,2008,689,779,734.0,bright,True,,1977.3173,2009.2522,1993.2848
6-16-P3,images/6-16-P3.jpg,6,16,P3,Special,False,False,no-symmetry-peak,,0.7337,26084,721.802,1962.676,1883,2031,594,895,744.5,dark,True,,1977.0674,2009.034,1993.0507
6-160,images/6-160.jpg,6,160,,Rare,True,True,,733.623,0.9915,4137,733.751,1980.165,1929,2007,686,782,734.0,bright,True,,1977.2043,2009.2536,1993.2289
6-161,images/6-161.jpg,6,161,,Super Rare,True,True,,733.635,0.991,3453,733.736,1966.88,1929,2007,694,774,734.0,bright,True,,1977.2417,2009.2669,1993.2543
6-162,images/6-162.jpg,6,162,,Rare,True,True,,733.623,0.9915,4137,733.751,1980.165,1929,2007,686,782,734.0,bright,True,,1977.2814,2009.3441,1993.3127
6-163,images/6-163.jpg,6,163,,Common,True,True,,733.574,0.9851,4493,733.637,1968.051,1930,2005,696,771,733.5,bright,True,,1977.2219,2009.2519,1993.2369
6-164,images/6-164.jpg,6,164,,Common,True,True,,733.574,0.9851,4493,733.637,1968.051,1930,2005,696,771,733.5,bright,True,,1977.6199,2009.1493,1993.3846
6-165,images/6-165.jpg,6,165,,Uncommon,True,True,,733.508,0.9989,5280,733.475,1968.185,1928,2008,695,772,733.5,bright,True,,1976.9608,2009.235,1993.0979
6-166,images/6-166.jpg,6,166,,Common,True,True,,733.574,0.9851,4493,733.637,1968.051,1930,2005,696,771,733.5,bright,True,,1977.4869,2009.2261,1993.3565
6-167,images/6-167.jpg,6,167,,Uncommon,True,True,,733.508,0.9989,5280,733.475,1968.185,1928,2008,695,772,733.5,bright,True,,1976.8638,2009.2649,1993.0644
6-168,images/6-168.jpg,6,168,,Common,True,True,,733.574,0.9851,4493,733.637,1968.051,1930,2005,696,771,733.5,bright,True,,1977.2611,2009.2338,1993.2475
6-169,images/6-169.jpg,6,169,,Rare,True,False,no-core-component,,,,,,,,,,,,False,text-height-12.7,,,
6-17,images/6-17.jpg,6,17,,Uncommon,True,True,,733.508,0.9989,5280,733.475,1968.185,1928,2008,695,772,733.5,bright,True,,1976.7906,2009.281,1993.0358
6-17-P3,images/6-17-P3.jpg,6,17,P3,Special,False,False,no-symmetry-peak,,0.7337,26084,721.802,1962.676,1883,2031,594,895,744.5,dark,True,,1976.6313,2009.142,1992.8867
6-170,images/6-170.jpg,6,170,,Common,True,False,no-symmetry-peak,,0.6907,18505,778.213,1902.574,1856,1990,659,913,786.0,bright,False,text-clipped,,,
6-171,images/6-171.jpg,6,171,,Common,True,True,,733.574,0.9851,4493,733.637,1968.051,1930,2005,696,771,733.5,bright,True,,1976.7845,2009.2951,1993.0398
6-172,images/6-172.jpg,6,172,,Rare,True,True,,733.623,0.9915,4137,733.751,1980.165,1929,2007,686,782,734.0,bright,True,,1976.7987,2009.3799,1993.0893
6-173,images/6-173.jpg,6,173,,Common,True,True,,733.574,0.9851,4493,733.637,1968.051,1930,2005,696,771,733.5,bright,True,,1976.7979,2009.275,1993.0365
6-174,images/6-174.jpg,6,174,,Rare,True,True,,733.623,0.9915,4137,733.751,1980.165,1929,2007,686,782,734.0,bright,True,,1976.9283,2009.1642,1993.0462
6-175,images/6-175.jpg,6,175,,Uncommon,True,True,,733.508,0.9989,5280,733.475,1968.185,1928,2008,695,772,733.5,bright,True,,1976.7053,2009.2632,1992.9842
6-176,images/6-176.jpg,6,176,,Super Rare,True,True,,733.635,0.991,3453,733.736,1966.88,1929,2007,694,774,734.0,bright,True,,1976.8605,2009.2633,1993.0619
6-177,images/6-177.jpg,6,177,,Common,True,True,,733.574,0.9851,4493,733.637,1968.051,1930,2005,696,771,733.5,bright,True,,1976.6921,2009.2398,1992.9659
6-178,images/6-178.jpg,6,178,,Common,True,True,,733.574,0.9851,4493,733.637,1968.051,1930,2005,696,771,733.5,bright,True,,1976.8051,2009.2665,1993.0358
6-179,images/6-179.jpg,6,179,,Common,True,True,,733.574,0.9851,4493,733.637,1968.051,1930,2005,696,771,733.5,bright,True,,1976.79,2009.2698,1993.0299
6-18,images/6-18.jpg,6,18,,Uncommon,True,True,,733.508,0.9989,5280,733.475,1968.185,1928,2008,695,772,733.5,bright,True,,1977.1062,2009.2535,1993.1798
6-18-P2,images/6-18-P2.jpg,6,18,P2,Special,False,True,,725.75,0.8875,6968,727.395,1966.637,1909,2016,683,783,733.0,bright,True,,1976.8634,2009.277,1993.0702
6-180,images/6-180.jpg,6,180,,Common,True,True,,733.574,0.9851,4493,733.637,1968.051,1930,2005,696,771,733.5,bright,True,,1977.0747,2009.2405,1993.1576
6-181,images/6-181.jpg,6,181,,Common,True,True,,733.574,0.9851,4493,733.637,1968.051,1930,2005,696,771,733.5,bright,True,,1977.0301,2009.2687,1993.1494
6-182,images/6-182.jpg,6,182,,Common,True,True,,733.574,0.9851,4493,733.637,1968.051,1930,2005,696,771,733.5,bright,True,,1977.1448,2009.3375,1993.2411
6-183,images/6-183.jpg,6,183,,Uncommon,True,True,,733.508,0.9989,5280,733.475,1968.185,1928,2008,695,772,733.5,bright,True,,1977.1095,2009.2389,1993.1742
6-184,images/6-184.jpg,6,184,,Uncommon,True,True,,733.508,0.9989,5280,733.475,1968.185,1928,2008,695,772,733.5,bright,True,,1977.3716,2009.1493,1993.2604
6-185,images/6-185.jpg,6,185,,Uncommon,True,True,,733.508,0.9989,5280,733.475,1968.185,1928,2008,695,772,733.5,bright,True,,1976.8987,2009.236,1993.0674
6-186,images/6-186.jpg,6,186,,Uncommon,True,True,,733.508,0.9989,5280,733.475,1968.185,1928,2008,695,772,733.5,bright,True,,1977.2464,2009.2337,1993.24
6-187,images/6-187.jpg,6,187,,Uncommon,True,True,,733.508,0.9989,5280,733.475,1968.185,1928,2008,695,772,733.5,bright,True,,1976.8137,2009.2648,1993.0392
6-188,images/6-188.jpg,6,188,,Rare,True,True,,733.623,0.9915,4137,733.751,1980.165,1929,2007,686,782,734.0,bright,True,,1977.0986,2009.2365,1993.1675
6-189,images/6-189.jpg,6,189,,Rare,True,True,,733.623,0.9915,4137,733.751,1980.165,1929,2007,686,782,734.0,bright,True,,1977.0387,2009.25,1993.1443
6-19,images/6-19.jpg,6,19,,Rare,True,True,,733.623,0.9915,4137,733.751,1980.165,1929,2007,686,782,734.0,bright,True,,1977.0111,2009.2733,1993.1422
6-190,images/6-190.jpg,6,190,,Legendary,True,True,,733.553,0.9924,5524,733.508,1969.574,1924,2008,689,779,734.0,bright,True,,1976.9953,2009.2499,1993.1226
6-191,images/6-191.jpg,6,191,,Rare,True,True,,733.623,0.9915,4137,733.751,1980.165,1929,2007,686,782,734.0,bright,True,,1976.9761,2009.2806,1993.1283
6-192,images/6-192.jpg,6,192,,Super Rare,True,True,,733.635,0.991,3453,733.736,1966.88,1929,2007,694,774,734.0,bright,True,,1976.9892,2009.3709,1993.1801
6-193,images/6-193.jpg,6,193,,Super Rare,True,True,,733.635,0.991,3453,733.736,1966.88,1929,2007,694,774,734.0,bright,True,,1976.9716,2009.2826,1993.1271
6-194,images/6-194.jpg,6,194,,Legendary,True,True,,733.553,0.9924,5524,733.508,1969.574,1924,2008,689,779,734.0,bright,True,,1977.3043,2009.1579,1993.2311
6-195,images/6-195.jpg,6,195,,Uncommon,True,True,,733.508,0.9989,5280,733.475,1968.185,1928,2008,695,772,733.5,bright,True,,1976.8348,2009.2716,1993.0532
6-196,images/6-196.jpg,6,196,,Common,True,True,,733.574,0.9851,4493,733.637,1968.051,1930,2005,696,771,733.5,bright,True,,1977.1478,2009.2521,1993.1999
6-197,images/6-197.jpg,6,197,,Common,True,True,,733.574,0.9851,4493,733.637,1968.051,1930,2005,696,771,733.5,bright,True,,1976.7867,2009.257,1993.0218
6-198,images/6-198.jpg,6,198,,Rare,True,True,,733.623,0.9915,4137,733.751,1980.165,1929,2007,686,782,734.0,bright,True,,1977.0256,2009.2531,1993.1394
6-199,images/6-199.jpg,6,199,,Uncommon,True,True,,733.508,0.9989,5280,733.475,1968.185,1928,2008,695,772,733.5,bright,True,,1977.1017,2009.1971,1993.1494
6-2,images/6-2.jpg,6,2,,Super Rare,True,True,,733.635,0.991,3453,733.736,1966.88,1929,2007,694,774,734.0,bright,True,,1977.1322,2009.3769,1993.2546
6-20,images/6-20.jpg,6,20,,Legendary,True,True,,733.553,0.9924,5524,733.508,1969.574,1924,2008,689,779,734.0,bright,True,,1977.1671,2009.3288,1993.2479
6-200,images/6-200.jpg,6,200,,Rare,True,True,,733.623,0.9915,4137,733.751,1980.165,1929,2007,686,782,734.0,bright,True,,1977.1946,2009.2876,1993.2411
6-201,images/6-201.jpg,6,201,,Uncommon,True,True,,733.508,0.9989,5280,733.475,1968.185,1928,2008,695,772,733.5,bright,True,,1977.1411,2009.3353,1993.2382
6-202,images/6-202.jpg,6,202,,Common,True,True,,733.574,0.9851,4493,733.637,1968.051,1930,2005,696,771,733.5,bright,True,,1977.2337,2009.3658,1993.2997
6-203,images/6-203.jpg,6,203,,Rare,True,False,no-symmetry-peak,,0.92,13863,807.701,1890.646,1856,1938,662,913,787.5,bright,False,text-clipped,,,
6-204,images/6-204.jpg,6,204,,Common,True,True,,765.717,0.622,22677,752.872,1906.923,1856,1990,573,913,743.0,bright,False,text-height-25.1,,,
6-205,images/6-205.jpg,6,205,,Enchanted,False,True,,725.094,0.7327,17963,724.663,1941.382,1871,2021,606,867,736.5,dark,True,,1977.0198,2009.2471,1993.1335
6-206,images/6-206.jpg,6,206,,Enchanted,False,True,,733.815,0.8305,8972,726.571,1977.221,1917,2031,614,795,704.5,dark,True,,1977.4597,2009.2451,1993.3524
6-207,images/6-207.jpg,6,207,,Enchanted,False,True,,690.25,0.6109,861,687.232,1971.302,1952,2001,664,709,686.5,dark,False,text-too-thin,,,
6-208,images/6-208.jpg,6,208,,Enchanted,False,True,,733.994,0.9112,9801,735.265,1979.792,1917,2031,637,820,728.5,dark,True,,1977.1881,2009.2434,1993.2157
6-209,images/6-209.jpg,6,209,,Enchanted,False,True,,733.694,0.9908,7596,733.695,1968.859,1916,2021,687,780,733.5,dark,False,text-height-29.2,,,
6-21,images/6-21.jpg,6,21,,Rare,True,True,,733.623,0.9915,4137,733.751,1980.165,1929,2007,686,782,734.0,bright,True,,1977.0709,2009.3793,1993.2251
6-210,images/6-210.jpg,6,210,,Enchanted,False,True,,733.718,0.9122,58246,745.827,1948.68,1856,2031,554,913,733.5,bright,True,,1977.1161,2009.3277,1993.2219
6-211,images/6-211.jpg,6,211,,Enchanted,False,True,,733.49,0.9955,7375,733.504,1968.83,1917,2021,687,780,733.5,dark,True,,1977.244,2009.3728,1993.3084
6-212,images/6-212.jpg,6,212,,Enchanted,False,True,,733.56,0.9945,7692,733.593,1968.847,1916,2021,687,781,734.0,dark,True,,1977.1404,2009.4042,1993.2723
6-213,images/6-213.jpg,6,213,,Enchanted,False,True,,733.478,0.9954,7641,733.441,1968.742,1916,2021,687,780,733.5,dark,True,,1977.1904,2009.3358,1993.2631
6-214,images/6-214.jpg,6,214,,Enchanted,False,True,,798.472,0.6524,26635,783.905,1919.225,1856,2021,634,913,773.5,bright,True,,1977.6432,2009.2553,1993.4493
6-215,images/6-215.jpg,6,215,,Enchanted,False,True,,733.5,0.838,14916,737.3,1929.855,1856,2021,635,874,754.5,dark,True,,1976.9965,2009.3137,1993.1551
6-216,images/6-216.jpg,6,216,,Enchanted,False,True,,733.762,0.9141,13814,736.229,1933.582,1856,2021,635,832,733.5,bright,True,,1977.4306,2009.323,1993.3768
6-217,images/6-217.jpg,6,217,,Enchanted,False,True,,733.611,0.9855,7746,733.994,1969.18,1916,2021,687,788,737.5,dark,True,,1976.8331,2009.3791,1993.1061
6-218,images/6-218.jpg,6,218,,Enchanted,False,False,no-symmetry-peak,,0.7251,19885,708.413,1932.458,1861,2021,554,832,693.0,dark,True,,1977.2788,2009.308,1993.2934
6-219,images/6-219.jpg,6,219,,Enchanted,False,True,,746.188,0.9111,39062,746.207,1974.179,1891,2031,554,913,733.5,dark,True,,1977.0955,2009.3529,1993.2242
6-22,images/6-22.jpg,6,22,,Common,True,True,,733.574,0.9851,4493,733.637,1968.051,1930,2005,696,771,733.5,bright,True,,1977.239,2009.4014,1993.3202
6-220,images/6-220.jpg,6,220,,Enchanted,False,True,,733.609,0.9919,7676,733.696,1968.679,1915,2021,687,780,733.5,dark,True,,1977.3166,2009.3284,1993.3225
6-221,images/6-221.jpg,6,221,,Enchanted,False,True,,733.397,0.8907,15334,727.237,1931.758,1870,2020,633,831,732.0,bright,True,,1977.2368,2009.4236,1993.3302
6-222,images/6-222.jpg,6,222,,Enchanted,False,False,no-core-component,,,,,,,,,,,,True,,1976.0072,2007.1619,1991.5846
6-23,images/6-23.jpg,6,23,,Common,True,True,,733.574,0.9851,4493,733.637,1968.051,1930,2005,696,771,733.5,bright,True,,1977.1945,2009.3218,1993.2582
6-24,images/6-24.jpg,6,24,,Common,True,True,,733.574,0.9851,4493,733.637,1968.051,1930,2005,696,771,733.5,bright,True,,1977.364,2009.2874,1993.3257
6-25,images/6-25.jpg,6,25,,Super Rare,True,True,,733.635,0.991,3453,733.736,1966.88,1929,2007,694,774,734.0,bright,True,,1976.9338,2009.3212,1993.1275
6-25-P2,images/6-25-P2.jpg,6,25,P2,Special,False,True,,725.05,0.8845,6729,727.427,1966.832,1910,2016,685,783,734.0,dark,True,,1976.809,2009.328,1993.0685
6-26,images/6-26.jpg,6,26,,Common,True,True,,733.574,0.9851,4493,733.637,1968.051,1930,2005,696,771,733.5,bright,True,,1977.3266,2009.3291,1993.3278
6-27,images/6-27.jpg,6,27,,Common,True,True,,733.574,0.9851,4493,733.637,1968.051,1930,2005,696,771,733.5,bright,True,,1976.8026,2009.3741,1993.0883
6-28,images/6-28.jpg,6,28,,Common,True,True,,733.574,0.9851,4493,733.637,1968.051,1930,2005,696,771,733.5,bright,True,,1977.1813,2009.3241,1993.2527
6-29,images/6-29.jpg,6,29,,Uncommon,True,True,,733.508,0.9989,5280,733.475,1968.185,1928,2008,695,772,733.5,bright,True,,1977.0546,2009.3605,1993.2075
6-3,images/6-3.jpg,6,3,,Rare,True,True,,733.623,0.9915,4137,733.751,1980.165,1929,2007,686,782,734.0,bright,True,,1977.0741,2009.2706,1993.1723
6-30,images/6-30.jpg,6,30,,Rare,True,True,,733.623,0.9915,4137,733.751,1980.165,1929,2007,686,782,734.0,bright,True,,1977.1224,2009.229,1993.1757
6-31,images/6-31.jpg,6,31,,Common,True,True,,733.574,0.9851,4493,733.637,1968.051,1930,2005,696,771,733.5,bright,True,,1977.0273,2009.2886,1993.1579
6-32,images/6-32.jpg,6,32,,Rare,True,True,,733.623,0.9915,4137,733.751,1980.165,1929,2007,686,782,734.0,bright,True,,1977.1923,2009.3223,1993.2573
6-33,images/6-33.jpg,6,33,,Uncommon,True,True,,733.508,0.9989,5280,733.475,1968.185,1928,2008,695,772,733.5,bright,True,,1977.1245,2009.2302,1993.1774
6-34,images/6-34.jpg,6,34,,Common,True,False,no-component,,,,,,,,,,,,False,text-clipped,,,
6-35,images/6-35.jpg,6,35,,Super Rare,True,True,,685.042,0.9146,492,684.175,1981.346,1975,1986,661,709,685.0,dark,False,text-too-thin,,,
6-36,images/6-36.jpg,6,36,,Rare,True,True,,733.623,0.9915,4137,733.751,1980.165,1929,2007,686,782,734.0,bright,True,,1977.2732,2009.2278,1993.2505
6-37,images/6-37.jpg,6,37,,Rare,True,True,,733.623,0.9915,4137,733.751,1980.165,1929,2007,686,782,734.0,bright,True,,1976.7947,2009.2728,1993.0337
6-38,images/6-38.jpg,6,38,,Common,True,True,,733.574,0.9851,4493,733.637,1968.051,1930,2005,696,771,733.5,bright,True,,1977.1509,2009.2176,1993.1843
6-39,images/6-39.jpg,6,39,,Common,True,True,,733.574,0.9851,4493,733.637,1968.051,1930,2005,696,771,733.5,bright,True,,1977.0069,2009.2607,1993.1338
6-4,images/6-4.jpg,6,4,,Uncommon,True,True,,733.508,0.9989,5280,733.475,1968.185,1928,2008,695,772,733.5,bright,True,,1977.6279,2009.1165,1993.3722
6-4-C2,images/6-4-C2.jpg,6,4,C2,Special,False,True,,733.53,0.989,35346,733.9,1982.1,1917,2031,554,913,733.5,dark,True,,1977.028,2009.2694,1993.1487
6-40,images/6-40.jpg,6,40,,Common,True,True,,733.574,0.9851,4493,733.637,1968.051,1930,2005,696,771,733.5,bright,True,,1977.4331,2009.1349,1993.284
6-41,images/6-41.jpg,6,41,,Common,True,True,,733.574,0.9851,4493,733.637,1968.051,1930,2005,696,771,733.5,bright,True,,1977.5224,2009.1368,1993.3296
6-42,images/6-42.jpg,6,42,,Common,True,True,,733.574,0.9851,4493,733.637,1968.051,1930,2005,696,771,733.5,bright,True,,1977.3683,2009.2851,1993.3267
6-43,images/6-43.jpg,6,43,,Common,True,True,,733.574,0.9851,4493,733.637,1968.051,1930,2005,696,771,733.5,bright,True,,1977.3742,2009.1563,1993.2652
6-44,images/6-44.jpg,6,44,,Common,True,True,,733.574,0.9851,4493,733.637,1968.051,1930,2005,696,771,733.5,bright,True,,1977.9667,2009.0047,1993.4857
6-45,images/6-45.jpg,6,45,,Common,True,True,,733.574,0.9851,4493,733.637,1968.051,1930,2005,696,771,733.5,bright,True,,1976.9955,2009.1496,1993.0726
6-46,images/6-46.jpg,6,46,,Uncommon,True,True,,733.508,0.9989,5280,733.475,1968.185,1928,2008,695,772,733.5,bright,True,,1977.7307,2009.1203,1993.4255
6-47,images/6-47.jpg,6,47,,Uncommon,True,True,,733.508,0.9989,5280,733.475,1968.185,1928,2008,695,772,733.5,bright,True,,1976.9416,2009.1471,1993.0444
6-48,images/6-48.jpg,6,48,,Uncommon,True,True,,733.508,0.9989,5280,733.475,1968.185,1928,2008,695,772,733.5,bright,True,,1977.4543,2009.1115,1993.2829
6-49,images/6-49.jpg,6,49,,Uncommon,True,True,,733.508,0.9989,5280,733.475,1968.185,1928,2008,695,772,733.5,bright,True,,1977.3773,2009.1313,1993.2543
6-5,images/6-5.jpg,6,5,,Common,True,True,,733.574,0.9851,4493,733.637,1968.051,1930,2005,696,771,733.5,bright,True,,1976.8529,2009.2696,1993.0612
6-50,images/6-50.jpg,6,50,,Uncommon,True,True,,733.508,0.9989,5280,733.475,1968.185,1928,2008,695,772,733.5,bright,True,,1976.9032,2009.2221,1993.0627
6-51,images/6-51.jpg,6,51,,Uncommon,True,True,,733.508,0.9989,5280,733.475,1968.185,1928,2008,695,772,733.5,bright,True,,1976.837,2009.2799,1993.0584
6-52,images/6-52.jpg,6,52,,Rare,True,True,,733.623,0.9915,4137,733.751,1980.165,1929,2007,686,782,734.0,bright,True,,1976.932,2009.3211,1993.1266
6-53,images/6-53.jpg,6,53,,Rare,True,True,,733.623,0.9915,4137,733.751,1980.165,1929,2007,686,782,734.0,bright,True,,1976.9036,2009.2206,1993.0621
6-54,images/6-54.jpg,6,54,,Super Rare,True,True,,733.635,0.991,3453,733.736,1966.88,1929,2007,694,774,734.0,bright,True,,1976.9974,2009.1512,1993.0743
6-55,images/6-55.jpg,6,55,,Super Rare,True,True,,733.635,0.991,3453,733.736,1966.88,1929,2007,694,774,734.0,bright,True,,1976.7723,2009.2198,1992.996
6-56,images/6-56.jpg,6,56,,Legendary,True,True,,733.553,0.9924,5524,733.508,1969.574,1924,2008,689,779,734.0,bright,True,,1976.9715,2009.2145,1993.093
6-57,images/6-57.jpg,6,57,,Rare,True,True,,733.623,0.9915,4137,733.751,1980.165,1929,2007,686,782,734.0,bright,True,,1976.6924,2009.2632,1992.9778
6-58,images/6-58.jpg,6,58,,Uncommon,True,True,,733.508,0.9989,5280,733.475,1968.185,1928,2008,695,772,733.5,bright,True,,1976.9161,2009.2155,1993.0658
6-59,images/6-59.jpg,6,59,,Super Rare,True,True,,733.635,0.991,3453,733.736,1966.88,1929,2007,694,774,734.0,bright,True,,1976.8434,2009.2532,1993.0483
6-6,images/6-6.jpg,6,6,,Common,True,True,,733.574,0.9851,4493,733.637,1968.051,1930,2005,696,771,733.5,bright,True,,1977.3683,2009.2433,1993.3058
6-6-D23,images/6-6-D23.jpg,6,6,D23,Special,False,True,,733.504,0.9913,44293,733.981,1969.96,1904,2031,554,913,733.5,dark,True,,1976.9209,2009.2245,1993.0727
6-60,images/6-60.jpg,6,60,,Common,True,True,,733.574,0.9851,4493,733.637,1968.051,1930,2005,696,771,733.5,bright,True,,1977.2736,2009.2197,1993.2467
6-61,images/6-61.jpg,6,61,,Legendary,True,True,,733.553,0.9924,5524,733.508,1969.574,1924,2008,689,779,734.0,bright,True,,1977.3053,2009.2506,1993.278
6-62,images/6-62.jpg,6,62,,Common,True,True,,733.574,0.9851,4493,733.637,1968.051,1930,2005,696,771,733.5,bright,True,,1977.3289,2009.3275,1993.3282
6-63,images/6-63.jpg,6,63,,Uncommon,True,True,,733.508,0.9989,5280,733.475,1968.185,1928,2008,695,772,733.5,bright,True,,1977.2831,2009.2296,1993.2563
6-64,images/6-64.jpg,6,64,,Rare,True,True,,733.623,0.9915,4137,733.751,1980.165,1929,2007,686,782,734.0,bright,True,,1977.7456,2009.1204,1993.433
6-65,images/6-65.jpg,6,65,,Rare,True,True,,733.623,0.9915,4137,733.751,1980.165,1929,2007,686,782,734.0,bright,True,,1976.9693,2009.2187,1993.094
6-66,images/6-66.jpg,6,66,,Common,True,True,,733.574,0.9851,4493,733.637,1968.051,1930,2005,696,771,733.5,bright,True,,1977.5352,2009.2111,1993.3731
6-67,images/6-67.jpg,6,67,,Uncommon,True,True,,733.508,0.9989,5280,733.475,1968.185,1928,2008,695,772,733.5,bright,True,,1976.8747,2009.2556,1993.0651
6-68,images/6-68.jpg,6,68,,Common,True,False,no-symmetry-peak,,0.2583,11008,705.575,1892.804,1856,1938,581,897,739.0,bright,False,text-clipped,,,
6-69,images/6-69.jpg,6,69,,Rare,True,False,no-core-component,,,,,,,,,,,,False,no-text,,,
6-7,images/6-7.jpg,6,7,,Common,True,True,,733.574,0.9851,4493,733.637,1968.051,1930,2005,696,771,733.5,bright,True,,1976.7995,2009.2649,1993.0322
6-70,images/6-70.jpg,6,70,,Rare,True,True,,733.623,0.9915,4137,733.751,1980.165,1929,2007,686,782,734.0,bright,True,,1976.8094,2009.2564,1993.0329
6-71,images/6-71.jpg,6,71,,Rare,True,True,,733.623,0.9915,4137,733.751,1980.165,1929,2007,686,782,734.0,bright,True,,1976.7811,2009.28,1993.0306
6-72,images/6-72.jpg,6,72,,Rare,True,True,,733.623,0.9915,4137,733.751,1980.165,1929,2007,686,782,734.0,bright,True,,1976.8054,2009.3811,1993.0932
6-73,images/6-73.jpg,6,73,,Rare,True,True,,733.623,0.9915,4137,733.751,1980.165,1929,2007,686,782,734.0,bright,True,,1976.7901,2009.2761,1993.0331
6-74,images/6-74.jpg,6,74,,Uncommon,True,True,,733.508,0.9989,5280,733.475,1968.185,1928,2008,695,772,733.5,bright,True,,1976.9343,2009.1523,1993.0433
6-75,images/6-75.jpg,6,75,,Common,True,True,,733.574,0.9851,4493,733.637,1968.051,1930,2005,696,771,733.5,bright,True,,1976.6929,2009.263,1992.9779
6-76,images/6-76.jpg,6,76,,Common,True,True,,733.574,0.9851,4493,733.637,1968.051,1930,2005,696,771,733.5,bright,True,,1976.8681,2009.2507,1993.0594
6-77,images/6-77.jpg,6,77,,Common,True,True,,733.574,0.9851,4493,733.637,1968.051,1930,2005,696,771,733.5,bright,True,,1976.684,2009.227,1992.9555
6-78,images/6-78.jpg,6,78,,Common,True,True,,733.574,0.9851,4493,733.637,1968.051,1930,2005,696,771,733.5,bright,True,,1976.8163,2009.253,1993.0346
6-79,images/6-79.jpg,6,79,,Common,True,True,,733.574,0.9851,4493,733.637,1968.051,1930,2005,696,771,733.5,bright,True,,1976.7814,2009.2612,1993.0213
6-8,images/6-8.jpg,6,8,,Uncommon,True,True,,733.508,0.9989,5280,733.475,1968.185,1928,2008,695,772,733.5,bright,True,,1977.1465,2009.2414,1993.194
6-8-C2,images/6-8-C2.jpg,6,8,C2,Special,False,True,,733.53,0.989,35346,733.9,1982.1,1917,2031,554,913,733.5,dark,True,,1977.0654,2009.2432,1993.1543
6-8-P2,images/6-8-P2.jpg,6,8,P2,Special,True,True,,724.083,0.8806,5303,727.442,1967.533,1925,2011,689,778,733.5,bright,True,,1976.9119,2009.2535,1993.0827
6-80,images/6-80.jpg,6,80,,Uncommon,True,True,,733.508,0.9989,5280,733.475,1968.185,1928,2008,695,772,733.5,bright,True,,1977.1277,2009.2305,1993.1791
6-81,images/6-81.jpg,6,81,,Super Rare,True,True,,733.635,0.991,3453,733.736,1966.88,1929,2007,694,774,734.0,bright,True,,1977.1183,2009.2544,1993.1864
6-82,images/6-82.jpg,6,82,,Uncommon,True,True,,733.508,0.9989,5280,733.475,1968.185,1928,2008,695,772,733.5,bright,True,,1977.1809,2009.3252,1993.2531
6-83,images/6-83.jpg,6,83,,Uncommon,True,True,,733.508,0.9989,5280,733.475,1968.185,1928,2008,695,772,733.5,bright,True,,1977.1401,2009.2216,1993.1809
6-84,images/6-84.jpg,6,84,,Legendary,True,True,,733.553,0.9924,5524,733.508,1969.574,1924,2008,689,779,734.0,bright,True,,1977.4548,2009.1143,1993.2846
6-85,images/6-85.jpg,6,85,,Super Rare,True,True,,733.635,0.991,3453,733.736,1966.88,1929,2007,694,774,734.0,bright,True,,1976.9095,2009.217,1993.0633
6-86,images/6-86.jpg,6,86,,Legendary,True,True,,733.553,0.9924,5524,733.508,1969.574,1924,2008,689,779,734.0,bright,True,,1977.3054,2009.2278,1993.2666
6-87,images/6-87.jpg,6,87,,Common,True,True,,733.574,0.9851,4493,733.637,1968.051,1930,2005,696,771,733.5,bright,True,,1976.8183,2009.2558,1993.0371
6-88,images/6-88.jpg,6,88,,Common,True,True,,733.574,0.9851,4493,733.637,1968.051,1930,2005,696,771,733.5,bright,True,,1977.1557,2009.21,1993.1828
6-89,images/6-89.jpg,6,89,,Rare,True,True,,733.623,0.9915,4137,733.751,1980.165,1929,2007,686,782,734.0,bright,True,,1977.0555,2009.2357,1993.1456
6-9,images/6-9.jpg,6,9,,Uncommon,True,True,,733.508,0.9989,5280,733.475,1968.185,1928,2008,695,772,733.5,bright,True,,1977.0583,2009.2583,1993.1583
6-9-C1,images/6-9-C1.jpg,6,9,C1,Special,False,True,,717.547,0.9479,8115,717.742,1967.8,1919,2017,668,766,717.0,dark,True,,1977.1202,2009.1037,1993.112
6-9-P2,images/6-9-P2.jpg,6,9,P2,Special,True,True,,724.125,0.8783,5499,727.594,1967.519,1924,2011,689,779,734.0,bright,True,,1976.9077,2009.1929,1993.0503
6-90,images/6-90.jpg,6,90,,Uncommon,True,True,,733.508,0.9989,5280,733.475,1968.185,1928,2008,695,772,733.5,bright,True,,1977.0345,2009.2446,1993.1395
6-91,images/6-91.jpg,6,91,,Uncommon,True,True,,733.508,0.9989,5280,733.475,1968.185,1928,2008,695,772,733.5,bright,True,,1977.0172,2009.2758,1993.1465
6-92,images/6-92.jpg,6,92,,Rare,True,True,,733.623,0.9915,4137,733.751,1980.165,1929,2007,686,782,734.0,bright,True,,1977.0508,2009.36,1993.2054
6-93,images/6-93.jpg,6,93,,Super Rare,True,True,,733.635,0.991,3453,733.736,1966.88,1929,2007,694,774,734.0,bright,True,,1976.9971,2009.2613,1993.1292
6-94,images/6-94.jpg,6,94,,Common,True,True,,733.574,0.9851,4493,733.637,1968.051,1930,2005,696,771,733.5,bright,True,,1977.3739,2009.1318,1993.2528
6-95,images/6-95.jpg,6,95,,Common,True,True,,733.574,0.9851,4493,733.637,1968.051,1930,2005,696,771,733.5,bright,True,,1976.8413,2009.2571,1993.0492
6-96,images/6-96.jpg,6,96,,Uncommon,True,True,,733.508,0.9989,5280,733.475,1968.185,1928,2008,695,772,733.5,bright,True,,1977.1915,2009.2396,1993.2155
6-97,images/6-97.jpg,6,97,,Rare,True,True,,733.623,0.9915,4137,733.751,1980.165,1929,2007,686,782,734.0,bright,True,,1976.789,2009.256,1993.0225
6-98,images/6-98.jpg,6,98,,Uncommon,True,True,,733.508,0.9989,5280,733.475,1968.185,1928,2008,695,772,733.5,bright,True,,1977.0694,2009.2313,1993.1503
6-99,images/6-99.jpg,6,99,,Common,True,True,,733.574,0.9851,4493,733.637,1968.051,1930,2005,696,771,733.5,bright,True,,1977.1418,2009.1738,1993.1578
7-1,images/7-1.jpg,7,1,,Rare,True,True,,733.654,0.9918,4243,733.741,1979.765,1928,2007,686,782,734.0,bright,True,,1976.6885,2009.3186,1993.0035
7-10,images/7-10.jpg,7,10,,Rare,True,True,,733.654,0.9918,4243,733.741,1979.765,1928,2007,686,782,734.0,bright,True,,1976.7089,2009.3053,1993.0071
7-100,images/7-100.jpg,7,100,,Common,True,True,,733.565,0.9884,4567,733.603,1968.033,1930,2005,696,771,733.5,bright,True,,1976.739,2009.2728,1993.0059
7-101,images/7-101.jpg,7,101,,Common,True,True,,733.565,0.9884,4567,733.603,1968.033,1930,2005,696,771,733.5,bright,True,,1976.7258,2009.2935,1993.0096
7-102,images/7-102.jpg,7,102,,Common,True,True,,733.565,0.9884,4567,733.603,1968.033,1930,2005,696,771,733.5,bright,True,,1976.7513,2009.3548,1993.053
7-103,images/7-103.jpg,7,103,,Uncommon,True,True,,733.505,0.9991,5279,733.48,1968.192,1928,2008,695,772,733.5,bright,True,,1976.7973,2009.2258,1993.0116
7-104,images/7-104.jpg,7,104,,Uncommon,True,True,,733.515,0.9974,5354,733.5,1968.191,1928,2008,695,772,733.5,bright,True,,1976.7988,2009.2203,1993.0095
7-105,images/7-105.jpg,7,105,,Uncommon,True,True,,733.515,0.9974,5354,733.5,1968.191,1928,2008,695,772,733.5,bright,True,,1976.6744,2009.2662,1992.9703
7-106,images/7-106.jpg,7,106,,Uncommon,True,True,,733.515,0.9974,5354,733.5,1968.191,1928,2008,695,772,733.5,bright,True,,1976.7311,2009.2997,1993.0154
7-107,images/7-107.jpg,7,107,,Uncommon,True,True,,733.515,0.9974,5354,733.5,1968.191,1928,2008,695,772,733.5,bright,True,,1976.6595,2009.2388,1992.9492
7-108,images/7-108.jpg,7,108,,Rare,True,True,,733.654,0.9918,4243,733.741,1979.765,1928,2007,686,782,734.0,bright,True,,1976.7377,2009.2752,1993.0064
7-109,images/7-109.jpg,7,109,,Rare,True,True,,733.605,0.9932,4130,733.743,1980.145,1929,2007,686,782,734.0,bright,True,,1976.7944,2009.2076,1993.001
7-11,images/7-11.jpg,7,11,,Uncommon,True,True,,733.515,0.9974,5354,733.5,1968.191,1928,2008,695,772,733.5,bright,True,,1976.6924,2009.3327,1993.0125
7-110,images/7-110.jpg,7,110,,Rare,True,True,,733.654,0.9918,4243,733.741,1979.765,1928,2007,686,782,734.0,bright,True,,1976.7225,2009.2973,1993.0099
7-111,images/7-111.jpg,7,111,,Rare,True,True,,733.654,0.9918,4243,733.741,1979.765,1928,2007,686,782,734.0,bright,True,,1976.6998,2009.3293,1993.0145
7-112,images/7-112.jpg,7,112,,Uncommon,True,True,,733.515,0.9974,5354,733.5,1968.191,1928,2008,695,772,733.5,bright,True,,1976.7298,2009.3845,1993.0572
7-113,images/7-113.jpg,7,113,,Uncommon,True,True,,733.515,0.9974,5354,733.5,1968.191,1928,2008,695,772,733.5,bright,True,,1976.7221,2009.2977,1993.0099
7-114,images/7-114.jpg,7,114,,Super Rare,True,True,,733.474,0.9938,3530,733.516,1967.021,1928,2007,693,774,733.5,bright,True,,1976.8132,2009.224,1993.0186
7-115,images/7-115.jpg,7,115,,Legendary,True,True,,733.632,0.9933,5654,733.726,1969.361,1922,2008,688,779,733.5,bright,True,,1976.6555,2009.2981,1992.9768
7-116,images/7-116.jpg,7,116,,Common,True,True,,733.565,0.9884,4567,733.603,1968.033,1930,2005,696,771,733.5,bright,True,,1976.7367,2009.3067,1993.0217
7-117,images/7-117.jpg,7,117,,Common,True,True,,733.565,0.9884,4567,733.603,1968.033,1930,2005,696,771,733.5,bright,True,,1976.6358,2009.274,1992.9549
7-118,images/7-118.jpg,7,118,,Legendary,True,True,,733.632,0.9933,5654,733.726,1969.361,1922,2008,688,779,733.5,bright,True,,1976.7152,2009.3054,1993.0103
7-119,images/7-119.jpg,7,119,,Rare,True,True,,733.654,0.9918,4243,733.741,1979.765,1928,2007,686,782,734.0,bright,True,,1976.7402,2009.2886,1993.0144
7-12,images/7-12.jpg,7,12,,Uncommon,True,True,,733.515,0.9974,5354,733.5,1968.191,1928,2008,695,772,733.5,bright,True,,1976.7159,2009.3861,1993.051
7-120,images/7-120.jpg,7,120,,Uncommon,True,True,,733.515,0.9974,5354,733.5,1968.191,1928,2008,695,772,733.5,bright,True,,1976.7466,2009.3544,1993.0505
7-121,images/7-121.jpg,7,121,,Common,True,True,,733.565,0.9884,4567,733.603,1968.033,1930,2005,696,771,733.5,bright,True,,1976.7287,2009.3834,1993.056
7-122,images/7-122.jpg,7,122,,Common,True,True,,733.565,0.9884,4567,733.603,1968.033,1930,2005,696,771,733.5,bright,True,,1976.7465,2009.4211,1993.0838
7-123,images/7-123.jpg,7,123,,Common,True,True,,733.565,0.9884,4567,733.603,1968.033,1930,2005,696,771,733.5,bright,True,,1976.7399,2009.3564,1993.0482
7-124,images/7-124.jpg,7,124,,Uncommon,True,True,,733.515,0.9974,5354,733.5,1968.191,1928,2008,695,772,733.5,bright,True,,1976.7859,2009.3321,1993.059
7-125,images/7-125.jpg,7,125,,Common,True,True,,733.565,0.9884,4567,733.603,1968.033,1930,2005,696,771,733.5,bright,True,,1976.6758,2009.3561,1993.016
7-126,images/7-126.jpg,7,126,,Super Rare,True,True,,733.474,0.9938,3530,733.516,1967.021,1928,2007,693,774,733.5,bright,True,,1976.7364,2009.3857,1993.061
7-127,images/7-127.jpg,7,127,,Common,True,True,,733.565,0.9884,4567,733.603,1968.033,1930,2005,696,771,733.5,bright,True,,1976.6587,2009.3378,1992.9982
7-128,images/7-128.jpg,7,128,,Common,True,True,,733.565,0.9884,4567,733.603,1968.033,1930,2005,696,771,733.5,bright,True,,1976.7373,2009.3608,1993.049
7-129,images/7-129.jpg,7,129,,Common,True,True,,733.565,0.9884,4567,733.603,1968.033,1930,2005,696,771,733.5,bright,True,,1976.7628,2009.3488,1993.0558
7-13,images/7-13.jpg,7,13,,Uncommon,True,True,,733.515,0.9974,5354,733.5,1968.191,1928,2008,695,772,733.5,bright,True,,1976.7048,2009.3072,1993.006
7-130,images/7-130.jpg,7,130,,Common,True,True,,733.565,0.9884,4567,733.603,1968.033,1930,2005,696,771,733.5,bright,True,,1976.7342,2009.2711,1993.0026
7-131,images/7-131.jpg,7,131,,Common,True,True,,733.565,0.9884,4567,733.603,1968.033,1930,2005,696,771,733.5,bright,True,,1976.723,2009.2976,1993.0103
7-132,images/7-132.jpg,7,132,,Uncommon,True,True,,733.515,0.9974,5354,733.5,1968.191,1928,2008,695,772,733.5,bright,True,,1976.7442,2009.3568,1993.0505
7-133,images/7-133.jpg,7,133,,Uncommon,True,True,,733.515,0.9974,5354,733.5,1968.191,1928,2008,695,772,733.5,bright,True,,1976.7366,2009.2767,1993.0067
7-134,images/7-134.jpg,7,134,,Uncommon,True,True,,733.515,0.9974,5354,733.5,1968.191,1928,2008,695,772,733.5,bright,True,,1976.7875,2009.2408,1993.0142
7-135,images/7-135.jpg,7,135,,Uncommon,True,True,,733.515,0.9974,5354,733.5,1968.191,1928,2008,695,772,733.5,bright,True,,1976.6721,2009.2762,1992.9742
7-136,images/7-136.jpg,7,136,,Rare,True,True,,733.654,0.9918,4243,733.741,1979.765,1928,2007,686,782,734.0,bright,True,,1976.7333,2009.302,1993.0177
7-137,images/7-137.jpg,7,137,,Rare,True,True,,733.654,0.9918,4243,733.741,1979.765,1928,2007,686,782,734.0,bright,True,,1976.6541,2009.2481,1992.9511
7-138,images/7-138.jpg,7,138,,Rare,True,True,,733.654,0.9918,4243,733.741,1979.765,1928,2007,686,782,734.0,bright,True,,1976.736,2009.277,1993.0065
7-139,images/7-139.jpg,7,139,,Super Rare,True,True,,733.474,0.9938,3530,733.516,1967.021,1928,2007,693,774,733.5,bright,True,,1976.7591,2009.2645,1993.0118
7-14,images/7-14.jpg,7,14,,Legendary,True,True,,733.632,0.9933,5654,733.726,1969.361,1922,2008,688,779,733.5,bright,True,,1976.8143,2009.2068,1993.0105
7-140,images/7-140.jpg,7,140,,Rare,True,True,,733.654,0.9918,4243,733.741,1979.765,1928,2007,686,782,734.0,bright,True,,1976.7985,2009.2207,1993.0096
7-141,images/7-141.jpg,7,141,,Super Rare,True,True,,733.474,0.9938,3530,733.516,1967.021,1928,2007,693,774,733.5,bright,True,,1976.8105,2009.2258,1993.0181
7-142,images/7-142.jpg,7,142,,Legendary,True,True,,733.632,0.9933,5654,733.726,1969.361,1922,2008,688,779,733.5,bright,True,,1976.7842,2009.3367,1993.0605
7-143,images/7-143.jpg,7,143,,Legendary,True,True,,733.632,0.9933,5654,733.726,1969.361,1922,2008,688,779,733.5,bright,True,,1976.7829,2009.2418,1993.0124
7-144,images/7-144.jpg,7,144,,Uncommon,True,True,,733.515,0.9974,5354,733.5,1968.191,1928,2008,695,772,733.5,bright,True,,1976.9226,2009.1143,1993.0184
7-145,images/7-145.jpg,7,145,,Rare,True,True,,733.654,0.9918,4243,733.741,1979.765,1928,2007,686,782,734.0,bright,True,,1976.716,2009.2378,1992.9769
7-146,images/7-146.jpg,7,146,,Common,True,True,,733.565,0.9884,4567,733.603,1968.033,1930,2005,696,771,733.5,bright,True,,1976.8571,2009.1936,1993.0254
7-147,images/7-147.jpg,7,147,,Rare,True,True,,733.654,0.9918,4243,733.741,1979.765,1928,2007,686,782,734.0,bright,True,,1976.681,2009.2217,1992.9514
7-148,images/7-148.jpg,7,148,,Common,True,True,,733.565,0.9884,4567,733.603,1968.033,1930,2005,696,771,733.5,bright,True,,1976.7996,2009.2201,1993.0099
7-149,images/7-149.jpg,7,149,,Uncommon,True,True,,733.515,0.9974,5354,733.5,1968.191,1928,2008,695,772,733.5,bright,True,,1976.799,2009.2359,1993.0174
7-15,images/7-15.jpg,7,15,,Rare,True,True,,733.654,0.9918,4243,733.741,1979.765,1928,2007,686,782,734.0,bright,True,,1976.6414,2009.3028,1992.9721
7-150,images/7-150.jpg,7,150,,Common,True,True,,733.565,0.9884,4567,733.603,1968.033,1930,2005,696,771,733.5,bright,True,,1976.6731,2009.2679,1992.9705
7-151,images/7-151.jpg,7,151,,Uncommon,True,True,,733.515,0.9974,5354,733.5,1968.191,1928,2008,695,772,733.5,bright,True,,1976.6597,2009.2995,1992.9796
7-152,images/7-152.jpg,7,152,,Rare,True,True,,733.605,0.9932,4130,733.743,1980.145,1929,2007,686,782,734.0,bright,True,,1976.7118,2009.3296,1993.0207
7-153,images/7-153.jpg,7,153,,Rare,True,True,,733.654,0.9918,4243,733.741,1979.765,1928,2007,686,782,734.0,bright,True,,1976.6729,2009.2758,1992.9743
7-154,images/7-154.jpg,7,154,,Legendary,True,True,,733.632,0.9933,5654,733.726,1969.361,1922,2008,688,779,733.5,bright,True,,1976.718,2009.239,1992.9785
7-155,images/7-155.jpg,7,155,,Common,True,True,,733.565,0.9884,4567,733.603,1968.033,1930,2005,696,771,733.5,bright,True,,1976.6234,2009.2687,1992.946
7-156,images/7-156.jpg,7,156,,Common,True,True,,733.565,0.9884,4567,733.603,1968.033,1930,2005,696,771,733.5,bright,True,,1976.6665,2009.3016,1992.9841
7-157,images/7-157.jpg,7,157,,Common,True,True,,733.565,0.9884,4567,733.603,1968.033,1930,2005,696,771,733.5,bright,True,,1976.6132,2009.2356,1992.9244
7-158,images/7-158.jpg,7,158,,Uncommon,True,True,,733.515,0.9974,5354,733.5,1968.191,1928,2008,695,772,733.5,bright,True,,1976.6734,2009.2768,1992.9751
7-159,images/7-159.jpg,7,159,,Common,True,True,,733.565,0.9884,4567,733.603,1968.033,1930,2005,696,771,733.5,bright,True,,1976.692,2009.264,1992.978
7-16,images/7-16.jpg,7,16,,Common,True,True,,733.565,0.9884,4567,733.603,1968.033,1930,2005,696,771,733.5,bright,True,,1976.742,2009.2888,1993.0154
7-16-D23,images/7-16-D23.jpg,7,16,D23,Special,True,True,,745.25,0.6945,7447,745.951,1969.105,1928,2004,650,817,733.5,bright,True,,1976.7447,2009.3137,1993.0292
7-160,images/7-160.jpg,7,160,,Rare,True,True,,733.654,0.9918,4243,733.741,1979.765,1928,2007,686,782,734.0,bright,True,,1976.7315,2009.2979,1993.0147
7-161,images/7-161.jpg,7,161,,Rare,True,True,,733.654,0.9918,4243,733.741,1979.765,1928,2007,686,782,734.0,bright,True,,1976.7429,2009.3041,1993.0235
7-162,images/7-162.jpg,7,162,,Legendary,True,True,,733.632,0.9933,5654,733.726,1969.361,1922,2008,688,779,733.5,bright,True,,1976.7363,2009.3867,1993.0615
7-163,images/7-163.jpg,7,163,,Uncommon,True,True,,733.515,0.9974,5354,733.5,1968.191,1928,2008,695,772,733.5,bright,True,,1976.7326,2009.2992,1993.0159
7-164,images/7-164.jpg,7,164,,Rare,True,True,,733.654,0.9918,4243,733.741,1979.765,1928,2007,686,782,734.0,bright,True,,1976.8576,2009.1926,1993.0251
7-165,images/7-165.jpg,7,165,,Common,True,True,,733.565,0.9884,4567,733.603,1968.033,1930,2005,696,771,733.5,bright,True,,1976.6678,2009.2978,1992.9828
7-166,images/7-166.jpg,7,166,,Uncommon,True,True,,733.515,0.9974,5354,733.5,1968.191,1928,2008,695,772,733.5,bright,True,,1976.7908,2009.2757,1993.0333
7-167,images/7-167.jpg,7,167,,Common,True,True,,733.565,0.9884,4567,733.603,1968.033,1930,2005,696,771,733.5,bright,True,,1976.6524,2009.2694,1992.9609
7-168,images/7-168.jpg,7,168,,Common,True,True,,733.565,0.9884,4567,733.603,1968.033,1930,2005,696,771,733.5,bright,True,,1976.7359,2009.2929,1993.0144
7-169,images/7-169.jpg,7,169,,Common,True,True,,733.565,0.9884,4567,733.603,1968.033,1930,2005,696,771,733.5,bright,True,,1976.7866,2009.2589,1993.0228
7-17,images/7-17.jpg,7,17,,Common,True,True,,733.565,0.9884,4567,733.603,1968.033,1930,2005,696,771,733.5,bright,True,,1976.6302,2009.2734,1992.9518
7-170,images/7-170.jpg,7,170,,Common,True,True,,733.565,0.9884,4567,733.603,1968.033,1930,2005,696,771,733.5,bright,True,,1976.661,2009.2477,1992.9544
7-171,images/7-171.jpg,7,171,,Common,True,True,,733.565,0.9884,4567,733.603,1968.033,1930,2005,696,771,733.5,bright,True,,1976.6367,2009.2835,1992.9601
7-172,images/7-172.jpg,7,172,,Uncommon,True,True,,733.515,0.9974,5354,733.5,1968.191,1928,2008,695,772,733.5,bright,True,,1976.6618,2009.3361,1992.9989
7-173,images/7-173.jpg,7,173,,Rare,True,True,,733.654,0.9918,4243,733.741,1979.765,1928,2007,686,782,734.0,bright,True,,1976.6607,2009.2452,1992.9529
7-174,images/7-174.jpg,7,174,,Uncommon,True,True,,733.515,0.9974,5354,733.5,1968.191,1928,2008,695,772,733.5,bright,True,,1976.6864,2009.2253,1992.9559
7-175,images/7-175.jpg,7,175,,Rare,True,True,,733.654,0.9918,4243,733.741,1979.765,1928,2007,686,782,734.0,bright,True,,1976.6157,2009.2376,1992.9266
7-176,images/7-176.jpg,7,176,,Super Rare,True,True,,733.627,0.9913,3454,733.735,1966.891,1929,2007,694,774,734.0,bright,True,,1976.694,2009.2348,1992.9644
7-177,images/7-177.jpg,7,177,,Common,True,True,,733.565,0.9884,4567,733.603,1968.033,1930,2005,696,771,733.5,bright,True,,1976.6086,2009.2074,1992.908
7-178,images/7-178.jpg,7,178,,Rare,True,True,,733.654,0.9918,4243,733.741,1979.765,1928,2007,686,782,734.0,bright,True,,1976.66,2009.2452,1992.9526
7-179,images/7-179.jpg,7,179,,Uncommon,True,True,,733.515,0.9974,5354,733.5,1968.191,1928,2008,695,772,733.5,bright,True,,1976.6678,2009.2438,1992.9558
7-18,images/7-18.jpg,7,18,,Common,True,True,,733.565,0.9884,4567,733.603,1968.033,1930,2005,696,771,733.5,bright,True,,1976.7021,2009.3075,1993.0048
7-180,images/7-180.jpg,7,180,,Common,True,True,,733.565,0.9884,4567,733.603,1968.033,1930,2005,696,771,733.5,bright,True,,1976.7364,2009.2755,1993.0059
7-181,images/7-181.jpg,7,181,,Common,True,True,,733.565,0.9884,4567,733.603,1968.033,1930,2005,696,771,733.5,bright,True,,1976.7153,2009.3052,1993.0103
7-182,images/7-182.jpg,7,182,,Common,True,True,,733.565,0.9884,4567,733.603,1968.033,1930,2005,696,771,733.5,bright,True,,1976.7387,2009.363,1993.0509
7-183,images/7-183.jpg,7,183,,Uncommon,True,True,,733.515,0.9974,5354,733.5,1968.191,1928,2008,695,772,733.5,bright,True,,1976.7368,2009.2756,1993.0062
7-184,images/7-184.jpg,7,184,,Common,True,True,,733.565,0.9884,4567,733.603,1968.033,1930,2005,696,771,733.5,bright,True,,1976.8013,2009.2192,1993.0103
7-185,images/7-185.jpg,7,185,,Common,True,True,,733.565,0.9884,4567,733.603,1968.033,1930,2005,696,771,733.5,bright,True,,1976.6726,2009.2765,1992.9745
7-186,images/7-186.jpg,7,186,,Rare,True,True,,733.654,0.9918,4243,733.741,1979.765,1928,2007,686,782,734.0,bright,True,,1976.7365,2009.2938,1993.0152
7-187,images/7-187.jpg,7,187,,Rare,True,True,,733.654,0.9918,4243,733.741,1979.765,1928,2007,686,782,734.0,bright,True,,1976.6572,2009.2432,1992.9502
7-188,images/7-188.jpg,7,188,,Rare,True,True,,733.654,0.9918,4243,733.741,1979.765,1928,2007,686,782,734.0,bright,True,,1976.7315,2009.2807,1993.0061
7-189,images/7-189.jpg,7,189,,Common,True,True,,733.565,0.9884,4567,733.603,1968.033,1930,2005,696,771,733.5,bright,True,,1976.7576,2009.2653,1993.0115
7-19,images/7-19.jpg,7,19,,Uncommon,True,True,,733.515,0.9974,5354,733.5,1968.191,1928,2008,695,772,733.5,bright,True,,1976.7345,2009.2873,1993.0109
7-19-P2,images/7-19-P2.jpg,7,19,P2,Special,True,True,,724.042,0.8799,5297,727.453,1967.559,1925,2011,689,778,733.5,bright,True,,1976.7028,2009.2066,1992.9547
7-190,images/7-190.jpg,7,190,,Common,True,True,,733.565,0.9884,4567,733.603,1968.033,1930,2005,696,771,733.5,bright,True,,1976.7543,2009.2598,1993.007
7-191,images/7-191.jpg,7,191,,Common,True,True,,733.565,0.9884,4567,733.603,1968.033,1930,2005,696,771,733.5,bright,True,,1976.7404,2009.2873,1993.0139
7-192,images/7-192.jpg,7,192,,Common,True,True,,733.565,0.9884,4567,733.603,1968.033,1930,2005,696,771,733.5,bright,True,,1976.7641,2009.3505,1993.0573
7-193,images/7-193.jpg,7,193,,Common,True,True,,733.565,0.9884,4567,733.603,1968.033,1930,2005,696,771,733.5,bright,True,,1976.7565,2009.2654,1993.011
7-194,images/7-194.jpg,7,194,,Common,True,True,,733.565,0.9884,4567,733.603,1968.033,1930,2005,696,771,733.5,bright,True,,1976.8022,2009.2343,1993.0182
7-195,images/7-195.jpg,7,195,,Common,True,True,,733.565,0.9884,4567,733.603,1968.033,1930,2005,696,771,733.5,bright,True,,1976.69,2009.2641,1992.977
7-196,images/7-196.jpg,7,196,,Uncommon,True,True,,733.515,0.9974,5354,733.5,1968.191,1928,2008,695,772,733.5,bright,True,,1976.7852,2009.2618,1993.0235
7-197,images/7-197.jpg,7,197,,Rare,True,True,,733.654,0.9918,4243,733.741,1979.765,1928,2007,686,782,734.0,bright,True,,1976.6676,2009.2379,1992.9528
7-198,images/7-198.jpg,7,198,,Legendary,True,True,,733.632,0.9933,5654,733.726,1969.361,1922,2008,688,779,733.5,bright,True,,1976.7555,2009.2659,1993.0107
7-199,images/7-199.jpg,7,199,,Super Rare,True,True,,733.474,0.9938,3530,733.516,1967.021,1928,2007,693,774,733.5,bright,True,,1976.7912,2009.2399,1993.0156
7-2,images/7-2.jpg,7,2,,Rare,True,True,,733.654,0.9918,4243,733.741,1979.765,1928,2007,686,782,734.0,bright,True,,1976.6966,2009.4047,1993.0507
7-2-C2,images/7-2-C2.jpg,7,2,C2,Special,False,True,,733.5,0.9901,35184,733.238,1982.341,1917,2031,554,913,733.5,dark,True,,1976.7809,2009.3335,1993.0572
7-20,images/7-20.jpg,7,20,,Super Rare,True,True,,733.474,0.9938,3530,733.516,1967.021,1928,2007,693,774,733.5,bright,True,,1976.7366,2009.3615,1993.049
7-20-P2,images/7-20-P2.jpg,7,20,P2,Special,True,True,,733.598,0.9544,7234,733.736,1967.577,1921,2014,688,779,733.5,bright,True,,1976.6892,2009.3366,1993.0129
7-200,images/7-200.jpg,7,200,,Legendary,True,True,,733.632,0.9933,5654,733.726,1969.361,1922,2008,688,779,733.5,bright,True,,1976.7593,2009.3302,1993.0448
7-201,images/7-201.jpg,7,201,,Rare,True,True,,733.654,0.9918,4243,733.741,1979.765,1928,2007,686,782,734.0,bright,True,,1976.7487,2009.3564,1993.0526
7-202,images/7-202.jpg,7,202,,Uncommon,True,True,,733.515,0.9974,5354,733.5,1968.191,1928,2008,695,772,733.5,bright,True,,1976.7672,2009.3988,1993.083
7-203,images/7-203.jpg,7,203,,Uncommon,True,True,,733.515,0.9974,5354,733.5,1968.191,1928,2008,695,772,733.5,bright,True,,1976.7578,2009.3363,1993.0471
7-204,images/7-204.jpg,7,204,,Common,True,True,,733.565,0.9884,4567,733.603,1968.033,1930,2005,696,771,733.5,bright,True,,1976.7749,2009.3366,1993.0558
7-205,images/7-205.jpg,7,205,,Enchanted,False,True,,733.51,0.9953,54129,734.019,1955.915,1871,2031,554,913,733.5,bright,True,,1976.6984,2009.3422,1993.0203
7-206,images/7-206.jpg,7,206,,Enchanted,False,True,,733.941,0.9783,5490,733.829,1968.578,1921,2013,694,777,735.5,bright,True,,1976.7448,2009.3751,1993.06
7-207,images/7-207.jpg,7,207,,Enchanted,False,True,,733.877,0.9622,3786,733.492,1967.811,1924,2013,695,773,734.0,bright,True,,1976.6853,2009.3393,1993.0123
7-208,images/7-208.jpg,7,208,,Enchanted,False,True,,733.712,0.9851,5585,733.823,1968.519,1923,2014,694,774,734.0,bright,True,,1976.7655,2009.3627,1993.0641
7-209,images/7-209.jpg,7,209,,Enchanted,False,False,no-symmetry-peak,,0.6881,7928,708.96,1891.959,1871,1927,554,832,693.0,bright,True,,1976.788,2009.3473,1993.0676
7-21,images/7-21.jpg,7,21,,Uncommon,True,True,,733.515,0.9974,5354,733.5,1968.191,1928,2008,695,772,733.5,bright,True,,1976.7172,2009.3871,1993.0521
7-21-P2,images/7-21-P2.jpg,7,21,P2,Special,True,True,,733.598,0.9544,7234,733.736,1967.577,1921,2014,688,779,733.5,bright,True,,1976.6704,2009.3642,1993.0173
7-210,images/7-210.jpg,7,210,,Enchanted,False,True,,733.808,0.9686,5821,732.883,1968.542,1923,2014,683,774,728.5,bright,True,,1976.7491,2009.3304,1993.0397
7-211,images/7-211.jpg,7,211,,Enchanted,False,True,,780.0,0.722,19329,787.716,1967.866,1897,2031,682,900,791.0,dark,True,,1976.697,2009.4597,1993.0784
7-212,images/7-212.jpg,7,212,,Enchanted,False,True,,734.214,0.8938,1639,736.149,1946.845,1925,1966,695,773,734.0,bright,True,,1976.7521,2009.4327,1993.0924
7-213,images/7-213.jpg,7,213,,Enchanted,False,True,,733.858,0.9887,5489,733.845,1968.914,1924,2014,694,774,734.0,bright,True,,1976.7424,2009.3861,1993.0643
7-214,images/7-214.jpg,7,214,,Enchanted,False,True,,733.715,0.9596,3862,733.196,1967.852,1924,2013,694,773,733.5,bright,True,,1976.7961,2009.3395,1993.0678
7-215,images/7-215.jpg,7,215,,Enchanted,False,True,,763.603,0.7225,12390,763.034,1972.671,1899,2031,692,841,766.5,bright,True,,1976.6812,2009.3646,1993.0229
7-216,images/7-216.jpg,7,216,,Enchanted,False,True,,733.553,0.9335,59399,741.448,1948.295,1856,2031,554,913,733.5,bright,True,,1976.7349,2009.2687,1993.0018
7-217,images/7-217.jpg,7,217,,Enchanted,False,True,,734.062,0.9506,5792,735.032,1967.832,1924,2015,693,779,736.0,bright,True,,1976.6204,2009.335,1992.9777
7-218,images/7-218.jpg,7,218,,Enchanted,False,True,,733.541,0.9263,58891,741.738,1948.313,1856,2031,554,913,733.5,bright,True,,1976.816,2009.3734,1993.0947
7-219,images/7-219.jpg,7,219,,Enchanted,False,True,,733.53,0.7516,5756,734.218,1888.002,1871,1911,619,832,725.5,bright,True,,1976.7086,2009.4068,1993.0577
7-22,images/7-22.jpg,7,22,,Uncommon,True,True,,733.515,0.9974,5354,733.5,1968.191,1928,2008,695,772,733.5,bright,True,,1976.7439,2009.4316,1993.0877
7-22-P2,images/7-22-P2.jpg,7,22,P2,Special,True,True,,733.598,0.9544,7234,733.736,1967.577,1921,2014,688,779,733.5,bright,True,,1976.6982,2009.4059,1993.0521
7-220,images/7-220.jpg,7,220,,Enchanted,False,True,,699.125,0.7591,38254,690.096,1962.26,1870,2031,554,868,711.0,dark,True,,1976.7208,2009.4332,1993.077
7-221,images/7-221.jpg,7,221,,Enchanted,False,True,,733.5,0.9992,51141,733.376,1960.451,1887,2031,554,913,733.5,dark,True,,1976.6254,2009.5491,1993.0873
7-222,images/7-222.jpg,7,222,,Enchanted,False,True,,733.909,0.9801,5790,733.853,1968.318,1923,2015,693,775,734.0,bright,True,,1976.7755,2009.4388,1993.1072
7-223,images/7-223.jpg,7,223,,Super Rare,True,True,,733.5,1.0,63360,733.5,1943.5,1856,2031,554,913,733.5,bright,True,,1976.8465,2009.3915,1993.119
7-224,images/7-224.jpg,7,224,,Super Rare,True,True,,733.627,0.9913,3454,733.735,1966.891,1929,2007,694,774,734.0,bright,True,,1976.8243,2009.408,1993.1162
7-23,images/7-23.jpg,7,23,,Uncommon,True,True,,733.515,0.9974,5354,733.5,1968.191,1928,2008,695,772,733.5,bright,True,,1976.7309,2009.3615,1993.0462
7-23-P2,images/7-23-P2.jpg,7,23,P2,Special,True,True,,733.598,0.9544,7234,733.736,1967.577,1921,2014,688,779,733.5,bright,True,,1976.6904,2009.3258,1993.0081
7-24,images/7-24.jpg,7,24,,Uncommon,True,True,,733.515,0.9974,5354,733.5,1968.191,1928,2008,695,772,733.5,bright,True,,1976.7893,2009.3245,1993.0569
7-24-P2-A,images/7-24-P2-A.jpg,7,24,P2,Special,True,True,,733.643,0.9525,7099,733.72,1967.653,1921,2014,688,779,733.5,bright,True,,1976.7351,2009.3888,1993.062
7-24-P2-B,images/7-24-P2-B.jpg,7,24,P2,Special,False,True,,733.75,0.8011,3882,741.139,1882.976,1872,1898,637,830,733.5,bright,True,,1976.7171,2009.3164,1993.0167
7-25,images/7-25.jpg,7,25,,Rare,True,True,,733.654,0.9918,4243,733.741,1979.765,1928,2007,686,782,734.0,bright,True,,1976.6687,2009.3569,1993.0128
7-26,images/7-26.jpg,7,26,,Rare,True,True,,733.654,0.9918,4243,733.741,1979.765,1928,2007,686,782,734.0,bright,True,,1976.7241,2009.3909,1993.0575
7-26-P2,images/7-26-P2.jpg,7,26,P2,Special,True,True,,724.083,0.8806,5303,727.442,1967.533,1925,2011,689,778,733.5,bright,True,,1976.736,2009.3633,1993.0497
7-26-P2-1663,images/7-26-P2-1663.jpg,7,26,P2,Special,True,True,,724.25,0.8808,5302,727.456,1967.539,1925,2011,689,778,733.5,bright,True,,1976.7319,2009.3605,1993.0462
7-27,images/7-27.jpg,7,27,,Rare,True,True,,733.654,0.9918,4243,733.741,1979.765,1928,2007,686,782,734.0,bright,True,,1976.6522,2009.3341,1992.9931
7-28,images/7-28.jpg,7,28,,Super Rare,True,True,,733.474,0.9938,3530,733.516,1967.021,1928,2007,693,774,733.5,bright,True,,1976.7235,2009.3688,1993.0461
7-29,images/7-29.jpg,7,29,,Super Rare,True,True,,733.474,0.9938,3530,733.516,1967.021,1928,2007,693,774,733.5,bright,True,,1976.7494,2009.357,1993.0532
7-3,images/7-3.jpg,7,3,,Common,True,True,,733.565,0.9884,4567,733.603,1968.033,1930,2005,696,771,733.5,bright,True,,1976.6936,2009.3061,1992.9999
7-30,images/7-30.jpg,7,30,,Rare,True,True,,733.654,0.9918,4243,733.741,1979.765,1928,2007,686,782,734.0,bright,True,,1976.7252,2009.2702,1992.9977
7-31,images/7-31.jpg,7,31,,Legendary,True,True,,733.632,0.9933,5654,733.726,1969.361,1922,2008,688,779,733.5,bright,True,,1976.7054,2009.3049,1993.0052
7-32,images/7-32.jpg,7,32,,Uncommon,True,True,,733.515,0.9974,5354,733.5,1968.191,1928,2008,695,772,733.5,bright,True,,1976.7314,2009.3599,1993.0456
7-33,images/7-33.jpg,7,33,,Uncommon,True,True,,733.515,0.9974,5354,733.5,1968.191,1928,2008,695,772,733.5,bright,True,,1976.7242,2009.2696,1992.9969
7-34,images/7-34.jpg,7,34,,Uncommon,True,True,,733.515,0.9974,5354,733.5,1968.191,1928,2008,695,772,733.5,bright,True,,1976.7883,2009.2217,1993.005
7-35,images/7-35.jpg,7,35,,Super Rare,True,True,,733.474,0.9938,3530,733.516,1967.021,1928,2007,693,774,733.5,bright,True,,1976.6646,2009.2633,1992.964
7-36,images/7-36.jpg,7,36,,Common,True,True,,733.565,0.9884,4567,733.603,1968.033,1930,2005,696,771,733.5,bright,True,,1976.7181,2009.302,1993.01
7-37,images/7-37.jpg,7,37,,Common,True,True,,733.565,0.9884,4567,733.603,1968.033,1930,2005,696,771,733.5,bright,True,,1976.6507,2009.2365,1992.9436
7-37-P3,images/7-37-P3.jpg,7,37,P3,Special,True,True,,733.605,0.9451,4078,734.212,1975.24,1919,2015,698,769,733.5,bright,True,,1976.6179,2009.0094,1992.8136
7-38,images/7-38.jpg,7,38,,Common,True,True,,733.565,0.9884,4567,733.603,1968.033,1930,2005,696,771,733.5,bright,True,,1976.7253,2009.2746,1992.9999
7-38-P3,images/7-38-P3.jpg,7,38,P3,Special,True,True,,733.605,0.9451,4078,734.212,1975.24,1919,2015,698,769,733.5,bright,True,,1976.6827,2009.0825,1992.8826
7-39,images/7-39.jpg,7,39,,Uncommon,True,True,,733.515,0.9974,5354,733.5,1968.191,1928,2008,695,772,733.5,bright,True,,1976.7415,2009.2607,1993.0011
7-4,images/7-4.jpg,7,4,,Super Rare,True,True,,733.474,0.9938,3530,733.516,1967.021,1928,2007,693,774,733.5,bright,True,,1976.827,2009.1815,1993.0042
7-40,images/7-40.jpg,7,40,,Rare,True,True,,733.654,0.9918,4243,733.741,1979.765,1928,2007,686,782,734.0,bright,True,,1976.8059,2009.2075,1993.0067
7-41,images/7-41.jpg,7,41,,Uncommon,True,True,,733.515,0.9974,5354,733.5,1968.191,1928,2008,695,772,733.5,bright,True,,1976.8155,2009.203,1993.0093
7-42,images/7-42.jpg,7,42,,Common,True,True,,733.565,0.9884,4567,733.603,1968.033,1930,2005,696,771,733.5,bright,True,,1976.7876,2009.3246,1993.0561
7-43,images/7-43.jpg,7,43,,Common,True,True,,733.565,0.9884,4567,733.603,1968.033,1930,2005,696,771,733.5,bright,True,,1976.7903,2009.2208,1993.0055
7-44,images/7-44.jpg,7,44,,Rare,True,True,,733.654,0.9918,4243,733.741,1979.765,1928,2007,686,782,734.0,bright,True,,1976.9345,2009.0851,1993.0098
7-45,images/7-45.jpg,7,45,,Rare,True,True,,733.654,0.9918,4243,733.741,1979.765,1928,2007,686,782,734.0,bright,True,,1976.7159,2009.2204,1992.9682
7-46,images/7-46.jpg,7,46,,Common,True,True,,733.565,0.9884,4567,733.603,1968.033,1930,2005,696,771,733.5,bright,True,,1976.8704,2009.1743,1993.0224
7-47,images/7-47.jpg,7,47,,Common,True,True,,733.565,0.9884,4567,733.603,1968.033,1930,2005,696,771,733.5,bright,True,,1976.6853,2009.2112,1992.9483
7-48,images/7-48.jpg,7,48,,Common,True,True,,733.565,0.9884,4567,733.603,1968.033,1930,2005,696,771,733.5,bright,True,,1976.8096,2009.197,1993.0033
7-49,images/7-49.jpg,7,49,,Rare,True,True,,733.654,0.9918,4243,733.741,1979.765,1928,2007,686,782,734.0,bright,True,,1976.8033,2009.2133,1993.0083
7-5,images/7-5.jpg,7,5,,Common,True,True,,733.565,0.9884,4567,733.603,1968.033,1930,2005,696,771,733.5,bright,True,,1976.6337,2009.2974,1992.9655
7-50,images/7-50.jpg,7,50,,Rare,True,True,,733.654,0.9918,4243,733.741,1979.765,1928,2007,686,782,734.0,bright,True,,1976.6671,2009.2622,1992.9646
7-51,images/7-51.jpg,7,51,,Super Rare,True,True,,733.474,0.9938,3530,733.516,1967.021,1928,2007,693,774,733.5,bright,True,,1976.6454,2009.2985,1992.9719
7-52,images/7-52.jpg,7,52,,Rare,True,True,,733.654,0.9918,4243,733.741,1979.765,1928,2007,686,782,734.0,bright,True,,1976.6684,2009.3572,1993.0128
7-53,images/7-53.jpg,7,53,,Uncommon,True,True,,733.515,0.9974,5354,733.5,1968.191,1928,2008,695,772,733.5,bright,True,,1976.6656,2009.263,1992.9643
7-54,images/7-54.jpg,7,54,,Super Rare,True,True,,733.474,0.9938,3530,733.516,1967.021,1928,2007,693,774,733.5,bright,True,,1976.7157,2009.2208,1992.9683
7-55,images/7-55.jpg,7,55,,Common,True,True,,733.565,0.9884,4567,733.603,1968.033,1930,2005,696,771,733.5,bright,True,,1976.6165,2009.2553,1992.9359
7-56,images/7-56.jpg,7,56,,Rare,True,True,,733.654,0.9918,4243,733.741,1979.765,1928,2007,686,782,734.0,bright,True,,1976.6581,2009.2939,1992.976
7-57,images/7-57.jpg,7,57,,Uncommon,True,True,,733.515,0.9974,5354,733.5,1968.191,1928,2008,695,772,733.5,bright,True,,1976.6058,2009.2288,1992.9173
7-58,images/7-58.jpg,7,58,,Common,True,True,,733.565,0.9884,4567,733.603,1968.033,1930,2005,696,771,733.5,bright,True,,1976.6641,2009.2684,1992.9663
7-59,images/7-59.jpg,7,59,,Common,True,True,,733.565,0.9884,4567,733.603,1968.033,1930,2005,696,771,733.5,bright,True,,1976.6732,2009.2616,1992.9674
7-6,images/7-6.jpg,7,6,,Common,True,True,,733.565,0.9884,4567,733.603,1968.033,1930,2005,696,771,733.5,bright,True,,1976.7485,2009.2854,1993.0169
7-6-C2,images/7-6-C2.jpg,7,6,C2,Special,False,True,,733.5,0.9901,35184,733.238,1982.341,1917,2031,554,913,733.5,dark,True,,1976.7539,2009.2737,1993.0138
7-60,images/7-60.jpg,7,60,,Common,True,True,,733.565,0.9884,4567,733.603,1968.033,1930,2005,696,771,733.5,bright,True,,1976.7301,2009.2894,1993.0098
7-61,images/7-61.jpg,7,61,,Common,True,True,,733.565,0.9884,4567,733.603,1968.033,1930,2005,696,771,733.5,bright,True,,1976.7442,2009.2936,1993.0189
7-62,images/7-62.jpg,7,62,,Common,True,True,,733.565,0.9884,4567,733.603,1968.033,1930,2005,696,771,733.5,bright,True,,1976.7259,2009.3897,1993.0578
7-63,images/7-63.jpg,7,63,,Rare,True,True,,733.654,0.9918,4243,733.741,1979.765,1928,2007,686,782,734.0,bright,True,,1976.7202,2009.3029,1993.0116
7-64,images/7-64.jpg,7,64,,Uncommon,True,True,,733.515,0.9974,5354,733.5,1968.191,1928,2008,695,772,733.5,bright,True,,1976.871,2009.1771,1993.024
7-65,images/7-65.jpg,7,65,,Uncommon,True,True,,733.515,0.9974,5354,733.5,1968.191,1928,2008,695,772,733.5,bright,True,,1976.6588,2009.2951,1992.977
7-66,images/7-66.jpg,7,66,,Uncommon,True,True,,733.515,0.9974,5354,733.5,1968.191,1928,2008,695,772,733.5,bright,True,,1976.7915,2009.2648,1993.0282
7-67,images/7-67.jpg,7,67,,Rare,True,True,,733.654,0.9918,4243,733.741,1979.765,1928,2007,686,782,734.0,bright,True,,1976.6419,2009.2707,1992.9563
7-68,images/7-68.jpg,7,68,,Super Rare,True,True,,733.474,0.9938,3530,733.516,1967.021,1928,2007,693,774,733.5,bright,True,,1976.7407,2009.2864,1993.0136
7-69,images/7-69.jpg,7,69,,Super Rare,True,True,,733.474,0.9938,3530,733.516,1967.021,1928,2007,693,774,733.5,bright,True,,1976.781,2009.2533,1993.0172
7-7,images/7-7.jpg,7,7,,Uncommon,True,True,,733.515,0.9974,5354,733.5,1968.191,1928,2008,695,772,733.5,bright,True,,1976.618,2009.2656,1992.9418
7-70,images/7-70.jpg,7,70,,Rare,True,True,,733.654,0.9918,4243,733.741,1979.765,1928,2007,686,782,734.0,bright,True,,1976.6493,2009.2361,1992.9427
7-71,images/7-71.jpg,7,71,,Uncommon,True,True,,733.515,0.9974,5354,733.5,1968.191,1928,2008,695,772,733.5,bright,True,,1976.6241,2009.2734,1992.9488
7-72,images/7-72.jpg,7,72,,Uncommon,True,True,,733.515,0.9974,5354,733.5,1968.191,1928,2008,695,772,733.5,bright,True,,1976.6513,2009.3415,1992.9964
7-73,images/7-73.jpg,7,73,,Legendary,True,True,,733.632,0.9933,5654,733.726,1969.361,1922,2008,688,779,733.5,bright,True,,1976.6535,2009.2361,1992.9448
7-74,images/7-74.jpg,7,74,,Legendary,True,True,,733.632,0.9933,5654,733.726,1969.361,1922,2008,688,779,733.5,bright,True,,1976.6863,2009.2078,1992.9471
7-75,images/7-75.jpg,7,75,,Common,True,True,,733.565,0.9884,4567,733.603,1968.033,1930,2005,696,771,733.5,bright,True,,1976.609,2009.2244,1992.9167
7-76,images/7-76.jpg,7,76,,Uncommon,True,True,,733.515,0.9974,5354,733.5,1968.191,1928,2008,695,772,733.5,bright,True,,1976.6432,2009.2693,1992.9563
7-77,images/7-77.jpg,7,77,,Uncommon,True,True,,733.515,0.9974,5354,733.5,1968.191,1928,2008,695,772,733.5,bright,True,,1976.5961,2009.196,1992.8961
7-78,images/7-78.jpg,7,78,,Common,True,True,,733.565,0.9884,4567,733.603,1968.033,1930,2005,696,771,733.5,bright,True,,1976.6497,2009.2361,1992.9429
7-79,images/7-79.jpg,7,79,,Uncommon,True,True,,733.515,0.9974,5354,733.5,1968.191,1928,2008,695,772,733.5,bright,True,,1976.6576,2009.2382,1992.9479
7-8,images/7-8.jpg,7,8,,Common,True,True,,733.565,0.9884,4567,733.603,1968.033,1930,2005,696,771,733.5,bright,True,,1976.6891,2009.306,1992.9976
7-80,images/7-80.jpg,7,80,,Uncommon,True,True,,733.515,0.9974,5354,733.5,1968.191,1928,2008,695,772,733.5,bright,True,,1976.72,2009.2811,1993.0006
7-81,images/7-81.jpg,7,81,,Common,True,True,,733.565,0.9884,4567,733.603,1968.033,1930,2005,696,771,733.5,bright,True,,1976.7046,2009.3054,1993.005
7-82,images/7-82.jpg,7,82,,Super Rare,True,True,,733.474,0.9938,3530,733.516,1967.021,1928,2007,693,774,733.5,bright,True,,1976.7271,2009.3642,1993.0456
7-83,images/7-83.jpg,7,83,,Rare,True,True,,733.654,0.9918,4243,733.741,1979.765,1928,2007,686,782,734.0,bright,True,,1976.7256,2009.2762,1993.0009
7-84,images/7-84.jpg,7,84,,Uncommon,True,True,,733.515,0.9974,5354,733.5,1968.191,1928,2008,695,772,733.5,bright,True,,1976.8073,2009.1969,1993.0021
7-85,images/7-85.jpg,7,85,,Common,True,True,,733.565,0.9884,4567,733.603,1968.033,1930,2005,696,771,733.5,bright,True,,1976.6642,2009.2691,1992.9667
7-86,images/7-86.jpg,7,86,,Common,True,True,,733.565,0.9884,4567,733.603,1968.033,1930,2005,696,771,733.5,bright,True,,1976.7401,2009.2853,1993.0127
7-87,images/7-87.jpg,7,87,,Common,True,True,,733.565,0.9884,4567,733.603,1968.033,1930,2005,696,771,733.5,bright,True,,1976.6501,2009.2456,1992.9478
7-88,images/7-88.jpg,7,88,,Uncommon,True,True,,733.515,0.9974,5354,733.5,1968.191,1928,2008,695,772,733.5,bright,True,,1976.7191,2009.2751,1992.9971
7-89,images/7-89.jpg,7,89,,Common,True,True,,733.565,0.9884,4567,733.603,1968.033,1930,2005,696,771,733.5,bright,True,,1976.7461,2009.2625,1993.0043
7-9,images/7-9.jpg,7,9,,Rare,True,True,,733.605,0.9932,4130,733.743,1980.145,1929,2007,686,782,734.0,bright,True,,1976.7472,2009.2474,1992.9973
7-90,images/7-90.jpg,7,90,,Common,True,True,,733.565,0.9884,4567,733.603,1968.033,1930,2005,696,771,733.5,bright,True,,1976.7426,2009.2614,1993.002
7-91,images/7-91.jpg,7,91,,Common,True,True,,733.565,0.9884,4567,733.603,1968.033,1930,2005,696,771,733.5,bright,True,,1976.7348,2009.2881,1993.0115
7-92,images/7-92.jpg,7,92,,Rare,True,True,,733.654,0.9918,4243,733.741,1979.765,1928,2007,686,782,734.0,bright,True,,1976.7542,2009.3538,1993.054
7-93,images/7-93.jpg,7,93,,Rare,True,True,,733.654,0.9918,4243,733.741,1979.765,1928,2007,686,782,734.0,bright,True,,1976.7467,2009.2584,1993.0026
7-94,images/7-94.jpg,7,94,,Rare,True,True,,733.654,0.9918,4243,733.741,1979.765,1928,2007,686,782,734.0,bright,True,,1976.8051,2009.2154,1993.0103
7-95,images/7-95.jpg,7,95,,Super Rare,True,True,,733.474,0.9938,3530,733.516,1967.021,1928,2007,693,774,733.5,bright,True,,1976.6749,2009.2608,1992.9679
7-96,images/7-96.jpg,7,96,,Super Rare,True,True,,733.474,0.9938,3530,733.516,1967.021,1928,2007,693,774,733.5,bright,True,,1976.7853,2009.2483,1993.0168
7-97,images/7-97.jpg,7,97,,Uncommon,True,True,,733.515,0.9974,5354,733.5,1968.191,1928,2008,695,772,733.5,bright,True,,1976.6548,2009.2402,1992.9475
7-98,images/7-98.jpg,7,98,,Rare,True,True,,733.654,0.9918,4243,733.741,1979.765,1928,2007,686,782,734.0,bright,True,,1976.7476,2009.2633,1993.0055
7-99,images/7-99.jpg,7,99,,Common,True,True,,733.565,0.9884,4567,733.603,1968.033,1930,2005,696,771,733.5,bright,True,,1976.7921,2009.2231,1993.0076
8-1,images/8-1.jpg,8,1,,Uncommon,True,True,,733.505,0.9991,5279,733.48,1968.192,1928,2008,695,772,733.5,bright,True,,1976.9624,2009.2716,1993.117
8-10,images/8-10.jpg,8,10,,Common,True,True,,733.574,0.9851,4493,733.637,1968.051,1930,2005,696,771,733.5,bright,True,,1976.9655,2009.2566,1993.111
8-100,images/8-100.jpg,8,100,,Legendary,True,True,,733.56,0.9924,5526,733.512,1969.544,1923,2008,689,779,734.0,bright,True,,1976.9705,2009.2362,1993.1033
8-101,images/8-101.jpg,8,101,,Legendary,True,True,,733.538,0.9364,58471,740.334,1949.84,1856,2031,554,913,733.5,bright,True,,1976.941,2009.2706,1993.1058
8-102,images/8-102.jpg,8,102,,Super Rare,True,True,,733.627,0.9913,3454,733.735,1966.891,1929,2007,694,774,734.0,bright,True,,1977.0158,2009.332,1993.1739
8-103,images/8-103.jpg,8,103,,Uncommon,True,True,,733.505,0.9991,5279,733.48,1968.192,1928,2008,695,772,733.5,bright,True,,1976.986,2009.2318,1993.1089
8-104,images/8-104.jpg,8,104,,Rare,True,True,,733.605,0.9932,4130,733.743,1980.145,1929,2007,686,782,734.0,bright,True,,1977.201,2009.1409,1993.1709
8-105,images/8-105.jpg,8,105,,Super Rare,True,True,,733.627,0.9913,3454,733.735,1966.891,1929,2007,694,774,734.0,bright,True,,1976.8432,2009.228,1993.0356
8-106,images/8-106.jpg,8,106,,Uncommon,True,True,,733.505,0.9991,5279,733.48,1968.192,1928,2008,695,772,733.5,bright,True,,1977.0647,2009.2466,1993.1557
8-107,images/8-107.jpg,8,107,,Super Rare,True,True,,733.627,0.9913,3454,733.735,1966.891,1929,2007,694,774,734.0,bright,True,,1976.8053,2009.2106,1993.0079
8-108,images/8-108.jpg,8,108,,Uncommon,True,True,,733.505,0.9991,5279,733.48,1968.192,1928,2008,695,772,733.5,bright,True,,1976.9831,2009.2317,1993.1074
8-109,images/8-109.jpg,8,109,,Rare,True,True,,733.605,0.9932,4130,733.743,1980.145,1929,2007,686,782,734.0,bright,True,,1976.9494,2009.2406,1993.095
8-11,images/8-11.jpg,8,11,,Rare,True,True,,733.605,0.9932,4130,733.743,1980.145,1929,2007,686,782,734.0,bright,True,,1976.9441,2009.2862,1993.1151
8-110,images/8-110.jpg,8,110,,Super Rare,True,True,,733.627,0.9913,3454,733.735,1966.891,1929,2007,694,774,734.0,bright,True,,1976.9399,2009.2749,1993.1074
8-111,images/8-111.jpg,8,111,,Rare,True,True,,733.605,0.9932,4130,733.743,1980.145,1929,2007,686,782,734.0,bright,True,,1976.9289,2009.2883,1993.1086
8-112,images/8-112.jpg,8,112,,Common,True,True,,733.574,0.9851,4493,733.637,1968.051,1930,2005,696,771,733.5,bright,True,,1976.9596,2009.3787,1993.1692
8-113,images/8-113.jpg,8,113,,Rare,True,True,,733.605,0.9932,4130,733.743,1980.145,1929,2007,686,782,734.0,bright,True,,1976.9369,2009.2882,1993.1126
8-114,images/8-114.jpg,8,114,,Common,True,True,,733.574,0.9851,4493,733.637,1968.051,1930,2005,696,771,733.5,bright,True,,1977.2042,2009.1672,1993.1857
8-115,images/8-115.jpg,8,115,,Uncommon,True,True,,733.505,0.9991,5279,733.48,1968.192,1928,2008,695,772,733.5,bright,True,,1976.7928,2009.2869,1993.0398
8-116,images/8-116.jpg,8,116,,Rare,True,True,,733.605,0.9932,4130,733.743,1980.145,1929,2007,686,782,734.0,bright,True,,1977.0468,2009.2684,1993.1576
8-117,images/8-117.jpg,8,117,,Uncommon,True,True,,733.505,0.9991,5279,733.48,1968.192,1928,2008,695,772,733.5,bright,True,,1976.7703,2009.2595,1993.0149
8-118,images/8-118.jpg,8,118,,Uncommon,True,True,,733.505,0.9991,5279,733.48,1968.192,1928,2008,695,772,733.5,bright,True,,1976.9577,2009.2671,1993.1124
8-119,images/8-119.jpg,8,119,,Common,True,True,,733.574,0.9851,4493,733.637,1968.051,1930,2005,696,771,733.5,bright,True,,1976.9317,2009.272,1993.1019
8-12,images/8-12.jpg,8,12,,Common,True,True,,733.574,0.9851,4493,733.637,1968.051,1930,2005,696,771,733.5,bright,True,,1976.9715,2009.3727,1993.1721
8-120,images/8-120.jpg,8,120,,Uncommon,True,True,,733.505,0.9991,5279,733.48,1968.192,1928,2008,695,772,733.5,bright,True,,1977.0251,2009.3306,1993.1779
8-121,images/8-121.jpg,8,121,,Common,True,True,,733.574,0.9851,4493,733.637,1968.051,1930,2005,696,771,733.5,bright,True,,1976.9556,2009.3763,1993.166
8-122,images/8-122.jpg,8,122,,Uncommon,True,True,,733.505,0.9991,5279,733.48,1968.192,1928,2008,695,772,733.5,bright,True,,1977.0709,2009.3995,1993.2352
8-123,images/8-123.jpg,8,123,,Rare,True,True,,733.605,0.9932,4130,733.743,1980.145,1929,2007,686,782,734.0,bright,True,,1977.0291,2009.3281,1993.1786
8-124,images/8-124.jpg,8,124,,Common,True,True,,733.574,0.9851,4493,733.637,1968.051,1930,2005,696,771,733.5,bright,True,,1977.1321,2009.2962,1993.2142
8-125,images/8-125.jpg,8,125,,Common,True,True,,733.574,0.9851,4493,733.637,1968.051,1930,2005,696,771,733.5,bright,True,,1976.8589,2009.3285,1993.0937
8-126,images/8-126.jpg,8,126,,Common,True,True,,733.574,0.9851,4493,733.637,1968.051,1930,2005,696,771,733.5,bright,True,,1977.1348,2009.3359,1993.2353
8-127,images/8-127.jpg,8,127,,Common,True,True,,733.574,0.9851,4493,733.637,1968.051,1930,2005,696,771,733.5,bright,True,,1976.8131,2009.3295,1993.0713
8-128,images/8-128.jpg,8,128,,Common,True,True,,733.574,0.9851,4493,733.637,1968.051,1930,2005,696,771,733.5,bright,True,,1977.0495,2009.324,1993.1867
8-129,images/8-129.jpg,8,129,,Common,True,True,,733.574,0.9851,4493,733.637,1968.051,1930,2005,696,771,733.5,bright,True,,1976.9566,2009.3569,1993.1567
8-13,images/8-13.jpg,8,13,,Common,True,True,,733.574,0.9851,4493,733.637,1968.051,1930,2005,696,771,733.5,bright,True,,1976.9426,2009.2776,1993.1101
8-130,images/8-130.jpg,8,130,,Common,True,True,,733.574,0.9851,4493,733.637,1968.051,1930,2005,696,771,733.5,bright,True,,1976.9863,2009.23,1993.1081
8-131,images/8-131.jpg,8,131,,Common,True,True,,733.574,0.9851,4493,733.637,1968.051,1930,2005,696,771,733.5,bright,True,,1976.9325,2009.2876,1993.11
8-132,images/8-132.jpg,8,132,,Common,True,True,,733.574,0.9851,4493,733.637,1968.051,1930,2005,696,771,733.5,bright,True,,1977.0163,2009.3283,1993.1723
8-133,images/8-133.jpg,8,133,,Uncommon,True,True,,733.505,0.9991,5279,733.48,1968.192,1928,2008,695,772,733.5,bright,True,,1976.9842,2009.2388,1993.1115
8-134,images/8-134.jpg,8,134,,Uncommon,True,True,,733.505,0.9991,5279,733.48,1968.192,1928,2008,695,772,733.5,bright,True,,1977.1308,2009.1813,1993.156
8-135,images/8-135.jpg,8,135,,Rare,True,True,,733.605,0.9932,4130,733.743,1980.145,1929,2007,686,782,734.0,bright,True,,1976.8437,2009.2395,1993.0416
8-136,images/8-136.jpg,8,136,,Legendary,True,True,,733.56,0.9924,5526,733.512,1969.544,1923,2008,689,779,734.0,bright,True,,1977.0886,2009.237,1993.1628
8-137,images/8-137.jpg,8,137,,Legendary,True,True,,733.56,0.9924,5526,733.512,1969.544,1923,2008,689,779,734.0,bright,True,,1976.8085,2009.2192,1993.0139
8-138,images/8-138.jpg,8,138,,Uncommon,True,True,,733.505,0.9991,5279,733.48,1968.192,1928,2008,695,772,733.5,bright,True,,1977.0045,2009.2305,1993.1175
8-139,images/8-139.jpg,8,139,,Super Rare,True,True,,733.627,0.9913,3454,733.735,1966.891,1929,2007,694,774,734.0,bright,True,,1976.9565,2009.2414,1993.0989
8-14,images/8-14.jpg,8,14,,Common,True,True,,733.574,0.9851,4493,733.637,1968.051,1930,2005,696,771,733.5,bright,True,,1977.2705,2009.1453,1993.2079
8-140,images/8-140.jpg,8,140,,Uncommon,True,True,,733.505,0.9991,5279,733.48,1968.192,1928,2008,695,772,733.5,bright,True,,1977.1893,2009.1458,1993.1675
8-141,images/8-141.jpg,8,141,,Super Rare,True,True,,733.627,0.9913,3454,733.735,1966.891,1929,2007,694,774,734.0,bright,True,,1977.2087,2009.1666,1993.1876
8-142,images/8-142.jpg,8,142,,Rare,True,True,,733.605,0.9932,4130,733.743,1980.145,1929,2007,686,782,734.0,bright,True,,1977.1278,2009.3026,1993.2152
8-143,images/8-143.jpg,8,143,,Common,True,True,,733.574,0.9851,4493,733.637,1968.051,1930,2005,696,771,733.5,bright,True,,1977.1397,2009.1841,1993.1619
8-144,images/8-144.jpg,8,144,,Common,True,True,,733.574,0.9851,4493,733.637,1968.051,1930,2005,696,771,733.5,bright,True,,1977.5302,2009.0577,1993.2939
8-145,images/8-145.jpg,8,145,,Rare,True,True,,733.605,0.9932,4130,733.743,1980.145,1929,2007,686,782,734.0,bright,True,,1976.9166,2009.1787,1993.0477
8-146,images/8-146.jpg,8,146,,Rare,True,True,,733.605,0.9932,4130,733.743,1980.145,1929,2007,686,782,734.0,bright,True,,1977.3907,2009.1462,1993.2684
8-147,images/8-147.jpg,8,147,,Rare,True,True,,733.605,0.9932,4130,733.743,1980.145,1929,2007,686,782,734.0,bright,True,,1976.876,2009.1636,1993.0198
8-148,images/8-148.jpg,8,148,,Uncommon,True,True,,733.505,0.9991,5279,733.48,1968.192,1928,2008,695,772,733.5,bright,True,,1977.1991,2009.153,1993.1761
8-149,images/8-149.jpg,8,149,,Uncommon,True,True,,733.505,0.9991,5279,733.48,1968.192,1928,2008,695,772,733.5,bright,True,,1977.1458,2009.1591,1993.1525
8-15,images/8-15.jpg,8,15,,Common,True,True,,733.574,0.9851,4493,733.637,1968.051,1930,2005,696,771,733.5,bright,True,,1976.7978,2009.2704,1993.0341
8-150,images/8-150.jpg,8,150,,Uncommon,True,True,,733.505,0.9991,5279,733.48,1968.192,1928,2008,695,772,733.5,bright,True,,1976.8467,2009.2246,1993.0357
8-151,images/8-151.jpg,8,151,,Rare,True,True,,733.605,0.9932,4130,733.743,1980.145,1929,2007,686,782,734.0,bright,True,,1976.7936,2009.287,1993.0403
8-152,images/8-152.jpg,8,152,,Rare,True,True,,733.605,0.9932,4130,733.743,1980.145,1929,2007,686,782,734.0,bright,True,,1976.8658,2009.3253,1993.0955
8-153,images/8-153.jpg,8,153,,Common,True,True,,733.574,0.9851,4493,733.637,1968.051,1930,2005,696,771,733.5,bright,True,,1976.8437,2009.2353,1993.0395
8-154,images/8-154.jpg,8,154,,Uncommon,True,True,,733.505,0.9991,5279,733.48,1968.192,1928,2008,695,772,733.5,bright,True,,1976.9131,2009.1777,1993.0454
8-155,images/8-155.jpg,8,155,,Common,True,True,,733.574,0.9851,4493,733.637,1968.051,1930,2005,696,771,733.5,bright,True,,1976.7365,2009.235,1992.9858
8-156,images/8-156.jpg,8,156,,Common,True,True,,733.574,0.9851,4493,733.637,1968.051,1930,2005,696,771,733.5,bright,True,,1976.8925,2009.2339,1993.0632
8-157,images/8-157.jpg,8,157,,Common,True,True,,733.574,0.9851,4493,733.637,1968.051,1930,2005,696,771,733.5,bright,True,,1976.7208,2009.2078,1992.9643
8-158,images/8-158.jpg,8,158,,Common,True,True,,733.574,0.9851,4493,733.637,1968.051,1930,2005,696,771,733.5,bright,True,,1976.8635,2009.221,1993.0422
8-159,images/8-159.jpg,8,159,,Common,True,True,,733.574,0.9851,4493,733.637,1968.051,1930,2005,696,771,733.5,bright,True,,1976.8283,2009.2293,1993.0288
8-16,images/8-16.jpg,8,16,,Common,True,True,,733.574,0.9851,4493,733.637,1968.051,1930,2005,696,771,733.5,bright,True,,1977.1233,2009.2516,1993.1875
8-160,images/8-160.jpg,8,160,,Common,True,True,,733.574,0.9851,4493,733.637,1968.051,1930,2005,696,771,733.5,bright,True,,1977.0765,2009.2496,1993.163
8-161,images/8-161.jpg,8,161,,Common,True,True,,733.574,0.9851,4493,733.637,1968.051,1930,2005,696,771,733.5,bright,True,,1977.0672,2009.2682,1993.1677
8-162,images/8-162.jpg,8,162,,Common,True,True,,733.574,0.9851,4493,733.637,1968.051,1930,2005,696,771,733.5,bright,True,,1977.141,2009.3378,1993.2394
8-163,images/8-163.jpg,8,163,,Common,True,True,,733.574,0.9851,4493,733.637,1968.051,1930,2005,696,771,733.5,bright,True,,1977.0926,2009.2436,1993.1681
8-164,images/8-164.jpg,8,164,,Common,True,True,,733.574,0.9851,4493,733.637,1968.051,1930,2005,696,771,733.5,bright,True,,1977.3938,2009.1488,1993.2713
8-165,images/8-165.jpg,8,165,,Rare,True,True,,733.605,0.9932,4130,733.743,1980.145,1929,2007,686,782,734.0,bright,True,,1976.8913,2009.2421,1993.0667
8-166,images/8-166.jpg,8,166,,Legendary,True,True,,733.56,0.9924,5526,733.512,1969.544,1923,2008,689,779,734.0,bright,True,,1977.2535,2009.2401,1993.2468
8-167,images/8-167.jpg,8,167,,Legendary,True,True,,733.56,0.9924,5526,733.512,1969.544,1923,2008,689,779,734.0,bright,True,,1976.8146,2009.2671,1993.0408
8-168,images/8-168.jpg,8,168,,Uncommon,True,True,,733.505,0.9991,5279,733.48,1968.192,1928,2008,695,772,733.5,bright,True,,1977.1265,2009.2339,1993.1802
8-169,images/8-169.jpg,8,169,,Uncommon,True,True,,733.505,0.9991,5279,733.48,1968.192,1928,2008,695,772,733.5,bright,True,,1977.0335,2009.249,1993.1413
8-17,images/8-17.jpg,8,17,,Rare,True,True,,733.605,0.9932,4130,733.743,1980.145,1929,2007,686,782,734.0,bright,True,,1976.7611,2009.2666,1993.0138
8-170,images/8-170.jpg,8,170,,Rare,True,True,,733.605,0.9932,4130,733.743,1980.145,1929,2007,686,782,734.0,bright,True,,1976.8135,2009.2139,1993.0137
8-171,images/8-171.jpg,8,171,,Super Rare,True,True,,733.627,0.9913,3454,733.735,1966.891,1929,2007,694,774,734.0,bright,True,,1976.7703,2009.2657,1993.018
8-172,images/8-172.jpg,8,172,,Uncommon,True,True,,733.505,0.9991,5279,733.48,1968.192,1928,2008,695,772,733.5,bright,True,,1976.8069,2009.3398,1993.0734
8-173,images/8-173.jpg,8,173,,Uncommon,True,True,,733.505,0.9991,5279,733.48,1968.192,1928,2008,695,772,733.5,bright,True,,1976.8094,2009.2189,1993.0141
8-174,images/8-174.jpg,8,174,,Rare,True,True,,733.605,0.9932,4130,733.743,1980.145,1929,2007,686,782,734.0,bright,True,,1976.8732,2009.1641,1993.0186
8-175,images/8-175.jpg,8,175,,Rare,True,True,,733.605,0.9932,4128,733.743,1980.156,1929,2007,686,782,734.0,bright,True,,1976.7204,2009.2066,1992.9635
8-176,images/8-176.jpg,8,176,,Uncommon,True,True,,733.505,0.9991,5279,733.48,1968.192,1928,2008,695,772,733.5,bright,True,,1976.8069,2009.2685,1993.0377
8-177,images/8-177.jpg,8,177,,Super Rare,True,True,,733.627,0.9913,3454,733.735,1966.891,1929,2007,694,774,734.0,bright,True,,1976.7075,2009.1874,1992.9474
8-178,images/8-178.jpg,8,178,,Common,True,True,,733.574,0.9851,4493,733.637,1968.051,1930,2005,696,771,733.5,bright,True,,1976.8146,2009.2175,1993.016
8-179,images/8-179.jpg,8,179,,Rare,True,True,,733.605,0.9932,4130,733.743,1980.145,1929,2007,686,782,734.0,bright,True,,1976.8038,2009.2113,1993.0075
8-18,images/8-18.jpg,8,18,,Legendary,True,True,,733.56,0.9924,5526,733.512,1969.544,1923,2008,689,779,734.0,bright,True,,1976.9788,2009.2564,1993.1176
8-180,images/8-180.jpg,8,180,,Rare,True,True,,733.605,0.9932,4130,733.743,1980.145,1929,2007,686,782,734.0,bright,True,,1976.9859,2009.2343,1993.1101
8-181,images/8-181.jpg,8,181,,Uncommon,True,True,,733.505,0.9991,5279,733.48,1968.192,1928,2008,695,772,733.5,bright,True,,1976.9546,2009.2668,1993.1107
8-182,images/8-182.jpg,8,182,,Common,True,True,,733.574,0.9851,4493,733.637,1968.051,1930,2005,696,771,733.5,bright,True,,1977.0427,2009.3281,1993.1854
8-183,images/8-183.jpg,8,183,,Common,True,True,,733.574,0.9851,4493,733.637,1968.051,1930,2005,696,771,733.5,bright,True,,1977.0031,2009.2341,1993.1186
8-184,images/8-184.jpg,8,184,,Common,True,True,,733.574,0.9851,4493,733.637,1968.051,1930,2005,696,771,733.5,bright,True,,1977.202,2009.1521,1993.177
8-185,images/8-185.jpg,8,185,,Common,True,True,,733.574,0.9851,4493,733.637,1968.051,1930,2005,696,771,733.5,bright,True,,1976.8562,2009.2287,1993.0424
8-186,images/8-186.jpg,8,186,,Common,True,True,,733.574,0.9851,4493,733.637,1968.051,1930,2005,696,771,733.5,bright,True,,1977.1214,2009.2295,1993.1755
8-187,images/8-187.jpg,8,187,,Common,True,True,,733.574,0.9851,4493,733.637,1968.051,1930,2005,696,771,733.5,bright,True,,1976.8158,2009.2178,1993.0168
8-188,images/8-188.jpg,8,188,,Common,True,True,,733.574,0.9851,4493,733.637,1968.051,1930,2005,696,771,733.5,bright,True,,1977.0017,2009.2308,1993.1163
8-189,images/8-189.jpg,8,189,,Common,True,True,,733.574,0.9851,4493,733.637,1968.051,1930,2005,696,771,733.5,bright,True,,1976.9844,2009.227,1993.1057
8-19,images/8-19.jpg,8,19,,Uncommon,True,True,,733.505,0.9991,5279,733.48,1968.192,1928,2008,695,772,733.5,bright,True,,1976.9453,2009.26,1993.1026
8-190,images/8-190.jpg,8,190,,Common,True,True,,733.574,0.9851,4493,733.637,1968.051,1930,2005,696,771,733.5,bright,True,,1976.9507,2009.237,1993.0938
8-191,images/8-191.jpg,8,191,,Common,True,True,,733.574,0.9851,4493,733.637,1968.051,1930,2005,696,771,733.5,bright,True,,1976.9331,2009.2679,1993.1005
8-192,images/8-192.jpg,8,192,,Uncommon,True,True,,733.505,0.9991,5279,733.48,1968.192,1928,2008,695,772,733.5,bright,True,,1976.9479,2009.3561,1993.152
8-193,images/8-193.jpg,8,193,,Common,True,True,,733.574,0.9851,4493,733.637,1968.051,1930,2005,696,771,733.5,bright,True,,1976.9496,2009.2471,1993.0983
8-194,images/8-194.jpg,8,194,,Rare,True,True,,733.605,0.9932,4130,733.743,1980.145,1929,2007,686,782,734.0,bright,True,,1977.1323,2009.1594,1993.1459
8-195,images/8-195.jpg,8,195,,Rare,True,True,,733.605,0.9932,4130,733.743,1980.145,1929,2007,686,782,734.0,bright,True,,1976.8273,2009.2326,1993.03
8-196,images/8-196.jpg,8,196,,Rare,True,True,,733.605,0.9932,4130,733.743,1980.145,1929,2007,686,782,734.0,bright,True,,1977.0238,2009.2444,1993.1341
8-197,images/8-197.jpg,8,197,,Rare,True,True,,733.605,0.9932,4130,733.743,1980.145,1929,2007,686,782,734.0,bright,True,,1976.8008,2009.204,1993.0024
8-198,images/8-198.jpg,8,198,,Legendary,True,True,,733.56,0.9924,5526,733.512,1969.544,1923,2008,689,779,734.0,bright,True,,1976.973,2009.234,1993.1035
8-199,images/8-199.jpg,8,199,,Legendary,True,True,,733.56,0.9924,5526,733.512,1969.544,1923,2008,689,779,734.0,bright,True,,1977.0002,2009.185,1993.0926
8-2,images/8-2.jpg,8,2,,Common,True,True,,733.574,0.9851,4493,733.637,1968.051,1930,2005,696,771,733.5,bright,True,,1976.9953,2009.3693,1993.1823
8-20,images/8-20.jpg,8,20,,Super Rare,True,True,,733.627,0.9913,3454,733.735,1966.891,1929,2007,694,774,734.0,bright,True,,1977.043,2009.3233,1993.1832
8-200,images/8-200.jpg,8,200,,Rare,True,True,,733.605,0.9932,4130,733.743,1980.145,1929,2007,686,782,734.0,bright,True,,1977.0958,2009.2837,1993.1897
8-201,images/8-201.jpg,8,201,,Rare,True,True,,733.605,0.9932,4130,733.743,1980.145,1929,2007,686,782,734.0,bright,True,,1977.0274,2009.3308,1993.1791
8-202,images/8-202.jpg,8,202,,Uncommon,True,True,,733.505,0.9991,5279,733.48,1968.192,1928,2008,695,772,733.5,bright,True,,1977.126,2009.3619,1993.244
8-203,images/8-203.jpg,8,203,,Uncommon,True,True,,733.505,0.9991,5279,733.48,1968.192,1928,2008,695,772,733.5,bright,True,,1977.0842,2009.2923,1993.1882
8-204,images/8-204.jpg,8,204,,Common,True,True,,733.574,0.9851,4493,733.637,1968.051,1930,2005,696,771,733.5,bright,True,,1977.114,2009.2924,1993.2032
8-205,images/8-205.jpg,8,205,,Enchanted,False,True,,733.5,1.0,63360,733.5,1943.5,1856,2031,554,913,733.5,bright,True,,1977.0753,2009.2528,1993.1641
8-206,images/8-206.jpg,8,206,,Enchanted,False,True,,733.5,0.9996,57006,733.531,1952.31,1871,2031,554,913,733.5,bright,True,,1977.3517,2009.2615,1993.3066
8-207,images/8-207.jpg,8,207,,Enchanted,False,True,,733.5,1.0,63360,733.5,1943.5,1856,2031,554,913,733.5,bright,True,,1976.8648,2009.3067,1993.0857
8-208,images/8-208.jpg,8,208,,Enchanted,False,True,,686.25,0.6969,13015,700.795,1989.816,1924,2031,593,816,704.5,dark,True,,1977.1549,2009.2642,1993.2095
8-209,images/8-209.jpg,8,209,,Enchanted,False,True,,733.524,0.9908,5523,733.513,1968.638,1924,2014,694,773,733.5,bright,True,,1977.0604,2009.3074,1993.1839
8-21,images/8-21.jpg,8,21,,Uncommon,True,True,,733.505,0.9991,5279,733.48,1968.192,1928,2008,695,772,733.5,bright,True,,1976.9748,2009.3734,1993.1741
8-210,images/8-210.jpg,8,210,,Enchanted,False,True,,733.5,1.0,63360,733.5,1943.5,1856,2031,554,913,733.5,bright,True,,1976.9825,2009.2978,1993.1401
8-211,images/8-211.jpg,8,211,,Enchanted,False,True,,733.236,0.845,12338,738.785,1959.582,1913,2012,585,897,741.0,dark,True,,1977.039,2009.3488,1993.1939
8-212,images/8-212.jpg,8,212,,Enchanted,False,True,,705.5,0.7596,7928,718.438,1891.78,1872,1911,554,842,698.0,bright,True,,1977.0771,2009.403,1993.2401
8-213,images/8-213.jpg,8,213,,Enchanted,False,True,,733.526,0.9967,54422,733.735,1955.523,1863,2031,554,913,733.5,bright,True,,1977.1639,2009.3271,1993.2455
8-214,images/8-214.jpg,8,214,,Enchanted,False,True,,734.25,0.7656,8801,722.801,1886.768,1856,1911,592,848,720.0,bright,True,,1977.2994,2009.2684,1993.2839
8-215,images/8-215.jpg,8,215,,Enchanted,False,True,,743.917,0.6726,10726,773.046,1883.856,1856,1912,621,913,767.0,bright,True,,1976.888,2009.3026,1993.0953
8-216,images/8-216.jpg,8,216,,Enchanted,False,True,,733.53,0.9948,53315,733.793,1956.729,1871,2031,554,913,733.5,bright,True,,1977.1891,2009.3219,1993.2555
8-217,images/8-217.jpg,8,217,,Enchanted,False,True,,667.938,0.6855,14214,679.052,1981.648,1924,2031,563,817,690.0,bright,True,,1976.8014,2009.3612,1993.0813
8-218,images/8-218.jpg,8,218,,Enchanted,False,True,,725.75,0.8751,7115,722.055,1890.775,1871,1911,609,831,720.0,bright,True,,1977.1405,2009.3121,1993.2263
8-219,images/8-219.jpg,8,219,,Enchanted,False,True,,733.5,1.0,63360,733.5,1943.5,1856,2031,554,913,733.5,bright,True,,1977.0028,2009.3539,1993.1783
8-22,images/8-22.jpg,8,22,,Super Rare,True,True,,733.627,0.9913,3454,733.735,1966.891,1929,2007,694,774,734.0,bright,True,,1977.1154,2009.3969,1993.2562
8-220,images/8-220.jpg,8,220,,Enchanted,False,True,,733.56,0.9282,59114,741.699,1948.707,1856,2031,554,913,733.5,bright,True,,1977.2468,2009.3485,1993.2977
8-221,images/8-221.jpg,8,221,,Enchanted,False,False,no-symmetry-peak,,0.741,7687,708.205,1891.02,1867,1917,554,831,692.5,bright,True,,1977.1605,2009.3727,1993.2666
8-222,images/8-222.jpg,8,222,,Enchanted,False,True,,733.447,0.8126,6813,725.741,1974.739,1924,2031,637,773,705.0,bright,True,,1977.2064,2009.4302,1993.3183
8-223,images/8-223.jpg,8,223,,Legendary,True,True,,733.56,0.9924,5526,733.512,1969.544,1923,2008,689,779,734.0,bright,True,,1977.1413,2009.363,1993.2521
8-224,images/8-224.jpg,8,224,,Legendary,True,True,,733.56,0.9924,5526,733.512,1969.544,1923,2008,689,779,734.0,bright,True,,1977.0753,2009.3963,1993.2358
8-23,images/8-23.jpg,8,23,,Uncommon,True,True,,733.505,0.9991,5279,733.48,1968.192,1928,2008,695,772,733.5,bright,True,,1977.0836,2009.318,1993.2008
8-24,images/8-24.jpg,8,24,,Super Rare,True,True,,733.627,0.9913,3454,733.735,1966.891,1929,2007,694,774,734.0,bright,True,,1977.1946,2009.2855,1993.24
8-25,images/8-25.jpg,8,25,,Uncommon,True,True,,733.505,0.9991,5279,733.48,1968.192,1928,2008,695,772,733.5,bright,True,,1976.8889,2009.3169,1993.1029
8-26,images/8-26.jpg,8,26,,Uncommon,True,True,,733.505,0.9991,5279,733.48,1968.192,1928,2008,695,772,733.5,bright,True,,1977.1845,2009.3252,1993.2549
8-27,images/8-27.jpg,8,27,,Super Rare,True,True,,733.627,0.9913,3454,733.735,1966.891,1929,2007,694,774,734.0,bright,True,,1976.8082,2009.3324,1993.0703
8-27-P2,images/8-27-P2.jpg,8,27,P2,Special,True,True,,724.042,0.8799,5297,727.453,1967.559,1925,2011,689,778,733.5,bright,True,,1976.7579,2009.3058,1993.0318
8-28,images/8-28.jpg,8,28,,Uncommon,True,True,,733.505,0.9991,5279,733.48,1968.192,1928,2008,695,772,733.5,bright,True,,1977.0678,2009.3189,1993.1934
8-28-P2,images/8-28-P2.jpg,8,28,P2,Special,True,True,,733.712,0.9467,7886,733.766,1967.567,1919,2016,686,782,734.0,bright,True,,1976.9011,2009.3334,1993.1172
8-29,images/8-29.jpg,8,29,,Rare,True,True,,733.605,0.9932,4130,733.743,1980.145,1929,2007,686,782,734.0,bright,True,,1976.9708,2009.3563,1993.1635
8-29-P2,images/8-29-P2.jpg,8,29,P2,Special,True,True,,733.868,0.9473,7892,733.802,1967.563,1919,2016,686,782,734.0,bright,True,,1976.8813,2009.3306,1993.1059
8-3,images/8-3.jpg,8,3,,Uncommon,True,True,,733.505,0.9991,5279,733.48,1968.192,1928,2008,695,772,733.5,bright,True,,1976.9686,2009.2612,1993.1149
8-3-C2,images/8-3-C2.jpg,8,3,C2,Special,False,True,,732.985,0.9288,15820,730.615,1975.545,1918,2031,589,878,733.5,dark,True,,1976.9831,2009.221,1993.102
8-30,images/8-30.jpg,8,30,,Super Rare,True,True,,733.627,0.9913,3454,733.735,1966.891,1929,2007,694,774,734.0,bright,True,,1977.0094,2009.2196,1993.1145
8-30-P2,images/8-30-P2.jpg,8,30,P2,Special,True,True,,733.868,0.9472,7891,733.802,1967.569,1919,2016,686,782,734.0,bright,True,,1976.8838,2009.2087,1993.0462
8-31,images/8-31.jpg,8,31,,Common,True,True,,733.574,0.9851,4493,733.637,1968.051,1930,2005,696,771,733.5,bright,True,,1976.9484,2009.2795,1993.1139
8-31-P2,images/8-31-P2.jpg,8,31,P2,Special,True,True,,733.868,0.9473,7892,733.802,1967.563,1919,2016,686,782,734.0,bright,True,,1976.8459,2009.2686,1993.0573
8-32,images/8-32.jpg,8,32,,Common,True,True,,733.574,0.9851,4493,733.637,1968.051,1930,2005,696,771,733.5,bright,True,,1977.0757,2009.32,1993.1978
8-32-P2,images/8-32-P2.jpg,8,32,P2,Special,True,True,,733.868,0.947,7890,733.8,1967.575,1919,2016,686,782,734.0,bright,True,,1976.8817,2009.3416,1993.1117
8-33,images/8-33.jpg,8,33,,Rare,True,True,,733.605,0.9932,4130,733.743,1980.145,1929,2007,686,782,734.0,bright,True,,1977.0194,2009.2258,1993.1226
8-33-P2,images/8-33-P2.jpg,8,33,P2,Special,False,False,no-symmetry-peak,,0.3265,12773,712.225,1927.884,1856,2014,635,854,744.5,bright,True,,1977.0872,2009.235,1993.1611
8-34,images/8-34.jpg,8,34,,Uncommon,True,True,,733.505,0.9991,5279,733.48,1968.192,1928,2008,695,772,733.5,bright,True,,1977.1895,2009.157,1993.1732
8-34-P2,images/8-34-P2.jpg,8,34,P2,Special,True,True,,724.042,0.8799,5297,727.453,1967.559,1925,2011,689,778,733.5,bright,True,,1976.8791,2009.2338,1993.0565
8-35,images/8-35.jpg,8,35,,Rare,True,True,,733.605,0.9932,4130,733.743,1980.145,1929,2007,686,782,734.0,bright,True,,1976.8515,2009.2221,1993.0368
8-35-P2,images/8-35-P2.jpg,8,35,P2,Special,True,True,,724.042,0.8799,5297,727.453,1967.559,1925,2011,689,778,733.5,bright,True,,1976.7653,2009.2104,1992.9879
8-36,images/8-36.jpg,8,36,,Common,True,True,,733.574,0.9851,4493,733.637,1968.051,1930,2005,696,771,733.5,bright,True,,1977.1341,2009.222,1993.178
8-37,images/8-37.jpg,8,37,,Super Rare,True,True,,733.627,0.9913,3454,733.735,1966.891,1929,2007,694,774,734.0,bright,True,,1976.8059,2009.2152,1993.0105
8-38,images/8-38.jpg,8,38,,Common,True,True,,733.574,0.9851,4493,733.637,1968.051,1930,2005,696,771,733.5,bright,True,,1977.0351,2009.2117,1993.1234
8-39,images/8-39.jpg,8,39,,Uncommon,True,True,,733.505,0.9991,5279,733.48,1968.192,1928,2008,695,772,733.5,bright,True,,1976.9673,2009.2357,1993.1015
8-4,images/8-4.jpg,8,4,,Legendary,True,True,,733.56,0.9924,5526,733.512,1969.544,1923,2008,689,779,734.0,bright,True,,1977.359,2009.1202,1993.2396
8-40,images/8-40.jpg,8,40,,Uncommon,True,True,,733.505,0.9991,5279,733.48,1968.192,1928,2008,695,772,733.5,bright,True,,1977.235,2009.1371,1993.1861
8-41,images/8-41.jpg,8,41,,Uncommon,True,True,,733.505,0.9991,5279,733.48,1968.192,1928,2008,695,772,733.5,bright,True,,1977.2847,2009.1404,1993.2126
8-42,images/8-42.jpg,8,42,,Rare,True,True,,733.605,0.9932,4130,733.743,1980.145,1929,2007,686,782,734.0,bright,True,,1977.1861,2009.2867,1993.2364
8-43,images/8-43.jpg,8,43,,Uncommon,True,True,,733.505,0.9991,5279,733.48,1968.192,1928,2008,695,772,733.5,bright,True,,1977.1878,2009.1585,1993.1731
8-44,images/8-44.jpg,8,44,,Uncommon,True,True,,733.505,0.9991,5279,733.48,1968.192,1928,2008,695,772,733.5,bright,True,,1977.646,2009.0082,1993.3271
8-45,images/8-45.jpg,8,45,,Common,True,True,,733.574,0.9851,4493,733.637,1968.051,1930,2005,696,771,733.5,bright,True,,1976.9345,2009.1522,1993.0433
8-46,images/8-46.jpg,8,46,,Uncommon,True,True,,733.505,0.9991,5279,733.48,1968.192,1928,2008,695,772,733.5,bright,True,,1977.4648,2009.121,1993.2929
8-47,images/8-47.jpg,8,47,,Uncommon,True,True,,733.505,0.9991,5279,733.48,1968.192,1928,2008,695,772,733.5,bright,True,,1976.8848,2009.1489,1993.0168
8-48,images/8-48.jpg,8,48,,Super Rare,True,True,,733.627,0.9913,3454,733.735,1966.891,1929,2007,694,774,734.0,bright,True,,1977.2649,2009.1144,1993.1896
8-49,images/8-49.jpg,8,49,,Uncommon,True,True,,733.505,0.9991,5279,733.48,1968.192,1928,2008,695,772,733.5,bright,True,,1977.186,2009.1331,1993.1595
8-5,images/8-5.jpg,8,5,,Rare,True,True,,733.605,0.9932,4130,733.743,1980.145,1929,2007,686,782,734.0,bright,True,,1976.8054,2009.2598,1993.0326
8-50,images/8-50.jpg,8,50,,Uncommon,True,True,,733.505,0.9991,5279,733.48,1968.192,1928,2008,695,772,733.5,bright,True,,1976.8503,2009.2167,1993.0335
8-51,images/8-51.jpg,8,51,,Common,True,True,,733.574,0.9851,4493,733.637,1968.051,1930,2005,696,771,733.5,bright,True,,1976.794,2009.2734,1993.0337
8-52,images/8-52.jpg,8,52,,Common,True,True,,733.574,0.9851,4493,733.637,1968.051,1930,2005,696,771,733.5,bright,True,,1976.8845,2009.3186,1993.1016
8-53,images/8-53.jpg,8,53,,Common,True,True,,733.574,0.9851,4493,733.637,1968.051,1930,2005,696,771,733.5,bright,True,,1976.8574,2009.218,1993.0377
8-54,images/8-54.jpg,8,54,,Common,True,True,,733.574,0.9851,4493,733.637,1968.051,1930,2005,696,771,733.5,bright,True,,1976.9358,2009.153,1993.0444
8-55,images/8-55.jpg,8,55,,Common,True,True,,733.574,0.9851,4493,733.637,1968.051,1930,2005,696,771,733.5,bright,True,,1976.7372,2009.2197,1992.9784
8-56,images/8-56.jpg,8,56,,Common,True,True,,733.574,0.9851,4493,733.637,1968.051,1930,2005,696,771,733.5,bright,True,,1976.9058,2009.2191,1993.0624
8-57,images/8-57.jpg,8,57,,Common,True,True,,733.574,0.9851,4493,733.637,1968.051,1930,2005,696,771,733.5,bright,True,,1976.7082,2009.2044,1992.9563
8-58,images/8-58.jpg,8,58,,Common,True,True,,733.574,0.9851,4493,733.637,1968.051,1930,2005,696,771,733.5,bright,True,,1976.8671,2009.2092,1993.0382
8-59,images/8-59.jpg,8,59,,Uncommon,True,True,,733.505,0.9991,5279,733.48,1968.192,1928,2008,695,772,733.5,bright,True,,1976.8156,2009.2335,1993.0246
8-6,images/8-6.jpg,8,6,,Rare,True,True,,733.605,0.9932,4130,733.743,1980.145,1929,2007,686,782,734.0,bright,True,,1977.1535,2009.2447,1993.1991
8-60,images/8-60.jpg,8,60,,Rare,True,True,,733.605,0.9932,4130,733.743,1980.145,1929,2007,686,782,734.0,bright,True,,1977.1353,2009.2123,1993.1738
8-61,images/8-61.jpg,8,61,,Legendary,True,True,,733.56,0.9924,5526,733.512,1969.544,1923,2008,689,779,734.0,bright,True,,1977.093,2009.2552,1993.1741
8-62,images/8-62.jpg,8,62,,Rare,True,True,,733.605,0.9932,4130,733.743,1980.145,1929,2007,686,782,734.0,bright,True,,1977.1868,2009.3233,1993.255
8-63,images/8-63.jpg,8,63,,Legendary,True,True,,733.551,0.9824,62263,736.298,1944.845,1856,2031,554,913,733.5,bright,True,,1977.1424,2009.2236,1993.183
8-64,images/8-64.jpg,8,64,,Rare,True,True,,733.605,0.9932,4130,733.743,1980.145,1929,2007,686,782,734.0,bright,True,,1977.4753,2009.1199,1993.2976
8-65,images/8-65.jpg,8,65,,Common,True,True,,733.574,0.9851,4493,733.637,1968.051,1930,2005,696,771,733.5,bright,True,,1976.9048,2009.2232,1993.064
8-66,images/8-66.jpg,8,66,,Uncommon,True,True,,733.505,0.9991,5279,733.48,1968.192,1928,2008,695,772,733.5,bright,True,,1977.2973,2009.223,1993.2601
8-67,images/8-67.jpg,8,67,,Rare,True,True,,733.605,0.9932,4130,733.743,1980.145,1929,2007,686,782,734.0,bright,True,,1976.8171,2009.2575,1993.0373
8-68,images/8-68.jpg,8,68,,Super Rare,True,True,,733.627,0.9913,3454,733.735,1966.891,1929,2007,694,774,734.0,bright,True,,1977.1709,2009.2155,1993.1932
8-69,images/8-69.jpg,8,69,,Uncommon,True,True,,733.505,0.9991,5279,733.48,1968.192,1928,2008,695,772,733.5,bright,True,,1977.0744,2009.2291,1993.1518
8-7,images/8-7.jpg,8,7,,Rare,True,True,,733.605,0.9932,4130,733.743,1980.145,1929,2007,686,782,734.0,bright,True,,1976.7558,2009.261,1993.0084
8-7-C2,images/8-7-C2.jpg,8,7,C2,Special,False,True,,732.985,0.9288,15820,730.615,1975.545,1918,2031,589,878,733.5,dark,True,,1976.7815,2009.2072,1992.9944
8-70,images/8-70.jpg,8,70,,Rare,True,True,,733.605,0.9932,4130,733.743,1980.145,1929,2007,686,782,734.0,bright,True,,1976.8064,2009.2163,1993.0113
8-71,images/8-71.jpg,8,71,,Uncommon,True,True,,733.505,0.9991,5279,733.48,1968.192,1928,2008,695,772,733.5,bright,True,,1976.7613,2009.2605,1993.0109
8-72,images/8-72.jpg,8,72,,Rare,True,True,,733.605,0.9932,4130,733.743,1980.145,1929,2007,686,782,734.0,bright,True,,1976.8126,2009.3354,1993.074
8-73,images/8-73.jpg,8,73,,Rare,True,True,,733.605,0.9932,4130,733.743,1980.145,1929,2007,686,782,734.0,bright,True,,1976.805,2009.216,1993.0105
8-74,images/8-74.jpg,8,74,,Super Rare,True,True,,733.627,0.9913,3454,733.735,1966.891,1929,2007,694,774,734.0,bright,True,,1976.8769,2009.153,1993.015
8-75,images/8-75.jpg,8,75,,Common,True,True,,733.574,0.9851,4493,733.637,1968.051,1930,2005,696,771,733.5,bright,True,,1976.7111,2009.2024,1992.9568
8-76,images/8-76.jpg,8,76,,Rare,True,True,,733.605,0.9932,4130,733.743,1980.145,1929,2007,686,782,734.0,bright,True,,1976.8098,2009.2543,1993.0321
8-77,images/8-77.jpg,8,77,,Uncommon,True,True,,733.505,0.9991,5279,733.48,1968.192,1928,2008,695,772,733.5,bright,True,,1976.6987,2009.1726,1992.9357
8-78,images/8-78.jpg,8,78,,Uncommon,True,True,,733.505,0.9991,5279,733.48,1968.192,1928,2008,695,772,733.5,bright,True,,1976.8159,2009.2134,1993.0147
8-79,images/8-79.jpg,8,79,,Rare,True,True,,733.605,0.9932,4130,733.743,1980.145,1929,2007,686,782,734.0,bright,True,,1976.7969,2009.1982,1992.9976
8-8,images/8-8.jpg,8,8,,Common,True,True,,733.574,0.9851,4493,733.637,1968.051,1930,2005,696,771,733.5,bright,True,,1977.0012,2009.244,1993.1226
8-8-D23,images/8-8-D23.jpg,8,8,D23,Special,True,True,,745.25,0.6945,7447,745.951,1969.105,1928,2004,650,817,733.5,bright,True,,1976.9511,2009.2506,1993.1008
8-80,images/8-80.jpg,8,80,,Uncommon,True,True,,733.505,0.9991,5279,733.48,1968.192,1928,2008,695,772,733.5,bright,True,,1977.0107,2009.2253,1993.118
8-81,images/8-81.jpg,8,81,,Super Rare,True,True,,733.627,0.9913,3454,733.735,1966.891,1929,2007,694,774,734.0,bright,True,,1976.9837,2009.2596,1993.1217
8-82,images/8-82.jpg,8,82,,Rare,True,True,,733.605,0.9932,4130,733.743,1980.145,1929,2007,686,782,734.0,bright,True,,1977.0659,2009.3202,1993.193
8-83,images/8-83.jpg,8,83,,Common,True,True,,733.574,0.9851,4493,733.637,1968.051,1930,2005,696,771,733.5,bright,True,,1977.0252,2009.216,1993.1206
8-84,images/8-84.jpg,8,84,,Uncommon,True,True,,733.505,0.9991,5279,733.48,1968.192,1928,2008,695,772,733.5,bright,True,,1977.2652,2009.1173,1993.1912
8-85,images/8-85.jpg,8,85,,Common,True,True,,733.574,0.9851,4493,733.637,1968.051,1930,2005,696,771,733.5,bright,True,,1976.8618,2009.2112,1993.0365
8-86,images/8-86.jpg,8,86,,Rare,True,True,,733.605,0.9932,4130,733.743,1980.145,1929,2007,686,782,734.0,bright,True,,1977.1623,2009.2194,1993.1908
8-87,images/8-87.jpg,8,87,,Common,True,True,,733.574,0.9851,4493,733.637,1968.051,1930,2005,696,771,733.5,bright,True,,1976.8155,2009.213,1993.0143
8-88,images/8-88.jpg,8,88,,Common,True,True,,733.574,0.9851,4493,733.637,1968.051,1930,2005,696,771,733.5,bright,True,,1977.0585,2009.1977,1993.1281
8-89,images/8-89.jpg,8,89,,Common,True,True,,733.574,0.9851,4493,733.637,1968.051,1930,2005,696,771,733.5,bright,True,,1976.9919,2009.21,1993.101
8-9,images/8-9.jpg,8,9,,Rare,True,True,,733.605,0.9932,4130,733.743,1980.145,1929,2007,686,782,734.0,bright,True,,1976.9702,2009.2396,1993.1049
8-90,images/8-90.jpg,8,90,,Common,True,True,,733.574,0.9851,4493,733.637,1968.051,1930,2005,696,771,733.5,bright,True,,1976.9651,2009.2266,1993.0958
8-91,images/8-91.jpg,8,91,,Common,True,True,,733.574,0.9851,4493,733.637,1968.051,1930,2005,696,771,733.5,bright,True,,1976.9465,2009.2629,1993.1047
8-92,images/8-92.jpg,8,92,,Common,True,True,,733.574,0.9851,4493,733.637,1968.051,1930,2005,696,771,733.5,bright,True,,1976.9712,2009.3545,1993.1628
8-93,images/8-93.jpg,8,93,,Common,True,True,,733.574,0.9851,4493,733.637,1968.051,1930,2005,696,771,733.5,bright,True,,1976.9609,2009.2385,1993.0997
8-94,images/8-94.jpg,8,94,,Common,True,True,,733.574,0.9851,4493,733.637,1968.051,1930,2005,696,771,733.5,bright,True,,1977.1827,2009.1338,1993.1582
8-95,images/8-95.jpg,8,95,,Uncommon,True,True,,733.505,0.9991,5279,733.48,1968.192,1928,2008,695,772,733.5,bright,True,,1976.818,2009.2335,1993.0257
8-96,images/8-96.jpg,8,96,,Uncommon,True,True,,733.505,0.9991,5279,733.48,1968.192,1928,2008,695,772,733.5,bright,True,,1977.0679,2009.2293,1993.1486
8-97,images/8-97.jpg,8,97,,Uncommon,True,True,,733.505,0.9991,5279,733.48,1968.192,1928,2008,695,772,733.5,bright,True,,1976.8006,2009.1959,1992.9983
8-98,images/8-98.jpg,8,98,,Rare,True,True,,733.605,0.9932,4130,733.743,1980.145,1929,2007,686,782,734.0,bright,True,,1976.9993,2009.2054,1993.1024
8-99,images/8-99.jpg,8,99,,Rare,True,True,,733.605,0.9932,4130,733.743,1980.145,1929,2007,686,782,734.0,bright,True,,1977.0443,2009.1595,1993.1019
9-0,images/9-0.jpg,9,0,,Super Rare,True,True,,733.627,0.9913,3454,733.735,1966.891,1929,2007,694,774,734.0,bright,True,,1976.9349,2009.2593,1993.0971
9-1,images/9-1.jpg,9,1,,Rare,True,True,,733.605,0.9932,4130,733.743,1980.145,1929,2007,686,782,734.0,bright,True,,1976.9033,2009.2929,1993.0981
9-1-C2,images/9-1-C2.jpg,9,1,C2,Special,False,False,no-symmetry-peak,,0.843,27624,697.919,1978.592,1917,2031,554,882,718.0,dark,True,,1976.8784,2009.328,1993.1032
9-1-P3,images/9-1-P3.jpg,9,1,P3,Special,True,True,,724.042,0.8799,5297,727.453,1967.559,1925,2011,689,778,733.5,bright,True,,1976.8473,2009.0146,1992.9309
9-10,images/9-10.jpg,9,10,,Common,True,True,,733.574,0.9851,4493,733.637,1968.051,1930,2005,696,771,733.5,bright,True,,1976.9152,2009.2735,1993.0944
9-100,images/9-100.jpg,9,100,,Rare,True,True,,733.605,0.9932,4130,733.743,1980.145,1929,2007,686,782,734.0,bright,True,,1976.936,2009.2459,1993.091
9-101,images/9-101.jpg,9,101,,Uncommon,True,True,,733.505,0.9991,5279,733.48,1968.192,1928,2008,695,772,733.5,bright,True,,1976.9,2009.2834,1993.0917
9-102,images/9-102.jpg,9,102,,Common,True,False,no-core-component,,,,,,,,,,,,False,text-clipped,,,
9-103,images/9-103.jpg,9,103,,Uncommon,True,True,,733.505,0.9991,5279,733.48,1968.192,1928,2008,695,772,733.5,bright,True,,1976.9363,2009.2489,1993.0926
9-104,images/9-104.jpg,9,104,,Rare,True,True,,733.605,0.9932,4130,733.743,1980.145,1929,2007,686,782,734.0,bright,True,,1977.13,2009.1492,1993.1396
9-105,images/9-105.jpg,9,105,,Rare,True,True,,733.605,0.9932,4130,733.743,1980.145,1929,2007,686,782,734.0,bright,True,,1976.8123,2009.2347,1993.0235
9-106,images/9-106.jpg,9,106,,Rare,True,True,,733.616,0.9925,4129,733.737,1980.13,1929,2007,686,782,734.0,bright,True,,1976.9882,2009.2595,1993.1239
9-107,images/9-107.jpg,9,107,,Super Rare,True,True,,733.552,0.9939,3471,733.631,1966.986,1929,2007,694,774,734.0,bright,True,,1976.7902,2009.202,1992.9961
9-108,images/9-108.jpg,9,108,,Legendary,True,True,,733.477,0.9952,6660,733.559,1970.26,1920,2012,683,783,733.0,bright,True,,1976.9396,2009.2459,1993.0928
9-109,images/9-109.jpg,9,109,,Common,True,True,,733.574,0.9851,4493,733.637,1968.051,1930,2005,696,771,733.5,bright,True,,1976.976,2009.195,1993.0855
9-11,images/9-11.jpg,9,11,,Common,True,True,,733.574,0.9851,4493,733.637,1968.051,1930,2005,696,771,733.5,bright,True,,1976.8943,2009.3031,1993.0987
9-11-P3,images/9-11-P3.jpg,9,11,P3,Special,False,False,no-symmetry-peak,,0.621,9111,710.831,1957.2,1890,2014,577,782,679.5,dark,True,,1976.8027,2009.0731,1992.9379
9-110,images/9-110.jpg,9,110,,Super Rare,True,True,,733.627,0.9913,3454,733.735,1966.891,1929,2007,694,774,734.0,bright,True,,1976.8991,2009.2877,1993.0934
9-111,images/9-111.jpg,9,111,,Legendary,True,True,,733.473,0.995,6661,733.559,1970.252,1920,2012,683,783,733.0,bright,True,,1976.8817,2009.3063,1993.094
9-112,images/9-112.jpg,9,112,,Common,True,True,,733.574,0.9851,4493,733.637,1968.051,1930,2005,696,771,733.5,bright,True,,1976.9024,2009.4012,1993.1518
9-113,images/9-113.jpg,9,113,,Uncommon,True,True,,733.505,0.9991,5279,733.48,1968.192,1928,2008,695,772,733.5,bright,True,,1976.8939,2009.3007,1993.0973
9-114,images/9-114.jpg,9,114,,Common,True,True,,733.574,0.9851,4493,733.637,1968.051,1930,2005,696,771,733.5,bright,True,,1977.098,2009.1798,1993.1389
9-115,images/9-115.jpg,9,115,,Common,True,True,,733.574,0.9851,4493,733.637,1968.051,1930,2005,696,771,733.5,bright,True,,1976.773,2009.2845,1993.0287
9-116,images/9-116.jpg,9,116,,Common,True,True,,733.562,0.9851,4491,733.631,1968.126,1930,2005,696,771,733.5,bright,True,,1976.9742,2009.2838,1993.129
9-117,images/9-117.jpg,9,117,,Rare,True,True,,733.605,0.9932,4130,733.743,1980.145,1929,2007,686,782,734.0,bright,True,,1976.7552,2009.2523,1993.0038
9-118,images/9-118.jpg,9,118,,Rare,True,True,,733.605,0.9932,4130,733.743,1980.145,1929,2007,686,782,734.0,bright,True,,1976.917,2009.2749,1993.0959
9-119,images/9-119.jpg,9,119,,Uncommon,True,True,,733.505,0.9991,5279,733.48,1968.192,1928,2008,695,772,733.5,bright,True,,1976.9625,2009.2245,1993.0935
9-12,images/9-12.jpg,9,12,,Uncommon,True,True,,733.511,0.9987,5277,733.48,1968.19,1928,2008,695,772,733.5,bright,True,,1976.9023,2009.4035,1993.1529
9-12-P3,images/9-12-P3.jpg,9,12,P3,Special,False,True,,723.0,0.7163,12140,704.843,1956.315,1903,2016,554,843,698.5,bright,True,,1977.0145,2009.1047,1993.0596
9-120,images/9-120.jpg,9,120,,Uncommon,True,True,,733.505,0.9991,5279,733.48,1968.192,1928,2008,695,772,733.5,bright,True,,1976.9441,2009.362,1993.153
9-121,images/9-121.jpg,9,121,,Rare,True,True,,733.605,0.9932,4130,733.743,1980.145,1929,2007,686,782,734.0,bright,True,,1976.9011,2009.3972,1993.1492
9-122,images/9-122.jpg,9,122,,Uncommon,True,True,,733.505,0.9991,5279,733.48,1968.192,1928,2008,695,772,733.5,bright,True,,1976.9606,2009.435,1993.1978
9-123,images/9-123.jpg,9,123,,Common,True,True,,733.574,0.9851,4493,733.637,1968.051,1930,2005,696,771,733.5,bright,True,,1976.9412,2009.3623,1993.1518
9-124,images/9-124.jpg,9,124,,Common,True,True,,733.574,0.9851,4493,733.637,1968.051,1930,2005,696,771,733.5,bright,True,,1977.0449,2009.3111,1993.178
9-125,images/9-125.jpg,9,125,,Common,True,True,,733.574,0.9851,4493,733.637,1968.051,1930,2005,696,771,733.5,bright,True,,1976.8095,2009.3508,1993.0802
9-126,images/9-126.jpg,9,126,,Super Rare,True,True,,733.515,0.9979,63229,733.861,1943.671,1856,2031,554,913,733.5,bright,True,,1976.9989,2009.3708,1993.1848
9-127,images/9-127.jpg,9,127,,Common,True,True,,733.574,0.9851,4493,733.637,1968.051,1930,2005,696,771,733.5,bright,True,,1976.8003,2009.3221,1993.0612
9-128,images/9-128.jpg,9,128,,Common,True,True,,733.574,0.9851,4493,733.637,1968.051,1930,2005,696,771,733.5,bright,True,,1976.9557,2009.3568,1993.1563
9-129,images/9-129.jpg,9,129,,Uncommon,True,True,,733.505,0.9991,5279,733.48,1968.192,1928,2008,695,772,733.5,bright,True,,1976.9513,2009.3428,1993.1471
9-13,images/9-13.jpg,9,13,,Uncommon,True,True,,733.505,0.9991,5279,733.48,1968.192,1928,2008,695,772,733.5,bright,True,,1976.8934,2009.2984,1993.0959
9-130,images/9-130.jpg,9,130,,Rare,True,True,,733.605,0.9932,4130,733.743,1980.145,1929,2007,686,782,734.0,bright,True,,1976.9362,2009.2473,1993.0917
9-131,images/9-131.jpg,9,131,,Common,True,True,,733.574,0.9851,4493,733.637,1968.051,1930,2005,696,771,733.5,bright,True,,1976.8958,2009.2952,1993.0955
9-132,images/9-132.jpg,9,132,,Uncommon,True,True,,733.505,0.9991,5279,733.48,1968.192,1928,2008,695,772,733.5,bright,True,,1976.9351,2009.3614,1993.1483
9-133,images/9-133.jpg,9,133,,Uncommon,True,True,,733.505,0.9991,5279,733.48,1968.192,1928,2008,695,772,733.5,bright,True,,1976.9404,2009.2521,1993.0962
9-134,images/9-134.jpg,9,134,,Uncommon,True,True,,733.505,0.9991,5279,733.48,1968.192,1928,2008,695,772,733.5,bright,True,,1977.052,2009.1895,1993.1207
9-135,images/9-135.jpg,9,135,,Rare,True,True,,733.605,0.9932,4130,733.743,1980.145,1929,2007,686,782,734.0,bright,True,,1976.8195,2009.2411,1993.0303
9-136,images/9-136.jpg,9,136,,Common,True,True,,681.417,0.7645,654,675.125,1909.015,1904,1917,633,710,671.5,dark,False,text-height-25.0,,,
9-137,images/9-137.jpg,9,137,,Rare,True,True,,733.605,0.9932,4130,733.743,1980.145,1929,2007,686,782,734.0,bright,True,,1976.7957,2009.2073,1993.0015
9-138,images/9-138.jpg,9,138,,Rare,True,True,,733.616,0.9925,4129,733.737,1980.13,1929,2007,686,782,734.0,bright,True,,1976.9516,2009.2475,1993.0996
9-139,images/9-139.jpg,9,139,,Uncommon,True,True,,733.524,0.9979,5277,733.48,1968.254,1928,2008,695,772,733.5,bright,True,,1976.949,2009.2254,1993.0872
9-14,images/9-14.jpg,9,14,,Rare,True,True,,733.616,0.9925,4129,733.737,1980.13,1929,2007,686,782,734.0,bright,True,,1977.1784,2009.1545,1993.1664
9-140,images/9-140.jpg,9,140,,Common,True,True,,733.562,0.9851,4491,733.631,1968.126,1930,2005,696,771,733.5,bright,True,,1977.1179,2009.1543,1993.1361
9-141,images/9-141.jpg,9,141,,Rare,True,True,,733.605,0.9932,4130,733.743,1980.145,1929,2007,686,782,734.0,bright,True,,1977.097,2009.1816,1993.1393
9-142,images/9-142.jpg,9,142,,Super Rare,True,True,,733.627,0.9913,3454,733.735,1966.891,1929,2007,694,774,734.0,bright,True,,1977.047,2009.3136,1993.1803
9-143,images/9-143.jpg,9,143,,Legendary,True,True,,733.477,0.9952,6662,733.559,1970.245,1920,2012,683,783,733.0,bright,True,,1977.0623,2009.1924,1993.1273
9-144,images/9-144.jpg,9,144,,Common,True,True,,733.574,0.9851,4493,733.637,1968.051,1930,2005,696,771,733.5,bright,True,,1977.4581,2009.0641,1993.2611
9-145,images/9-145.jpg,9,145,,Common,True,True,,733.574,0.9851,4493,733.637,1968.051,1930,2005,696,771,733.5,bright,True,,1976.8805,2009.1869,1993.0337
9-146,images/9-146.jpg,9,146,,Common,True,True,,733.574,0.9851,4493,733.637,1968.051,1930,2005,696,771,733.5,bright,True,,1977.3171,2009.1529,1993.235
9-147,images/9-147.jpg,9,147,,Common,True,True,,733.574,0.9851,4493,733.637,1968.051,1930,2005,696,771,733.5,bright,True,,1976.8433,2009.1757,1993.0095
9-148,images/9-148.jpg,9,148,,Common,True,True,,733.574,0.9851,4493,733.637,1968.051,1930,2005,696,771,733.5,bright,True,,1977.1075,2009.1674,1993.1374
9-149,images/9-149.jpg,9,149,,Uncommon,True,True,,733.524,0.9979,5277,733.48,1968.254,1928,2008,695,772,733.5,bright,True,,1977.0676,2009.1668,1993.1172
9-15,images/9-15.jpg,9,15,,Rare,True,True,,733.605,0.9932,4130,733.743,1980.145,1929,2007,686,782,734.0,bright,True,,1976.7664,2009.282,1993.0242
9-150,images/9-150.jpg,9,150,,Rare,True,True,,733.605,0.9932,4130,733.743,1980.145,1929,2007,686,782,734.0,bright,True,,1976.8117,2009.2351,1993.0234
9-151,images/9-151.jpg,9,151,,Legendary,True,True,,733.477,0.9952,6660,733.559,1970.26,1920,2012,683,783,733.0,bright,True,,1976.7748,2009.2837,1993.0293
9-152,images/9-152.jpg,9,152,,Rare,True,True,,733.605,0.9932,4130,733.743,1980.145,1929,2007,686,782,734.0,bright,True,,1976.8112,2009.3516,1993.0814
9-153,images/9-153.jpg,9,153,,Super Rare,True,True,,733.627,0.9913,3454,733.735,1966.891,1929,2007,694,774,734.0,bright,True,,1976.816,2009.2402,1993.0281
9-154,images/9-154.jpg,9,154,,Common,True,True,,733.574,0.9851,4493,733.637,1968.051,1930,2005,696,771,733.5,bright,True,,1976.8772,2009.1858,1993.0315
9-155,images/9-155.jpg,9,155,,Common,True,True,,733.574,0.9851,4493,733.637,1968.051,1930,2005,696,771,733.5,bright,True,,1976.7226,2009.2295,1992.976
9-156,images/9-156.jpg,9,156,,Uncommon,True,True,,733.505,0.9991,5279,733.48,1968.192,1928,2008,695,772,733.5,bright,True,,1976.8329,2009.2626,1993.0477
9-157,images/9-157.jpg,9,157,,Uncommon,True,True,,733.505,0.9991,5279,733.48,1968.192,1928,2008,695,772,733.5,bright,True,,1976.7101,2009.1955,1992.9528
9-158,images/9-158.jpg,9,158,,Common,True,True,,733.562,0.9851,4491,733.631,1968.126,1930,2005,696,771,733.5,bright,True,,1976.8254,2009.2331,1993.0293
9-159,images/9-159.jpg,9,159,,Rare,True,True,,733.605,0.9932,4130,733.743,1980.145,1929,2007,686,782,734.0,bright,True,,1976.8149,2009.2205,1993.0177
9-16,images/9-16.jpg,9,16,,Common,True,True,,733.574,0.9851,4493,733.637,1968.051,1930,2005,696,771,733.5,bright,True,,1977.0252,2009.272,1993.1486
9-160,images/9-160.jpg,9,160,,Super Rare,True,True,,733.627,0.9913,3454,733.735,1966.891,1929,2007,694,774,734.0,bright,True,,1976.9939,2009.2641,1993.129
9-161,images/9-161.jpg,9,161,,Uncommon,True,True,,733.505,0.9991,5279,733.48,1968.192,1928,2008,695,772,733.5,bright,True,,1976.9827,2009.2844,1993.1336
9-162,images/9-162.jpg,9,162,,Rare,True,True,,733.605,0.9932,4130,733.743,1980.145,1929,2007,686,782,734.0,bright,True,,1977.0011,2009.3744,1993.1877
9-163,images/9-163.jpg,9,163,,Common,True,True,,733.574,0.9851,4493,733.637,1968.051,1930,2005,696,771,733.5,bright,True,,1976.9773,2009.2784,1993.1279
9-164,images/9-164.jpg,9,164,,Uncommon,True,True,,733.505,0.9991,5279,733.48,1968.192,1928,2008,695,772,733.5,bright,True,,1977.3216,2009.1556,1993.2386
9-165,images/9-165.jpg,9,165,,Common,True,True,,733.574,0.9851,4493,733.637,1968.051,1930,2005,696,771,733.5,bright,True,,1976.8352,2009.2675,1993.0514
9-166,images/9-166.jpg,9,166,,Uncommon,True,True,,733.505,0.9991,5279,733.48,1968.192,1928,2008,695,772,733.5,bright,True,,1977.15,2009.2607,1993.2053
9-167,images/9-167.jpg,9,167,,Uncommon,True,True,,733.506,0.9987,5277,733.478,1968.204,1928,2008,695,772,733.5,bright,True,,1976.7963,2009.2646,1993.0305
9-168,images/9-168.jpg,9,168,,Rare,True,True,,733.616,0.9925,4129,733.747,1980.135,1929,2007,686,782,734.0,bright,True,,1977.0405,2009.2521,1993.1463
9-169,images/9-169.jpg,9,169,,Common,True,True,,733.574,0.9851,4493,733.637,1968.051,1930,2005,696,771,733.5,bright,True,,1977.0944,2009.1968,1993.1456
9-17,images/9-17.jpg,9,17,,Uncommon,True,True,,733.524,0.9979,5277,733.48,1968.254,1928,2008,695,772,733.5,bright,True,,1976.7489,2009.2557,1993.0023
9-170,images/9-170.jpg,9,170,,Uncommon,True,False,no-core-component,,,,,,,,,,,,False,text-too-thin,,,
9-171,images/9-171.jpg,9,171,,Rare,True,True,,733.605,0.9932,4130,733.743,1980.145,1929,2007,686,782,734.0,bright,True,,1976.7575,2009.2582,1993.0078
9-172,images/9-172.jpg,9,172,,Super Rare,True,True,,733.591,0.9939,3453,733.67,1967.873,1930,2008,694,773,733.5,bright,True,,1976.799,2009.3317,1993.0654
9-173,images/9-173.jpg,9,173,,Rare,True,True,,733.605,0.9932,4130,733.743,1980.145,1929,2007,686,782,734.0,bright,True,,1976.797,2009.2132,1993.0051
9-174,images/9-174.jpg,9,174,,Super Rare,True,True,,733.627,0.9913,3454,733.735,1966.891,1929,2007,694,774,734.0,bright,True,,1976.8359,2009.1809,1993.0084
9-175,images/9-175.jpg,9,175,,Legendary,True,True,,733.48,0.995,6661,733.56,1970.252,1920,2012,683,783,733.0,bright,True,,1976.7097,2009.2005,1992.9551
9-176,images/9-176.jpg,9,176,,Uncommon,True,True,,733.505,0.9991,5279,733.48,1968.192,1928,2008,695,772,733.5,bright,True,,1976.7978,2009.2576,1993.0277
9-177,images/9-177.jpg,9,177,,Legendary,True,True,,733.481,0.9953,6661,733.566,1970.245,1920,2012,683,783,733.0,bright,True,,1976.6982,2009.1745,1992.9363
9-178,images/9-178.jpg,9,178,,Rare,True,True,,733.605,0.9932,4130,733.743,1980.145,1929,2007,686,782,734.0,bright,True,,1976.7994,2009.2092,1993.0043
9-179,images/9-179.jpg,9,179,,Common,True,True,,733.574,0.9851,4493,733.637,1968.051,1930,2005,696,771,733.5,bright,True,,1976.7913,2009.2052,1992.9983
9-18,images/9-18.jpg,9,18,,Uncommon,True,True,,733.505,0.9991,5279,733.48,1968.192,1928,2008,695,772,733.5,bright,True,,1976.9547,2009.2505,1993.1026
9-180,images/9-180.jpg,9,180,,Common,True,True,,733.574,0.9851,4493,733.637,1968.051,1930,2005,696,771,733.5,bright,True,,1976.9399,2009.2505,1993.0952
9-181,images/9-181.jpg,9,181,,Common,True,True,,733.574,0.9851,4493,733.637,1968.051,1930,2005,696,771,733.5,bright,True,,1976.913,2009.2754,1993.0942
9-182,images/9-182.jpg,9,182,,Common,True,True,,733.574,0.9851,4493,733.637,1968.051,1930,2005,696,771,733.5,bright,True,,1976.9554,2009.3581,1993.1568
9-183,images/9-183.jpg,9,183,,Common,True,True,,733.562,0.9851,4491,733.631,1968.126,1930,2005,696,771,733.5,bright,True,,1976.9464,2009.2546,1993.1005
9-184,images/9-184.jpg,9,184,,Uncommon,True,True,,733.505,0.9991,5279,733.48,1968.192,1928,2008,695,772,733.5,bright,True,,1977.1106,2009.1665,1993.1385
9-185,images/9-185.jpg,9,185,,Common,True,True,,733.574,0.9851,4493,733.637,1968.051,1930,2005,696,771,733.5,bright,True,,1976.8228,2009.2368,1993.0298
9-186,images/9-186.jpg,9,186,,Uncommon,True,True,,733.505,0.9991,5279,733.48,1968.192,1928,2008,695,772,733.5,bright,True,,1977.0313,2009.2489,1993.1401
9-187,images/9-187.jpg,9,187,,Uncommon,True,True,,733.505,0.9991,5279,733.48,1968.192,1928,2008,695,772,733.5,bright,True,,1976.8032,2009.2121,1993.0076
9-188,images/9-188.jpg,9,188,,Super Rare,True,True,,733.627,0.9913,3454,733.735,1966.891,1929,2007,694,774,734.0,bright,True,,1976.9736,2009.2271,1993.1004
9-189,images/9-189.jpg,9,189,,Common,True,True,,733.574,0.9851,4493,733.637,1968.051,1930,2005,696,771,733.5,bright,True,,1976.9914,2009.1966,1993.094
9-19,images/9-19.jpg,9,19,,Uncommon,True,True,,733.505,0.9991,5279,733.48,1968.192,1928,2008,695,772,733.5,bright,True,,1976.9856,2009.2079,1993.0968
9-190,images/9-190.jpg,9,190,,Rare,True,True,,733.605,0.9932,4130,733.743,1980.145,1929,2007,686,782,734.0,bright,True,,1976.9775,2009.191,1993.0843
9-191,images/9-191.jpg,9,191,,Common,True,True,,733.574,0.9851,4493,733.637,1968.051,1930,2005,696,771,733.5,bright,True,,1976.9666,2009.2179,1993.0923
9-192,images/9-192.jpg,9,192,,Rare,True,True,,733.616,0.9925,4129,733.737,1980.13,1929,2007,686,782,734.0,bright,True,,1976.9503,2009.3367,1993.1435
9-193,images/9-193.jpg,9,193,,Uncommon,True,True,,733.505,0.9991,5279,733.48,1968.192,1928,2008,695,772,733.5,bright,True,,1976.9479,2009.2265,1993.0872
9-194,images/9-194.jpg,9,194,,Common,True,True,,733.574,0.9851,4493,733.637,1968.051,1930,2005,696,771,733.5,bright,True,,1977.0529,2009.1671,1993.11
9-195,images/9-195.jpg,9,195,,Rare,True,True,,733.605,0.9932,4130,733.743,1980.145,1929,2007,686,782,734.0,bright,True,,1976.8139,2009.2238,1993.0189
9-196,images/9-196.jpg,9,196,,Common,True,True,,733.574,0.9851,4493,733.637,1968.051,1930,2005,696,771,733.5,bright,True,,1977.0911,2009.1892,1993.1402
9-197,images/9-197.jpg,9,197,,Rare,True,True,,733.605,0.9932,4130,733.743,1980.145,1929,2007,686,782,734.0,bright,True,,1976.7929,2009.1902,1992.9916
9-198,images/9-198.jpg,9,198,,Uncommon,True,True,,733.505,0.9991,5279,733.48,1968.192,1928,2008,695,772,733.5,bright,True,,1976.996,2009.1907,1993.0933
9-199,images/9-199.jpg,9,199,,Uncommon,True,True,,733.505,0.9991,5279,733.48,1968.192,1928,2008,695,772,733.5,bright,True,,1977.0597,2009.1315,1993.0956
9-2,images/9-2.jpg,9,2,,Super Rare,True,True,,733.552,0.9939,3471,733.631,1966.986,1929,2007,694,774,734.0,bright,True,,1976.9064,2009.4094,1993.1579
9-2-P3,images/9-2-P3.jpg,9,2,P3,Special,True,True,,724.042,0.8799,5297,727.453,1967.559,1925,2011,689,778,733.5,bright,True,,1976.8256,2009.2399,1993.0328
9-20,images/9-20.jpg,9,20,,Rare,True,True,,733.605,0.9932,4130,733.743,1980.145,1929,2007,686,782,734.0,bright,True,,1976.9504,2009.3588,1993.1546
9-200,images/9-200.jpg,9,200,,Common,True,True,,733.574,0.9851,4493,733.637,1968.051,1930,2005,696,771,733.5,bright,True,,1976.9868,2009.3208,1993.1538
9-201,images/9-201.jpg,9,201,,Rare,True,True,,733.605,0.9932,4130,733.743,1980.145,1929,2007,686,782,734.0,bright,True,,1976.9462,2009.3617,1993.1539
9-202,images/9-202.jpg,9,202,,Uncommon,True,True,,733.505,0.9991,5279,733.48,1968.192,1928,2008,695,772,733.5,bright,True,,1977.0173,2009.3927,1993.205
9-203,images/9-203.jpg,9,203,,Common,True,True,,733.574,0.9851,4493,733.637,1968.051,1930,2005,696,771,733.5,bright,True,,1976.9834,2009.3249,1993.1542
9-204,images/9-204.jpg,9,204,,Uncommon,True,True,,732.75,0.674,546,732.681,1867.436,1856,1888,723,750,736.5,dark,False,text-too-thin,,,
9-205,images/9-205.jpg,9,205,,Epic,False,True,,733.052,0.9938,6652,733.14,1960.853,1918,2014,682,784,733.0,bright,True,,1976.8581,2009.316,1993.0871
9-206,images/9-206.jpg,9,206,,Epic,False,True,,733.049,0.9937,6653,733.138,1960.847,1918,2014,682,784,733.0,bright,True,,1977.0839,2009.3232,1993.2036
9-207,images/9-207.jpg,9,207,,Epic,False,True,,733.052,0.9938,6652,733.14,1960.853,1918,2014,682,784,733.0,bright,True,,1976.8412,2009.2842,1993.0627
9-208,images/9-208.jpg,9,208,,Epic,False,True,,733.054,0.9935,6654,733.138,1960.852,1918,2014,682,784,733.0,bright,True,,1977.0128,2009.3128,1993.1628
9-209,images/9-209.jpg,9,209,,Epic,False,True,,733.057,0.9937,6653,733.142,1960.847,1918,2014,682,784,733.0,bright,True,,1976.9828,2009.3136,1993.1482
9-21,images/9-21.jpg,9,21,,Common,True,True,,733.585,0.9851,4495,733.64,1968.034,1930,2005,696,771,733.5,bright,True,,1976.9034,2009.4055,1993.1544
9-210,images/9-210.jpg,9,210,,Epic,False,True,,733.057,0.9937,6653,733.142,1960.847,1918,2014,682,784,733.0,bright,True,,1976.9452,2009.3642,1993.1547
9-211,images/9-211.jpg,9,211,,Epic,False,True,,733.052,0.9938,6652,733.14,1960.853,1918,2014,682,784,733.0,bright,True,,1976.9021,2009.3993,1993.1507
9-212,images/9-212.jpg,9,212,,Epic,False,True,,733.052,0.9938,6652,733.14,1960.853,1918,2014,682,784,733.0,bright,True,,1976.9636,2009.4355,1993.1996
9-213,images/9-213.jpg,9,213,,Epic,True,True,,733.052,0.9938,6652,733.14,1960.853,1918,2014,682,784,733.0,bright,True,,1976.9423,2009.3645,1993.1534
9-214,images/9-214.jpg,9,214,,Epic,False,True,,733.052,0.9938,6652,733.14,1960.853,1918,2014,682,784,733.0,bright,True,,1977.0497,2009.3136,1993.1816
9-215,images/9-215.jpg,9,215,,Epic,True,True,,733.052,0.9938,6652,733.14,1960.853,1918,2014,682,784,733.0,bright,True,,1976.81,2009.3531,1993.0816
9-216,images/9-216.jpg,9,216,,Epic,False,True,,733.057,0.9937,6653,733.142,1960.847,1918,2014,682,784,733.0,bright,True,,1976.9968,2009.3757,1993.1862
9-217,images/9-217.jpg,9,217,,Epic,False,True,,733.052,0.9938,6652,733.14,1960.853,1918,2014,682,784,733.0,bright,True,,1976.8008,2009.3241,1993.0625
9-218,images/9-218.jpg,9,218,,Epic,False,True,,733.052,0.9938,6652,733.14,1960.853,1918,2014,682,784,733.0,bright,True,,1976.9568,2009.3588,1993.1578
9-219,images/9-219.jpg,9,219,,Epic,False,True,,733.052,0.9938,6652,733.14,1960.853,1918,2014,682,784,733.0,bright,True,,1976.9531,2009.3446,1993.1488
9-22,images/9-22.jpg,9,22,,Common,True,True,,733.574,0.9851,4493,733.637,1968.051,1930,2005,696,771,733.5,bright,True,,1976.9898,2009.4323,1993.2111
9-220,images/9-220.jpg,9,220,,Epic,False,True,,733.052,0.9938,6652,733.14,1960.853,1918,2014,682,784,733.0,bright,True,,1977.0022,2009.3985,1993.2003
9-221,images/9-221.jpg,9,221,,Epic,False,True,,733.052,0.9938,6652,733.14,1960.853,1918,2014,682,784,733.0,bright,True,,1976.9681,2009.4368,1993.2025
9-222,images/9-222.jpg,9,222,,Epic,False,True,,733.052,0.9938,6652,733.14,1960.853,1918,2014,682,784,733.0,bright,True,,1977.06,2009.453,1993.2565
9-223,images/9-223.jpg,9,223,,Enchanted,False,False,no-symmetry-peak,,0.8565,17233,721.493,1925.751,1871,2016,554,843,698.5,bright,True,,1977.2506,2009.3811,1993.3158
9-224,images/9-224.jpg,9,224,,Enchanted,False,False,no-symmetry-peak,,0.514,11710,707.309,1939.746,1871,2015,578,800,689.0,bright,True,,1977.31,2009.3748,1993.3424
9-225,images/9-225.jpg,9,225,,Enchanted,False,False,no-symmetry-peak,,0.4995,11732,760.164,1989.272,1917,2031,672,913,792.5,bright,True,,1976.974,2009.4064,1993.1902
9-226,images/9-226.jpg,9,226,,Enchanted,False,True,,733.974,0.9885,6968,733.849,1966.88,1917,2016,690,778,734.0,bright,True,,1977.2636,2009.3833,1993.3235
9-227,images/9-227.jpg,9,227,,Enchanted,False,True,,734.173,0.9832,7039,734.413,1966.02,1916,2016,690,782,736.0,bright,True,,1976.8714,2009.3818,1993.1266
9-228,images/9-228.jpg,9,228,,Enchanted,False,True,,733.823,0.9892,6782,733.755,1966.269,1917,2015,690,778,734.0,bright,True,,1977.1694,2009.3851,1993.2773
9-229,images/9-229.jpg,9,229,,Enchanted,False,True,,733.431,0.9844,6552,733.446,1966.072,1918,2015,690,777,733.5,bright,True,,1977.0235,2009.4038,1993.2136
9-23,images/9-23.jpg,9,23,,Uncommon,True,True,,733.524,0.9979,5277,733.48,1968.254,1928,2008,695,772,733.5,bright,True,,1976.9652,2009.3589,1993.1621
9-230,images/9-230.jpg,9,230,,Enchanted,False,True,,733.844,0.9919,6810,733.805,1966.258,1917,2015,690,778,734.0,bright,True,,1977.0694,2009.3008,1993.1851
9-231,images/9-231.jpg,9,231,,Enchanted,False,True,,733.586,0.9927,6713,733.634,1966.212,1918,2015,690,778,734.0,bright,True,,1976.9901,2009.3604,1993.1753
9-232,images/9-232.jpg,9,232,,Enchanted,False,False,no-symmetry-peak,,0.6506,10061,752.723,1958.864,1916,2016,664,895,779.5,bright,True,,1977.1448,2009.3788,1993.2618
9-233,images/9-233.jpg,9,233,,Enchanted,False,True,,733.5,0.9756,6546,733.373,1965.697,1917,2014,690,777,733.5,bright,True,,1977.1742,2009.293,1993.2336
9-234,images/9-234.jpg,9,234,,Enchanted,False,True,,733.58,0.9791,33450,735.238,1984.675,1917,2031,554,913,733.5,dark,True,,1977.4042,2009.2984,1993.3513
9-235,images/9-235.jpg,9,235,,Enchanted,False,True,,733.909,0.9908,6838,733.941,1966.247,1917,2015,690,782,736.0,bright,True,,1976.9019,2009.2958,1993.0988
9-236,images/9-236.jpg,9,236,,Enchanted,False,True,,733.601,0.987,6744,733.608,1966.26,1917,2015,690,778,734.0,bright,True,,1977.0922,2009.3159,1993.204
9-237,images/9-237.jpg,9,237,,Enchanted,False,True,,736.727,0.827,17335,744.818,1935.029,1862,2019,635,883,759.0,bright,True,,1976.8579,2009.3304,1993.0942
9-238,images/9-238.jpg,9,238,,Enchanted,False,True,,733.857,0.938,7146,736.914,1964.963,1917,2015,690,830,760.0,bright,True,,1977.0989,2009.3049,1993.2019
9-239,images/9-239.jpg,9,239,,Enchanted,False,True,,733.434,0.9671,6330,732.952,1965.621,1918,2014,691,777,734.0,bright,True,,1976.9998,2009.3263,1993.163
9-24,images/9-24.jpg,9,24,,Legendary,True,True,,733.477,0.9952,6660,733.559,1970.26,1920,2012,683,783,733.0,bright,True,,1977.0956,2009.3019,1993.1988
9-240,images/9-240.jpg,9,240,,Enchanted,False,True,,734.75,0.927,23225,738.707,1918.691,1856,2016,622,853,737.5,bright,True,,1977.0835,2009.2456,1993.1645
9-241,images/9-241.jpg,9,241,,Iconic,False,True,,733.519,0.9528,49491,738.13,1962.409,1868,2031,554,913,733.5,dark,False,text-height-28.8,,,
9-242,images/9-242.jpg,9,242,,Iconic,False,True,,761.917,0.4339,10450,752.407,1982.809,1920,2031,630,913,771.5,dark,False,text-height-28.9,,,
9-25,images/9-25.jpg,9,25,,Rare,True,True,,733.605,0.9932,4130,733.743,1980.145,1929,2007,686,782,734.0,bright,True,,1976.8156,2009.3571,1993.0863
9-26,images/9-26.jpg,9,26,,Legendary,True,True,,733.473,0.995,6661,733.559,1970.252,1920,2012,683,783,733.0,bright,True,,1977.0372,2009.3665,1993.2018
9-27,images/9-27.jpg,9,27,,Common,True,True,,733.562,0.9851,4491,733.631,1968.126,1930,2005,696,771,733.5,bright,True,,1976.7923,2009.3278,1993.0601
9-28,images/9-28.jpg,9,28,,Common,True,True,,733.574,0.9851,4493,733.637,1968.051,1930,2005,696,771,733.5,bright,True,,1976.9576,2009.3568,1993.1572
9-29,images/9-29.jpg,9,29,,Uncommon,True,True,,733.505,0.9991,5279,733.48,1968.192,1928,2008,695,772,733.5,bright,True,,1976.9661,2009.3418,1993.1539
9-3,images/9-3.jpg,9,3,,Super Rare,True,True,,733.627,0.9913,3454,733.735,1966.891,1929,2007,694,774,734.0,bright,True,,1976.9007,2009.2877,1993.0942
9-3-P3,images/9-3-P3.jpg,9,3,P3,Special,True,True,,733.25,0.9527,7108,733.324,1967.613,1921,2014,687,779,733.0,bright,True,,1976.8818,2008.8983,1992.89
9-30,images/9-30.jpg,9,30,,Uncommon,True,True,,733.505,0.9991,5279,733.48,1968.192,1928,2008,695,772,733.5,bright,True,,1976.9421,2009.2508,1993.0965
9-31,images/9-31.jpg,9,31,,Common,True,True,,733.574,0.9851,4493,733.637,1968.051,1930,2005,696,771,733.5,bright,True,,1976.8951,2009.3032,1993.0991
9-32,images/9-32.jpg,9,32,,Rare,True,True,,733.605,0.9932,4130,733.743,1980.145,1929,2007,686,782,734.0,bright,True,,1976.9634,2009.359,1993.1612
9-33,images/9-33.jpg,9,33,,Rare,True,True,,733.605,0.9932,4130,733.743,1980.145,1929,2007,686,782,734.0,bright,True,,1976.9495,2009.2513,1993.1004
9-34,images/9-34.jpg,9,34,,Common,True,False,no-component,,,,,,,,,,,,False,text-clipped,,,
9-35,images/9-35.jpg,9,35,,Rare,True,True,,733.605,0.9932,4130,733.743,1980.145,1929,2007,686,782,734.0,bright,True,,1976.8083,2009.2391,1993.0237
9-36,images/9-36.jpg,9,36,,Rare,True,True,,733.616,0.9925,4129,733.737,1980.13,1929,2007,686,782,734.0,bright,True,,1976.999,2009.2579,1993.1284
9-37,images/9-37.jpg,9,37,,Rare,True,True,,733.605,0.9932,4130,733.743,1980.145,1929,2007,686,782,734.0,bright,True,,1976.7926,2009.2056,1992.9991
9-38,images/9-38.jpg,9,38,,Rare,True,True,,733.605,0.9932,4130,733.743,1980.145,1929,2007,686,782,734.0,bright,True,,1976.9735,2009.2281,1993.1008
9-39,images/9-39.jpg,9,39,,Common,True,True,,733.574,0.9851,4493,733.637,1968.051,1930,2005,696,771,733.5,bright,True,,1976.9701,2009.2059,1993.088
9-39-P3,images/9-39-P3.jpg,9,39,P3,Special,True,True,,733.599,0.9486,3909,734.118,1975.953,1920,2016,699,768,733.5,bright,True,,1976.9327,2008.7877,1992.8602
9-4,images/9-4.jpg,9,4,,Rare,True,True,,733.605,0.9932,4130,733.743,1980.145,1929,2007,686,782,734.0,bright,True,,1977.2499,2009.1366,1993.1932
9-4-P3,images/9-4-P3.jpg,9,4,P3,Special,True,True,,733.643,0.952,7109,733.697,1967.727,1921,2014,688,779,733.5,bright,True,,1976.8835,2008.8948,1992.8891
9-40,images/9-40.jpg,9,40,,Super Rare,True,True,,733.517,0.9989,63289,733.698,1943.593,1856,2031,554,913,733.5,bright,True,,1977.1545,2009.1488,1993.1516
9-40-P3,images/9-40-P3.jpg,9,40,P3,Special,True,True,,733.612,0.9426,4097,734.221,1976.646,1920,2017,698,769,733.5,bright,True,,1976.8735,2009.0202,1992.9469
9-41,images/9-41.jpg,9,41,,Common,True,True,,733.574,0.9851,4493,733.637,1968.051,1930,2005,696,771,733.5,bright,True,,1977.1832,2009.1544,1993.1688
9-42,images/9-42.jpg,9,42,,Super Rare,True,True,,733.627,0.9913,3454,733.735,1966.891,1929,2007,694,774,734.0,bright,True,,1977.0865,2009.3032,1993.1949
9-43,images/9-43.jpg,9,43,,Legendary,True,True,,733.473,0.995,6661,733.559,1970.252,1920,2012,683,783,733.0,bright,True,,1977.1066,2009.1708,1993.1387
9-44,images/9-44.jpg,9,44,,Super Rare,True,True,,733.627,0.9913,3454,733.735,1966.891,1929,2007,694,774,734.0,bright,True,,1977.5644,2009.0176,1993.291
9-45,images/9-45.jpg,9,45,,Legendary,True,True,,733.477,0.9952,6660,733.559,1970.26,1920,2012,683,783,733.0,bright,True,,1976.8952,2009.1644,1993.0298
9-46,images/9-46.jpg,9,46,,Uncommon,True,True,,733.505,0.9991,5279,733.48,1968.192,1928,2008,695,772,733.5,bright,True,,1977.38,2009.1375,1993.2587
9-47,images/9-47.jpg,9,47,,Common,True,True,,733.574,0.9851,4493,733.637,1968.051,1930,2005,696,771,733.5,bright,True,,1976.8459,2009.1593,1993.0026
9-48,images/9-48.jpg,9,48,,Common,True,True,,733.574,0.9851,4493,733.637,1968.051,1930,2005,696,771,733.5,bright,True,,1977.1866,2009.1245,1993.1556
9-49,images/9-49.jpg,9,49,,Common,True,True,,733.574,0.9851,4493,733.637,1968.051,1930,2005,696,771,733.5,bright,True,,1977.0974,2009.1475,1993.1224
9-5,images/9-5.jpg,9,5,,Super Rare,True,True,,733.627,0.9913,3454,733.735,1966.891,1929,2007,694,774,734.0,bright,True,,1976.7579,2009.279,1993.0184
9-5-C2,images/9-5-C2.jpg,9,5,C2,Special,False,False,no-symmetry-peak,,0.843,27624,697.919,1978.592,1917,2031,554,882,718.0,dark,True,,1976.7746,2009.2216,1992.9981
9-5-P3,images/9-5-P3.jpg,9,5,P3,Special,False,True,,734.0,0.9018,7415,733.813,1968.191,1917,2016,688,781,734.5,bright,True,,1976.7214,2008.9529,1992.8371
9-50,images/9-50.jpg,9,50,,Common,True,True,,733.574,0.9851,4493,733.637,1968.051,1930,2005,696,771,733.5,bright,True,,1976.8081,2009.2372,1993.0227
9-51,images/9-51.jpg,9,51,,Common,True,True,,733.574,0.9851,4493,733.637,1968.051,1930,2005,696,771,733.5,bright,True,,1976.7682,2009.2772,1993.0227
9-52,images/9-52.jpg,9,52,,Uncommon,True,True,,733.505,0.9991,5279,733.48,1968.192,1928,2008,695,772,733.5,bright,True,,1976.8126,2009.3579,1993.0852
9-53,images/9-53.jpg,9,53,,Uncommon,True,True,,733.505,0.9991,5279,733.48,1968.192,1928,2008,695,772,733.5,bright,True,,1976.8115,2009.2373,1993.0244
9-54,images/9-54.jpg,9,54,,Rare,True,True,,733.605,0.9932,4130,733.743,1980.145,1929,2007,686,782,734.0,bright,True,,1976.8965,2009.1652,1993.0308
9-55,images/9-55.jpg,9,55,,Uncommon,True,True,,733.505,0.9991,5279,733.48,1968.192,1928,2008,695,772,733.5,bright,True,,1976.7104,2009.2255,1992.968
9-56,images/9-56.jpg,9,56,,Uncommon,True,True,,733.505,0.9991,5279,733.48,1968.192,1928,2008,695,772,733.5,bright,True,,1976.8427,2009.2487,1993.0457
9-57,images/9-57.jpg,9,57,,Uncommon,True,True,,733.511,0.9987,5277,733.48,1968.19,1928,2008,695,772,733.5,bright,True,,1976.6972,2009.1945,1992.9459
9-58,images/9-58.jpg,9,58,,Common,True,True,,733.574,0.9851,4493,733.637,1968.051,1930,2005,696,771,733.5,bright,True,,1976.8263,2009.2253,1993.0258
9-59,images/9-59.jpg,9,59,,Uncommon,True,True,,733.524,0.9979,5277,733.48,1968.254,1928,2008,695,772,733.5,bright,True,,1976.8128,2009.2099,1993.0114
9-6,images/9-6.jpg,9,6,,Uncommon,True,True,,733.505,0.9991,5279,733.48,1968.192,1928,2008,695,772,733.5,bright,True,,1977.0469,2009.2623,1993.1546
9-60,images/9-60.jpg,9,60,,Rare,True,True,,733.612,0.993,4129,733.75,1980.147,1929,2007,686,782,734.0,bright,True,,1977.0355,2009.2333,1993.1344
9-61,images/9-61.jpg,9,61,,Common,True,True,,733.574,0.9851,4493,733.637,1968.051,1930,2005,696,771,733.5,bright,True,,1977.0036,2009.2712,1993.1374
9-62,images/9-62.jpg,9,62,,Uncommon,True,True,,733.511,0.9987,5277,733.48,1968.19,1928,2008,695,772,733.5,bright,True,,1977.0396,2009.3645,1993.2021
9-63,images/9-63.jpg,9,63,,Common,True,True,,733.574,0.9851,4493,733.637,1968.051,1930,2005,696,771,733.5,bright,True,,1977.005,2009.26,1993.1325
9-64,images/9-64.jpg,9,64,,Rare,True,True,,733.605,0.9932,4130,733.743,1980.145,1929,2007,686,782,734.0,bright,True,,1977.3889,2009.1363,1993.2626
9-65,images/9-65.jpg,9,65,,Uncommon,True,True,,733.505,0.9991,5279,733.48,1968.192,1928,2008,695,772,733.5,bright,True,,1976.838,2009.2561,1993.047
9-66,images/9-66.jpg,9,66,,Rare,True,True,,733.605,0.9932,4130,733.743,1980.145,1929,2007,686,782,734.0,bright,True,,1977.2076,2009.2417,1993.2247
9-67,images/9-67.jpg,9,67,,Common,True,True,,733.574,0.9851,4493,733.637,1968.051,1930,2005,696,771,733.5,bright,True,,1976.7904,2009.2606,1993.0255
9-68,images/9-68.jpg,9,68,,Common,True,False,no-core-component,,,,,,,,,,,,False,no-text,,,
9-69,images/9-69.jpg,9,69,,Rare,True,True,,733.605,0.9932,4130,733.743,1980.145,1929,2007,686,782,734.0,bright,True,,1977.136,2009.174,1993.155
9-7,images/9-7.jpg,9,7,,Common,True,True,,733.574,0.9851,4493,733.637,1968.051,1930,2005,696,771,733.5,bright,True,,1976.747,2009.2475,1992.9972
9-7-P3,images/9-7-P3.jpg,9,7,P3,Special,True,True,,733.632,0.9538,7106,733.79,1968.441,1922,2015,688,779,733.5,bright,True,,1976.6874,2008.9088,1992.7981
9-70,images/9-70.jpg,9,70,,Rare,True,True,,733.616,0.9925,4129,733.737,1980.13,1929,2007,686,782,734.0,bright,True,,1976.7931,2009.2034,1992.9982
9-71,images/9-71.jpg,9,71,,Rare,True,True,,733.605,0.9932,4130,733.743,1980.145,1929,2007,686,782,734.0,bright,True,,1976.7474,2009.2516,1992.9995
9-72,images/9-72.jpg,9,72,,Rare,True,True,,733.605,0.9932,4130,733.743,1980.145,1929,2007,686,782,734.0,bright,True,,1976.7991,2009.3299,1993.0645
9-73,images/9-73.jpg,9,73,,Super Rare,True,True,,733.627,0.9913,3454,733.735,1966.891,1929,2007,694,774,734.0,bright,True,,1976.7914,2009.2038,1992.9976
9-74,images/9-74.jpg,9,74,,Rare,True,True,,733.605,0.9932,4130,733.743,1980.145,1929,2007,686,782,734.0,bright,True,,1976.8436,2009.1577,1993.0007
9-75,images/9-75.jpg,9,75,,Rare,True,True,,733.605,0.9932,4130,733.743,1980.145,1929,2007,686,782,734.0,bright,True,,1976.7,2009.1898,1992.9449
9-76,images/9-76.jpg,9,76,,Super Rare,True,True,,733.627,0.9913,3454,733.735,1966.891,1929,2007,694,774,734.0,bright,True,,1976.7862,2009.2546,1993.0204
9-77,images/9-77.jpg,9,77,,Legendary,True,True,,733.477,0.9952,6660,733.559,1970.26,1920,2012,683,783,733.0,bright,True,,1976.6921,2009.1572,1992.9247
9-78,images/9-78.jpg,9,78,,Uncommon,True,True,,733.505,0.9991,5279,733.48,1968.192,1928,2008,695,772,733.5,bright,True,,1976.8023,2009.2026,1993.0024
9-79,images/9-79.jpg,9,79,,Common,True,True,,733.574,0.9851,4493,733.637,1968.051,1930,2005,696,771,733.5,bright,True,,1976.7835,2009.1851,1992.9843
9-8,images/9-8.jpg,9,8,,Common,True,True,,733.574,0.9851,4493,733.637,1968.051,1930,2005,696,771,733.5,bright,True,,1976.9661,2009.245,1993.1056
9-8-P3,images/9-8-P3.jpg,9,8,P3,Special,True,True,,733.632,0.9538,7106,733.79,1968.441,1922,2015,688,779,733.5,bright,True,,1976.9162,2008.8253,1992.8708
9-80,images/9-80.jpg,9,80,,Common,True,True,,733.574,0.9851,4493,733.637,1968.051,1930,2005,696,771,733.5,bright,True,,1976.9725,2009.229,1993.1008
9-81,images/9-81.jpg,9,81,,Common,True,True,,733.574,0.9851,4493,733.637,1968.051,1930,2005,696,771,733.5,bright,True,,1976.9623,2009.2515,1993.1069
9-82,images/9-82.jpg,9,82,,Common,True,True,,733.574,0.9851,4493,733.637,1968.051,1930,2005,696,771,733.5,bright,True,,1976.9547,2009.3592,1993.157
9-83,images/9-83.jpg,9,83,,Common,True,True,,733.574,0.9851,4493,733.637,1968.051,1930,2005,696,771,733.5,bright,True,,1976.961,2009.2373,1993.0991
9-84,images/9-84.jpg,9,84,,Common,True,True,,733.574,0.9851,4493,733.637,1968.051,1930,2005,696,771,733.5,bright,True,,1977.1869,2009.1274,1993.1572
9-85,images/9-85.jpg,9,85,,Uncommon,True,True,,733.505,0.9991,5279,733.48,1968.192,1928,2008,695,772,733.5,bright,True,,1976.8229,2009.2257,1993.0243
9-86,images/9-86.jpg,9,86,,Uncommon,True,True,,733.505,0.9991,5279,733.48,1968.192,1928,2008,695,772,733.5,bright,True,,1977.0878,2009.2367,1993.1623
9-87,images/9-87.jpg,9,87,,Super Rare,True,True,,733.552,0.9939,3471,733.631,1966.986,1929,2007,694,774,734.0,bright,True,,1976.8036,2009.1996,1993.0016
9-88,images/9-88.jpg,9,88,,Common,True,True,,733.574,0.9851,4493,733.637,1968.051,1930,2005,696,771,733.5,bright,True,,1977.0105,2009.1969,1993.1037
9-89,images/9-89.jpg,9,89,,Legendary,True,True,,733.477,0.9952,6660,733.559,1970.26,1920,2012,683,783,733.0,bright,True,,1977.0131,2009.1734,1993.0932
9-9,images/9-9.jpg,9,9,,Common,True,True,,733.574,0.9851,4493,733.637,1968.051,1930,2005,696,771,733.5,bright,True,,1977.0154,2009.1786,1993.097
9-9-P3,images/9-9-P3.jpg,9,9,P3,Special,True,True,,733.617,0.9516,7123,733.716,1967.69,1921,2014,688,779,733.5,bright,True,,1976.8985,2008.6837,1992.7911
9-90,images/9-90.jpg,9,90,,Uncommon,True,True,,733.524,0.9979,5277,733.48,1968.254,1928,2008,695,772,733.5,bright,True,,1977.0071,2009.1736,1993.0904
9-91,images/9-91.jpg,9,91,,Uncommon,True,True,,733.524,0.9979,5277,733.48,1968.254,1928,2008,695,772,733.5,bright,True,,1976.987,2009.2109,1993.0989
9-92,images/9-92.jpg,9,92,,Common,True,True,,733.574,0.9851,4493,733.637,1968.051,1930,2005,696,771,733.5,bright,True,,1976.9672,2009.3394,1993.1533
9-93,images/9-93.jpg,9,93,,Uncommon,True,True,,733.505,0.9991,5279,733.48,1968.192,1928,2008,695,772,733.5,bright,True,,1976.9653,2009.21,1993.0876
9-94,images/9-94.jpg,9,94,,Uncommon,True,True,,733.505,0.9991,5279,733.48,1968.192,1928,2008,695,772,733.5,bright,True,,1977.1065,2009.1432,1993.1248
9-95,images/9-95.jpg,9,95,,Common,True,True,,733.574,0.9851,4493,733.637,1968.051,1930,2005,696,771,733.5,bright,True,,1976.8106,2009.2145,1993.0125
9-96,images/9-96.jpg,9,96,,Common,True,True,,733.574,0.9851,4493,733.637,1968.051,1930,2005,696,771,733.5,bright,True,,1977.1292,2009.1741,1993.1516
9-97,images/9-97.jpg,9,97,,Rare,True,True,,733.605,0.9932,4130,733.743,1980.145,1929,2007,686,782,734.0,bright,True,,1976.7874,2009.1855,1992.9865
9-98,images/9-98.jpg,9,98,,Common,True,True,,733.574,0.9851,4493,733.637,1968.051,1930,2005,696,771,733.5,bright,True,,1977.0163,2009.1728,1993.0945
9-99,images/9-99.jpg,9,99,,Uncommon,True,True,,733.502,0.9372,30649,725.241,1988.238,1928,2031,554,913,733.5,bright,True,,1977.0985,2009.1006,1993.0996
Q1-1,images/Q1-1.jpg,Q1,1,,Special,True,True,,733.557,0.9939,4612,733.664,1967.985,1930,2006,696,771,733.5,bright,True,,1976.8389,2009.2856,1993.0623
Q1-10,images/Q1-10.jpg,Q1,10,,Special,True,True,,733.557,0.9939,4612,733.664,1967.985,1930,2006,696,771,733.5,bright,True,,1976.9106,2009.2062,1993.0584
Q1-11,images/Q1-11.jpg,Q1,11,,Special,True,True,,733.557,0.9939,4612,733.664,1967.985,1930,2006,696,771,733.5,bright,True,,1976.8495,2009.2828,1993.0662
Q1-12,images/Q1-12.jpg,Q1,12,,Special,True,True,,733.557,0.9939,4612,733.664,1967.985,1930,2006,696,771,733.5,bright,True,,1976.9243,2009.3709,1993.1476
Q1-13,images/Q1-13.jpg,Q1,13,,Special,True,True,,733.557,0.9939,4612,733.664,1967.985,1930,2006,696,771,733.5,bright,True,,1976.9095,2009.2282,1993.0688
Q1-14,images/Q1-14.jpg,Q1,14,,Special,True,True,,733.557,0.9939,4612,733.664,1967.985,1930,2006,696,771,733.5,bright,True,,1976.9406,2009.2071,1993.0738
Q1-15,images/Q1-15.jpg,Q1,15,,Special,True,True,,733.557,0.9939,4612,733.664,1967.985,1930,2006,696,771,733.5,bright,True,,1976.7622,2009.2109,1992.9866
Q1-16,images/Q1-16.jpg,Q1,16,,Special,True,True,,733.557,0.9939,4612,733.664,1967.985,1930,2006,696,771,733.5,bright,True,,1976.9543,2009.2504,1993.1024
Q1-17,images/Q1-17.jpg,Q1,17,,Special,True,True,,733.557,0.9939,4612,733.664,1967.985,1930,2006,696,771,733.5,bright,True,,1976.7478,2009.1839,1992.9659
Q1-18,images/Q1-18.jpg,Q1,18,,Special,True,True,,733.557,0.9939,4612,733.664,1967.985,1930,2006,696,771,733.5,bright,True,,1976.919,2009.2212,1993.0701
Q1-19,images/Q1-19.jpg,Q1,19,,Special,True,True,,733.557,0.9939,4612,733.664,1967.985,1930,2006,696,771,733.5,bright,True,,1976.8944,2009.2134,1993.0539
Q1-2,images/Q1-2.jpg,Q1,2,,Special,True,True,,733.557,0.9939,4612,733.664,1967.985,1930,2006,696,771,733.5,bright,True,,1976.9349,2009.367,1993.1509
Q1-20,images/Q1-20.jpg,Q1,20,,Special,True,True,,733.557,0.9939,4612,733.664,1967.985,1930,2006,696,771,733.5,bright,True,,1977.0051,2009.3035,1993.1543
Q1-21,images/Q1-21.jpg,Q1,21,,Special,True,True,,733.557,0.9939,4612,733.664,1967.985,1930,2006,696,771,733.5,bright,True,,1976.9289,2009.3743,1993.1516
Q1-22,images/Q1-22.jpg,Q1,22,,Special,True,True,,733.557,0.9939,4612,733.664,1967.985,1930,2006,696,771,733.5,bright,True,,1977.0746,2009.4031,1993.2388
Q1-23,images/Q1-23.jpg,Q1,23,,Special,True,True,,733.557,0.9939,4612,733.664,1967.985,1930,2006,696,771,733.5,bright,True,,1977.0169,2009.2986,1993.1578
Q1-24,images/Q1-24.jpg,Q1,24,,Special,True,True,,733.557,0.9939,4612,733.664,1967.985,1930,2006,696,771,733.5,bright,True,,1976.9422,2009.3651,1993.1537
Q1-25,images/Q1-25.jpg,Q1,25,,Special,True,True,,733.557,0.9939,4612,733.664,1967.985,1930,2006,696,771,733.5,bright,True,,1976.8271,2009.3034,1993.0653
Q1-26,images/Q1-26.jpg,Q1,26,,Special,True,True,,733.557,0.9939,4612,733.664,1967.985,1930,2006,696,771,733.5,bright,True,,1977.1281,2009.3029,1993.2155
Q1-27,images/Q1-27.jpg,Q1,27,,Special,True,True,,733.557,0.9939,4612,733.664,1967.985,1930,2006,696,771,733.5,bright,True,,1976.8023,2009.2862,1993.0443
Q1-28,images/Q1-28.jpg,Q1,28,,Special,True,True,,733.557,0.9939,4612,733.664,1967.985,1930,2006,696,771,733.5,bright,True,,1977.0423,2009.3015,1993.1719
Q1-29,images/Q1-29.jpg,Q1,29,,Special,True,True,,733.557,0.9939,4612,733.664,1967.985,1930,2006,696,771,733.5,bright,True,,1976.9631,2009.3137,1993.1384
Q1-3,images/Q1-3.jpg,Q1,3,,Special,True,True,,733.557,0.9939,4612,733.664,1967.985,1930,2006,696,771,733.5,bright,True,,1976.9209,2009.2139,1993.0674
Q1-30,images/Q1-30.jpg,Q1,30,,Special,True,True,,733.557,0.9939,4612,733.664,1967.985,1930,2006,696,771,733.5,bright,True,,1976.9735,2009.1574,1993.0655
Q1-31,images/Q1-31.jpg,Q1,31,,Special,True,True,,733.557,0.9939,4612,733.664,1967.985,1930,2006,696,771,733.5,bright,True,,1976.9124,2009.2329,1993.0726
Q1-4,images/Q1-4.jpg,Q1,4,,Special,True,True,,733.557,0.9939,4612,733.664,1967.985,1930,2006,696,771,733.5,bright,True,,1976.9717,2009.1638,1993.0678
Q1-5,images/Q1-5.jpg,Q1,5,,Special,True,True,,733.557,0.9939,4612,733.664,1967.985,1930,2006,696,771,733.5,bright,True,,1976.7558,2009.198,1992.9769
Q1-6,images/Q1-6.jpg,Q1,6,,Special,True,True,,733.557,0.9939,4612,733.664,1967.985,1930,2006,696,771,733.5,bright,True,,1976.998,2009.2277,1993.1129
Q1-7,images/Q1-7.jpg,Q1,7,,Special,True,True,,733.557,0.9939,4612,733.664,1967.985,1930,2006,696,771,733.5,bright,True,,1976.7423,2009.1595,1992.9509
Q1-8,images/Q1-8.jpg,Q1,8,,Special,True,True,,733.557,0.9939,4612,733.664,1967.985,1930,2006,696,771,733.5,bright,True,,1976.9358,2009.1986,1993.0672
Q1-9,images/Q1-9.jpg,Q1,9,,Special,True,True,,733.557,0.9939,4612,733.664,1967.985,1930,2006,696,771,733.5,bright,True,,1976.903,2009.2009,1993.052
Q2-1,images/Q2-1.jpg,Q2,1,,Special,True,True,,733.573,0.9909,4630,733.752,1968.061,1930,2006,696,771,733.5,bright,True,,1976.8066,2009.3092,1993.0579
Q2-10,images/Q2-10.jpg,Q2,10,,Special,True,True,,733.573,0.9909,4630,733.752,1968.061,1930,2006,696,771,733.5,bright,True,,1976.8461,2009.2654,1993.0558
Q2-11,images/Q2-11.jpg,Q2,11,,Special,True,True,,733.573,0.9909,4630,733.752,1968.061,1930,2006,696,771,733.5,bright,True,,1976.8023,2009.3226,1993.0624
Q2-12,images/Q2-12.jpg,Q2,12,,Special,True,True,,733.573,0.9909,4630,733.752,1968.061,1930,2006,696,771,733.5,bright,True,,1976.8738,2009.3645,1993.1192
Q2-13,images/Q2-13.jpg,Q2,13,,Special,True,True,,733.573,0.9909,4630,733.752,1968.061,1930,2006,696,771,733.5,bright,True,,1976.8637,2009.2638,1993.0638
Q2-14,images/Q2-14.jpg,Q2,14,,Special,True,True,,733.573,0.9909,4630,733.752,1968.061,1930,2006,696,771,733.5,bright,True,,1976.8042,2009.3248,1993.0645
Q2-15,images/Q2-15.jpg,Q2,15,,Special,True,True,,733.573,0.9909,4630,733.752,1968.061,1930,2006,696,771,733.5,bright,True,,1976.7513,2009.2604,1993.0058
Q2-16,images/Q2-16.jpg,Q2,16,,Special,True,True,,733.573,0.9909,4630,733.752,1968.061,1930,2006,696,771,733.5,bright,True,,1976.9157,2009.2695,1993.0926
Q2-17,images/Q2-17.jpg,Q2,17,,Special,True,True,,733.573,0.9909,4630,733.752,1968.061,1930,2006,696,771,733.5,bright,True,,1976.7225,2009.2452,1992.9839
Q2-18,images/Q2-18.jpg,Q2,18,,Special,True,True,,733.573,0.9909,4630,733.752,1968.061,1930,2006,696,771,733.5,bright,True,,1976.8736,2009.256,1993.0648
Q2-19,images/Q2-19.jpg,Q2,19,,Special,True,True,,733.573,0.9909,4630,733.752,1968.061,1930,2006,696,771,733.5,bright,True,,1976.8254,2009.2827,1993.054
Q2-2,images/Q2-2.jpg,Q2,2,,Special,True,True,,733.573,0.9909,4630,733.752,1968.061,1930,2006,696,771,733.5,bright,True,,1976.8915,2009.3517,1993.1216
Q2-20,images/Q2-20.jpg,Q2,20,,Special,True,True,,733.573,0.9909,4630,733.752,1968.061,1930,2006,696,771,733.5,bright,True,,1976.9237,2009.3147,1993.1192
Q2-21,images/Q2-21.jpg,Q2,21,,Special,True,True,,733.573,0.9909,4630,733.752,1968.061,1930,2006,696,771,733.5,bright,True,,1976.8713,2009.3691,1993.1202
Q2-22,images/Q2-22.jpg,Q2,22,,Special,True,True,,733.573,0.9909,4630,733.752,1968.061,1930,2006,696,771,733.5,bright,True,,1976.9539,2009.3921,1993.173
Q2-23,images/Q2-23.jpg,Q2,23,,Special,True,True,,733.573,0.9909,4630,733.752,1968.061,1930,2006,696,771,733.5,bright,True,,1976.9322,2009.3107,1993.1215
Q2-24,images/Q2-24.jpg,Q2,24,,Special,True,True,,733.573,0.9909,4630,733.752,1968.061,1930,2006,696,771,733.5,bright,True,,1976.8849,2009.3619,1993.1234
Q2-25,images/Q2-25.jpg,Q2,25,,Special,True,True,,733.573,0.9909,4630,733.752,1968.061,1930,2006,696,771,733.5,bright,True,,1976.81,2009.3144,1993.0622
Q2-26,images/Q2-26.jpg,Q2,26,,Special,True,True,,733.573,0.9909,4630,733.752,1968.061,1930,2006,696,771,733.5,bright,True,,1976.9907,2009.3152,1993.153
Q2-27,images/Q2-27.jpg,Q2,27,,Special,True,True,,733.573,0.9909,4630,733.752,1968.061,1930,2006,696,771,733.5,bright,True,,1976.7638,2009.3215,1993.0426
Q2-28,images/Q2-28.jpg,Q2,28,,Special,True,True,,812.536,0.8696,14892,802.699,1895.031,1856,1990,681,913,797.0,bright,False,text-height-19.6,,,
Q2-29,images/Q2-29.jpg,Q2,29,,Special,True,True,,696.964,0.1506,611,700.777,1928.249,1859,1990,691,714,702.5,bright,False,text-clipped,,,
Q2-3,images/Q2-3.jpg,Q2,3,,Special,True,True,,733.573,0.9909,4630,733.752,1968.061,1930,2006,696,771,733.5,bright,True,,1976.8699,2009.2467,1993.0583
Q2-30,images/Q2-30.jpg,Q2,30,,Special,True,True,,693.194,0.197,670,699.787,1921.393,1856,1990,689,714,701.5,bright,False,text-too-thin,,,
Q2-31,images/Q2-31.jpg,Q2,31,,Special,True,True,,700.4,0.2422,900,700.283,1925.569,1856,1990,689,719,704.0,bright,False,text-clipped,,,
Q2-32,images/Q2-32.jpg,Q2,32,,Special,True,True,,693.55,0.1775,631,700.059,1922.666,1856,1990,690,714,702.0,bright,False,text-clipped,,,
Q2-33,images/Q2-33.jpg,Q2,33,,Special,True,True,,693.938,0.2724,749,699.876,1919.757,1856,1990,689,714,701.5,bright,False,text-height-20.0,,,
Q2-34,images/Q2-34.jpg,Q2,34,,Special,True,True,,792.375,0.7552,3766,793.648,1886.786,1856,1916,752,839,795.5,dark,False,text-too-thin,,,
Q2-35,images/Q2-35.jpg,Q2,35,,Special,True,True,,712.25,0.2886,492,706.76,1957.986,1912,1990,697,725,711.0,bright,False,text-clipped,,,
Q2-4,images/Q2-4.jpg,Q2,4,,Special,True,True,,733.573,0.9909,4630,733.752,1968.061,1930,2006,696,771,733.5,bright,True,,1976.8089,2009.3076,1993.0583
Q2-5,images/Q2-5.jpg,Q2,5,,Special,True,True,,733.573,0.9909,4630,733.752,1968.061,1930,2006,696,771,733.5,bright,True,,1976.7484,2009.2452,1992.9968
Q2-6,images/Q2-6.jpg,Q2,6,,Special,True,True,,733.573,0.9909,4630,733.752,1968.061,1930,2006,696,771,733.5,bright,True,,1976.9305,2009.2504,1993.0905
Q2-7,images/Q2-7.jpg,Q2,7,,Special,True,True,,733.573,0.9909,4630,733.752,1968.061,1930,2006,696,771,733.5,bright,True,,1976.7086,2009.2455,1992.9771
Q2-8,images/Q2-8.jpg,Q2,8,,Special,True,True,,733.573,0.9909,4630,733.752,1968.061,1930,2006,696,771,733.5,bright,True,,1976.8808,2009.243,1993.0619
Q2-9,images/Q2-9.jpg,Q2,9,,Special,True,True,,733.573,0.9909,4630,733.752,1968.061,1930,2006,696,771,733.5,bright,True,,1976.8212,2009.2727,1993.0469
13-208,images/13-208.jpg,13,208,,Epic,False,True,,733.007,0.9955,6631,733.035,1960.875,1918,2014,682,784,733.0,bright,True,,1976.8904,2009.2759,1993.0831
13-209,images/13-209.jpg,13,209,,Epic,False,True,,733.007,0.9955,6631,733.035,1960.875,1918,2014,682,784,733.0,bright,True,,1976.8564,2009.279,1993.0677
13-210,images/13-210.jpg,13,210,,Epic,False,True,,733.007,0.9955,6631,733.035,1960.875,1918,2014,682,784,733.0,bright,True,,1976.8487,2009.3109,1993.0798
13-211,images/13-211.jpg,13,211,,Epic,False,True,,733.011,0.9953,6632,733.037,1960.869,1918,2014,682,784,733.0,bright,True,,1976.8205,2009.3344,1993.0774
13-212,images/13-212.jpg,13,212,,Epic,False,True,,733.011,0.9953,6632,733.037,1960.869,1918,2014,682,784,733.0,bright,True,,1976.8515,2009.3832,1993.1173
13-214,images/13-214.jpg,13,214,,Epic,False,True,,733.007,0.9955,6631,733.036,1960.876,1918,2014,682,784,733.0,bright,True,,1976.8094,2009.3316,1993.0705
13-215,images/13-215.jpg,13,215,,Epic,False,True,,733.007,0.9955,6631,733.036,1960.876,1918,2014,682,784,733.0,bright,True,,1976.7558,2009.2883,1993.0221
13-217,images/13-217.jpg,13,217,,Epic,False,True,,733.011,0.9953,6632,733.037,1960.869,1918,2014,682,784,733.0,bright,True,,1976.7418,2009.2775,1993.0096
13-218,images/13-218.jpg,13,218,,Epic,False,True,,733.011,0.9953,6632,733.037,1960.869,1918,2014,682,784,733.0,bright,True,,1976.8526,2009.3002,1993.0764
13-219,images/13-219.jpg,13,219,,Epic,False,True,,733.011,0.9953,6632,733.037,1960.869,1918,2014,682,784,733.0,bright,True,,1976.8411,2009.2926,1993.0668
13-220,images/13-220.jpg,13,220,,Epic,False,True,,733.007,0.9955,6631,733.036,1960.876,1918,2014,682,784,733.0,bright,True,,1976.8737,2009.3633,1993.1185
13-221,images/13-221.jpg,13,221,,Epic,False,True,,733.007,0.9955,6631,733.036,1960.876,1918,2014,682,784,733.0,bright,True,,1976.8593,2009.3808,1993.1201
13-222,images/13-222.jpg,13,222,,Epic,False,False,no-core-component,,,,,,,,,,,,False,text-clipped,,,
13-223,images/13-223.jpg,13,223,,Epic,False,True,,733.007,0.9955,6631,733.035,1960.875,1918,2014,682,784,733.0,bright,True,,1976.8804,2009.3691,1993.1248
13-225,images/13-225.jpg,13,225,,Epic,False,True,,733.007,0.9955,6631,733.035,1960.875,1918,2014,682,784,733.0,bright,True,,1976.7855,2009.3591,1993.0723
