id,w,h,search,n_bounds,cx,cy,apothems,fit_rms,strengths,cx_each,cy_each
1-1-C1,1468,2048,open,2,146.299,155.576,67.462;78.915,0.339;0.247,2157;2196,146.111;146.484,155.596;155.557
1-1-D23,1468,2048,open,3,146.623,156.707,57.070;67.150;71.588,0.353;0.247;0.301,1881;1972;1503,146.540;146.311;147.138,156.722;156.740;156.643
1-1-P1-_TFC,1468,2048,open,3,146.672,156.819,57.810;66.531;72.250,0.217;0.131;0.213,2742;2968;2238,146.536;146.544;147.009,156.826;156.793;156.845
1-1,1468,2048,open,3,146.675,156.734,57.764;66.578;72.222,0.202;0.149;0.225,2757;2938;1968,146.555;146.538;147.045,156.747;156.716;156.743
1-10-C1,1468,2048,open,2,146.363,155.552,67.320;78.966,0.277;0.253,2461;2506,146.141;146.582,155.555;155.548
1-10-C2,1468,2048,open,3,146.570,156.806,57.745;66.598;72.038,0.192;0.156;0.351,2867;2980;2051,146.534;146.519;146.694,156.805;156.780;156.843
1-10-P1,1468,2048,open,3,146.680,156.734,57.766;66.577;72.231,0.203;0.150;0.225,2752;2939;1968,146.557;146.540;147.059,156.743;156.719;156.742
1-10-P3,1468,2048,open,3,146.473,156.854,57.759;66.639;72.036,0.206;0.164;0.352,2782;2949;2021,146.439;146.431;146.581,156.841;156.842;156.891
1-10,1468,2048,open,3,146.675,156.734,57.764;66.578;72.222,0.202;0.149;0.225,2757;2938;1968,146.555;146.538;147.045,156.747;156.716;156.743
1-100,1468,2048,open,3,146.675,156.734,57.764;66.578;72.222,0.202;0.149;0.225,2757;2938;1968,146.555;146.538;147.045,156.747;156.716;156.743
1-101,1468,2048,open,2,149.599,155.569,67.611;78.521,0.076;0.122,2907;2910,149.582;149.616,155.555;155.582
1-102,1468,2048,open,3,146.685,156.780,57.763;66.586;72.207,0.201;0.139;0.187,2776;2955;1965,146.555;146.567;147.044,156.786;156.767;156.790
1-103,1468,2048,open,3,146.675,156.734,57.764;66.578;72.222,0.202;0.149;0.225,2757;2938;1968,146.555;146.538;147.045,156.747;156.716;156.743
1-104,1468,2048,open,3,146.675,156.734,57.764;66.578;72.222,0.202;0.149;0.225,2757;2938;1968,146.555;146.538;147.045,156.747;156.716;156.743
1-105,1468,2048,open,3,146.675,156.734,57.764;66.578;72.222,0.202;0.149;0.225,2757;2938;1968,146.555;146.538;147.045,156.747;156.716;156.743
1-106,1468,2048,open,3,146.675,156.734,57.764;66.578;72.222,0.202;0.149;0.225,2757;2938;1968,146.555;146.538;147.045,156.747;156.716;156.743
1-107,1468,2048,open,2,149.598,155.567,67.610;78.520,0.074;0.121,2908;2913,149.581;149.615,155.553;155.581
1-108,1468,2048,open,3,146.675,156.734,57.764;66.578;72.222,0.202;0.149;0.225,2757;2938;1968,146.555;146.538;147.045,156.747;156.716;156.743
1-109,1468,2048,open,3,146.675,156.734,57.764;66.578;72.222,0.202;0.149;0.225,2757;2938;1968,146.555;146.538;147.045,156.747;156.716;156.743
1-11-P1,1468,2048,open,3,146.680,156.734,57.766;66.577;72.231,0.203;0.150;0.225,2752;2939;1968,146.557;146.540;147.059,156.743;156.719;156.742
1-11,1468,2048,open,3,146.675,156.734,57.764;66.578;72.222,0.202;0.149;0.225,2757;2938;1968,146.555;146.538;147.045,156.747;156.716;156.743
1-110,1468,2048,open,3,146.675,156.734,57.764;66.578;72.222,0.202;0.149;0.225,2757;2938;1968,146.555;146.538;147.045,156.747;156.716;156.743
1-111,1468,2048,open,3,146.675,156.734,57.764;66.578;72.222,0.202;0.149;0.225,2757;2938;1968,146.555;146.538;147.045,156.747;156.716;156.743
1-112,1468,2048,open,3,146.675,156.734,57.764;66.578;72.222,0.202;0.149;0.225,2757;2938;1968,146.555;146.538;147.045,156.747;156.716;156.743
1-113,1468,2048,open,3,146.675,156.734,57.764;66.578;72.222,0.202;0.149;0.225,2757;2938;1968,146.555;146.538;147.045,156.747;156.716;156.743
1-114,1468,2048,open,3,146.675,156.734,57.764;66.578;72.222,0.202;0.149;0.225,2757;2938;1968,146.555;146.538;147.045,156.747;156.716;156.743
1-115,1468,2048,open,3,146.675,156.734,57.764;66.578;72.222,0.202;0.149;0.225,2757;2938;1968,146.555;146.538;147.045,156.747;156.716;156.743
1-116,1468,2048,open,3,146.675,156.734,57.764;66.578;72.222,0.202;0.149;0.225,2757;2938;1968,146.555;146.538;147.045,156.747;156.716;156.743
1-117,1468,2048,open,3,146.675,156.734,57.764;66.578;72.222,0.202;0.149;0.225,2757;2938;1968,146.555;146.538;147.045,156.747;156.716;156.743
1-118,1468,2048,open,3,146.675,156.734,57.764;66.578;72.222,0.202;0.149;0.225,2757;2938;1968,146.555;146.538;147.045,156.747;156.716;156.743
1-119,1468,2048,open,2,149.598,155.567,67.610;78.520,0.074;0.121,2908;2913,149.581;149.615,155.553;155.581
1-12-P1,1468,2048,open,3,146.751,156.739,57.109;67.123;71.638,0.376;0.199;0.305,2950;2925;2141,146.533;146.693;147.132,156.739;156.804;156.649
1-12,1468,2048,open,3,146.675,156.734,57.764;66.578;72.222,0.202;0.149;0.225,2757;2938;1968,146.555;146.538;147.045,156.747;156.716;156.743
1-120,1468,2048,open,3,146.675,156.734,57.764;66.578;72.222,0.202;0.149;0.225,2757;2938;1968,146.555;146.538;147.045,156.747;156.716;156.743
1-121,1468,2048,open,2,149.598,155.567,67.610;78.520,0.074;0.121,2908;2913,149.581;149.615,155.553;155.581
1-122,1468,2048,open,3,146.675,156.734,57.764;66.578;72.222,0.202;0.149;0.225,2757;2938;1968,146.555;146.538;147.045,156.747;156.716;156.743
1-123,1468,2048,open,2,149.598,155.567,67.610;78.520,0.074;0.121,2908;2913,149.581;149.615,155.553;155.581
1-124,1468,2048,open,3,146.675,156.734,57.764;66.578;72.222,0.202;0.149;0.225,2757;2938;1968,146.555;146.538;147.045,156.747;156.716;156.743
1-125,1468,2048,open,3,146.675,156.734,57.764;66.578;72.222,0.202;0.149;0.225,2757;2938;1968,146.555;146.538;147.045,156.747;156.716;156.743
1-126,1468,2048,open,2,149.598,155.567,67.610;78.520,0.074;0.121,2908;2913,149.581;149.615,155.553;155.581
1-127,1468,2048,open,3,146.675,156.734,57.764;66.578;72.222,0.202;0.149;0.225,2757;2938;1968,146.555;146.538;147.045,156.747;156.716;156.743
1-128,1468,2048,open,2,149.598,155.567,67.610;78.520,0.074;0.121,2908;2913,149.581;149.615,155.553;155.581
1-129,1468,2048,open,3,146.675,156.734,57.764;66.578;72.222,0.202;0.149;0.225,2757;2938;1968,146.555;146.538;147.045,156.747;156.716;156.743
1-13-P1,1468,2048,open,3,146.751,156.739,57.109;67.123;71.638,0.376;0.199;0.305,2950;2925;2141,146.533;146.693;147.132,156.739;156.804;156.649
1-13,1468,2048,open,3,146.675,156.734,57.764;66.578;72.222,0.202;0.149;0.225,2757;2938;1968,146.555;146.538;147.045,156.747;156.716;156.743
1-130,1468,2048,open,2,149.598,155.567,67.610;78.520,0.074;0.121,2908;2913,149.581;149.615,155.553;155.581
1-131,1468,2048,open,3,146.675,156.734,57.764;66.578;72.222,0.202;0.149;0.225,2757;2938;1968,146.555;146.538;147.045,156.747;156.716;156.743
1-132,1468,2048,open,3,146.675,156.734,57.764;66.578;72.222,0.202;0.149;0.225,2757;2938;1968,146.555;146.538;147.045,156.747;156.716;156.743
1-133,1468,2048,open,3,146.675,156.734,57.764;66.578;72.222,0.202;0.149;0.225,2757;2938;1968,146.555;146.538;147.045,156.747;156.716;156.743
1-134,1468,2048,open,2,149.599,155.569,67.611;78.521,0.076;0.122,2907;2910,149.582;149.616,155.555;155.582
1-135,1468,2048,open,3,146.685,156.780,57.763;66.586;72.207,0.201;0.139;0.187,2776;2955;1965,146.555;146.567;147.044,156.786;156.767;156.790
1-136,1468,2048,open,2,149.599,155.569,67.611;78.521,0.076;0.122,2907;2910,149.582;149.616,155.555;155.582
1-137,1468,2048,open,2,149.598,155.567,67.610;78.520,0.074;0.121,2908;2913,149.581;149.615,155.553;155.581
1-138,1468,2048,open,3,146.675,156.734,57.764;66.578;72.222,0.202;0.149;0.225,2757;2938;1968,146.555;146.538;147.045,156.747;156.716;156.743
1-139,1468,2048,open,3,146.675,156.734,57.764;66.578;72.222,0.202;0.149;0.225,2757;2938;1968,146.555;146.538;147.045,156.747;156.716;156.743
1-14,1468,2048,open,3,146.675,156.734,57.764;66.578;72.222,0.202;0.149;0.225,2757;2938;1968,146.555;146.538;147.045,156.747;156.716;156.743
1-140,1468,2048,open,3,146.675,156.734,57.764;66.578;72.222,0.202;0.149;0.225,2757;2938;1968,146.555;146.538;147.045,156.747;156.716;156.743
1-141,1468,2048,open,3,146.675,156.734,57.764;66.578;72.222,0.202;0.149;0.225,2757;2938;1968,146.555;146.538;147.045,156.747;156.716;156.743
1-142,1468,2048,open,3,146.664,156.797,57.738;66.612;72.180,0.194;0.162;0.186,2784;2938;1932,146.550;146.535;147.025,156.804;156.791;156.795
1-143,1468,2048,open,3,146.675,156.734,57.764;66.578;72.222,0.202;0.149;0.225,2757;2938;1968,146.555;146.538;147.045,156.747;156.716;156.743
1-144,1468,2048,open,3,146.675,156.734,57.764;66.578;72.222,0.202;0.149;0.225,2757;2938;1968,146.555;146.538;147.045,156.747;156.716;156.743
1-145,1468,2048,open,3,146.675,156.734,57.764;66.578;72.222,0.202;0.149;0.225,2757;2938;1968,146.555;146.538;147.045,156.747;156.716;156.743
1-146,1468,2048,open,3,146.675,156.734,57.764;66.578;72.222,0.202;0.149;0.225,2757;2938;1968,146.555;146.538;147.045,156.747;156.716;156.743
1-147,1468,2048,open,2,149.598,155.567,67.610;78.520,0.074;0.121,2908;2913,149.581;149.615,155.553;155.581
1-148,1468,2048,open,3,146.675,156.734,57.764;66.578;72.222,0.202;0.149;0.225,2757;2938;1968,146.555;146.538;147.045,156.747;156.716;156.743
1-149,1468,2048,open,3,146.675,156.734,57.764;66.578;72.222,0.202;0.149;0.225,2757;2938;1968,146.555;146.538;147.045,156.747;156.716;156.743
1-15,1468,2048,open,3,146.675,156.734,57.764;66.578;72.222,0.202;0.149;0.225,2757;2938;1968,146.555;146.538;147.045,156.747;156.716;156.743
1-150,1468,2048,open,3,146.675,156.734,57.764;66.578;72.222,0.202;0.149;0.225,2757;2938;1968,146.555;146.538;147.045,156.747;156.716;156.743
1-151,1468,2048,open,3,146.675,156.734,57.764;66.578;72.222,0.202;0.149;0.225,2757;2938;1968,146.555;146.538;147.045,156.747;156.716;156.743
1-152,1468,2048,open,3,146.675,156.734,57.764;66.578;72.222,0.202;0.149;0.225,2757;2938;1968,146.555;146.538;147.045,156.747;156.716;156.743
1-153,1468,2048,open,3,146.675,156.734,57.764;66.578;72.222,0.202;0.149;0.225,2757;2938;1968,146.555;146.538;147.045,156.747;156.716;156.743
1-154,1468,2048,open,2,149.598,155.567,67.610;78.520,0.074;0.121,2908;2913,149.581;149.615,155.553;155.581
1-155,1468,2048,open,3,146.675,156.734,57.764;66.578;72.222,0.202;0.149;0.225,2757;2938;1968,146.555;146.538;147.045,156.747;156.716;156.743
1-156,1468,2048,open,3,146.675,156.734,57.764;66.578;72.222,0.202;0.149;0.225,2757;2938;1968,146.555;146.538;147.045,156.747;156.716;156.743
1-157,1468,2048,open,3,146.675,156.734,57.764;66.578;72.222,0.202;0.149;0.225,2757;2938;1968,146.555;146.538;147.045,156.747;156.716;156.743
1-158,1468,2048,open,3,146.675,156.734,57.764;66.578;72.222,0.202;0.149;0.225,2757;2938;1968,146.555;146.538;147.045,156.747;156.716;156.743
1-159,1468,2048,open,3,146.675,156.734,57.764;66.578;72.222,0.202;0.149;0.225,2757;2938;1968,146.555;146.538;147.045,156.747;156.716;156.743
1-16,1468,2048,open,2,149.598,155.567,67.610;78.520,0.074;0.121,2908;2913,149.581;149.615,155.553;155.581
1-160,1468,2048,open,3,146.675,156.734,57.764;66.578;72.222,0.202;0.149;0.225,2757;2938;1968,146.555;146.538;147.045,156.747;156.716;156.743
1-161,1468,2048,open,3,146.675,156.734,57.764;66.578;72.222,0.202;0.149;0.225,2757;2938;1968,146.555;146.538;147.045,156.747;156.716;156.743
1-162,1468,2048,open,2,149.598,155.567,67.610;78.520,0.074;0.121,2908;2913,149.581;149.615,155.553;155.581
1-163,1468,2048,open,3,146.675,156.734,57.764;66.578;72.222,0.202;0.149;0.225,2757;2938;1968,146.555;146.538;147.045,156.747;156.716;156.743
1-164,1468,2048,open,2,149.598,155.567,67.610;78.520,0.074;0.121,2908;2913,149.581;149.615,155.553;155.581
1-165,1468,2048,open,3,146.675,156.734,57.764;66.578;72.222,0.202;0.149;0.225,2757;2938;1968,146.555;146.538;147.045,156.747;156.716;156.743
1-166,1468,2048,open,3,146.685,156.780,57.763;66.586;72.207,0.201;0.139;0.187,2776;2955;1965,146.555;146.567;147.044,156.786;156.767;156.790
1-167,1468,2048,open,3,146.685,156.780,57.763;66.586;72.207,0.201;0.139;0.187,2776;2955;1965,146.555;146.567;147.044,156.786;156.767;156.790
1-168,1468,2048,open,3,146.685,156.780,57.763;66.586;72.207,0.201;0.139;0.187,2776;2955;1965,146.555;146.567;147.044,156.786;156.767;156.790
1-169,1468,2048,open,3,146.685,156.780,57.763;66.586;72.207,0.201;0.139;0.187,2776;2955;1965,146.555;146.567;147.044,156.786;156.767;156.790
1-17,1468,2048,open,3,146.675,156.734,57.764;66.578;72.222,0.202;0.149;0.225,2757;2938;1968,146.555;146.538;147.045,156.747;156.716;156.743
1-170,1468,2048,open,3,146.685,156.780,57.763;66.586;72.207,0.201;0.139;0.187,2776;2955;1965,146.555;146.567;147.044,156.786;156.767;156.790
1-171,1468,2048,open,3,146.675,156.734,57.764;66.578;72.222,0.202;0.149;0.225,2757;2938;1968,146.555;146.538;147.045,156.747;156.716;156.743
1-172,1468,2048,open,3,146.675,156.734,57.764;66.578;72.222,0.202;0.149;0.225,2757;2938;1968,146.555;146.538;147.045,156.747;156.716;156.743
1-173,1468,2048,open,2,149.598,155.567,67.610;78.520,0.074;0.121,2908;2913,149.581;149.615,155.553;155.581
1-174,1468,2048,open,3,146.675,156.734,57.764;66.578;72.222,0.202;0.149;0.225,2757;2938;1968,146.555;146.538;147.045,156.747;156.716;156.743
1-175,1468,2048,open,2,149.598,155.567,67.610;78.520,0.074;0.121,2908;2913,149.581;149.615,155.553;155.582
1-176,1468,2048,open,3,146.675,156.734,57.764;66.578;72.222,0.202;0.149;0.225,2757;2938;1968,146.555;146.538;147.045,156.747;156.716;156.743
1-177,1468,2048,open,3,146.675,156.734,57.764;66.578;72.222,0.202;0.149;0.225,2757;2938;1968,146.555;146.538;147.045,156.747;156.716;156.743
1-178,1468,2048,open,3,146.675,156.734,57.764;66.578;72.222,0.202;0.149;0.225,2757;2938;1968,146.555;146.538;147.045,156.747;156.716;156.743
1-179,1468,2048,open,3,146.675,156.734,57.764;66.578;72.222,0.202;0.149;0.225,2757;2938;1968,146.555;146.538;147.045,156.747;156.716;156.743
1-18,1468,2048,open,3,146.675,156.734,57.764;66.578;72.222,0.202;0.149;0.225,2757;2938;1968,146.555;146.538;147.045,156.747;156.716;156.743
1-180,1468,2048,open,3,146.675,156.734,57.764;66.578;72.222,0.202;0.149;0.225,2757;2938;1968,146.555;146.538;147.045,156.747;156.716;156.743
1-181,1468,2048,open,3,146.675,156.734,57.764;66.578;72.222,0.202;0.149;0.225,2757;2938;1968,146.555;146.538;147.045,156.747;156.716;156.743
1-182,1468,2048,open,3,146.675,156.734,57.764;66.578;72.222,0.202;0.149;0.225,2757;2938;1968,146.555;146.538;147.045,156.747;156.716;156.743
1-183,1468,2048,open,3,146.675,156.734,57.764;66.578;72.222,0.202;0.149;0.225,2757;2938;1968,146.555;146.538;147.045,156.747;156.716;156.743
1-184,1468,2048,open,3,146.675,156.734,57.764;66.578;72.222,0.202;0.149;0.225,2757;2938;1968,146.555;146.538;147.045,156.747;156.716;156.743
1-185,1468,2048,open,3,146.675,156.734,57.764;66.578;72.222,0.202;0.149;0.225,2757;2938;1968,146.555;146.538;147.045,156.747;156.716;156.743
1-186,1468,2048,open,3,146.675,156.734,57.764;66.578;72.222,0.202;0.149;0.225,2757;2938;1968,146.555;146.538;147.045,156.747;156.716;156.743
1-187,1468,2048,open,3,146.675,156.734,57.764;66.578;72.222,0.202;0.149;0.225,2757;2938;1968,146.555;146.538;147.045,156.747;156.716;156.743
1-188,1468,2048,open,3,146.675,156.734,57.764;66.578;72.222,0.202;0.149;0.225,2757;2938;1968,146.555;146.538;147.045,156.747;156.716;156.743
1-189,1468,2048,open,3,146.675,156.734,57.764;66.578;72.222,0.202;0.149;0.225,2757;2938;1968,146.555;146.538;147.045,156.747;156.716;156.743
1-19,1468,2048,open,3,146.675,156.734,57.764;66.578;72.222,0.202;0.149;0.225,2757;2938;1968,146.555;146.538;147.045,156.747;156.716;156.743
1-190,1468,2048,open,2,149.598,155.567,67.610;78.520,0.074;0.121,2908;2913,149.581;149.615,155.553;155.581
1-191,1468,2048,open,3,146.675,156.734,57.764;66.578;72.222,0.202;0.149;0.225,2757;2938;1968,146.555;146.538;147.045,156.747;156.716;156.743
1-192,1468,2048,open,3,146.675,156.734,57.764;66.578;72.222,0.202;0.149;0.225,2757;2938;1968,146.555;146.538;147.045,156.747;156.716;156.743
1-193,1468,2048,open,3,146.675,156.734,57.764;66.578;72.222,0.202;0.149;0.225,2757;2938;1968,146.555;146.538;147.045,156.747;156.716;156.743
1-194,1468,2048,open,3,146.675,156.734,57.764;66.578;72.222,0.202;0.149;0.225,2757;2938;1968,146.555;146.538;147.045,156.747;156.716;156.743
1-195,1468,2048,open,2,149.598,155.567,67.610;78.520,0.074;0.121,2908;2913,149.581;149.615,155.553;155.581
1-196,1468,2048,open,3,146.675,156.734,57.764;66.578;72.222,0.202;0.149;0.225,2757;2938;1968,146.555;146.538;147.045,156.747;156.716;156.743
1-197,1468,2048,open,2,149.598,155.567,67.610;78.520,0.074;0.121,2908;2913,149.581;149.615,155.553;155.581
1-198,1468,2048,open,2,149.598,155.567,67.610;78.520,0.074;0.121,2908;2913,149.581;149.615,155.553;155.581
1-199,1468,2048,open,3,146.675,156.734,57.764;66.578;72.222,0.202;0.149;0.225,2757;2938;1968,146.555;146.538;147.045,156.747;156.716;156.743
1-2-C1,1468,2048,open,3,146.560,156.763,57.349;66.965;71.610,0.124;0.268;0.234,2765;2731;2031,146.523;146.487;146.710,156.745;156.804;156.731
1-2-P1,1468,2048,open,3,146.672,156.819,57.809;66.531;72.250,0.216;0.131;0.213,2742;2968;2238,146.535;146.544;147.009,156.825;156.793;156.845
1-2,1468,2048,open,3,146.675,156.734,57.764;66.578;72.222,0.202;0.149;0.225,2757;2938;1968,146.555;146.538;147.045,156.747;156.716;156.743
1-20-P1,1468,2048,open,2,149.557,155.439,67.658;78.481,0.069;0.107,2921;2958,149.556;149.558,155.450;155.428
1-20,1468,2048,open,3,146.675,156.734,57.764;66.578;72.222,0.202;0.149;0.225,2757;2938;1968,146.555;146.538;147.045,156.747;156.716;156.743
1-200,1468,2048,open,3,146.675,156.734,57.764;66.578;72.222,0.202;0.149;0.225,2757;2938;1968,146.555;146.538;147.045,156.747;156.716;156.743
1-201,1468,2048,open,3,146.685,156.780,57.763;66.586;72.207,0.201;0.139;0.187,2776;2955;1965,146.555;146.567;147.044,156.786;156.767;156.790
1-202,1468,2048,open,3,146.685,156.780,57.763;66.586;72.207,0.201;0.139;0.187,2776;2955;1965,146.555;146.567;147.044,156.786;156.767;156.790
1-203,1468,2048,open,2,149.599,155.569,67.611;78.521,0.076;0.122,2907;2910,149.582;149.616,155.555;155.582
1-204,1468,2048,open,2,149.599,155.569,67.611;78.521,0.076;0.122,2907;2910,149.582;149.616,155.555;155.582
1-205,1468,2048,open,2,149.649,155.450,67.724;78.524,0.209;0.110,2532;2614,149.745;149.557,155.467;155.435
1-206,1468,2048,open,3,146.703,156.719,57.803;66.543;72.261,0.209;0.139;0.204,1953;2154;1452,146.563;146.576;147.082,156.729;156.708;156.722
1-207,1468,2048,open,3,149.566,155.371,67.626;78.501;88.302,0.063;0.121;1.477,1990;1996;798,149.533;149.559;149.668,155.465;155.433;154.982
1-208,1468,2048,open,3,146.698,156.717,57.794;66.553;72.237,0.213;0.138;0.192,1848;2023;1357,146.562;146.568;147.076,156.726;156.708;156.718
1-209,1468,2048,open,2,149.669,155.443,67.758;78.489,0.202;0.122,2333;2358,149.790;149.549,155.459;155.428
1-21-P1,1468,2048,open,3,146.689,156.722,57.820;66.522;72.300,0.216;0.134;0.243,2820;2974;2144,146.549;146.539;147.082,156.747;156.697;156.723
1-21,1468,2048,open,3,146.675,156.734,57.764;66.578;72.222,0.202;0.149;0.225,2757;2938;1968,146.555;146.538;147.045,156.747;156.716;156.743
1-210,1468,2048,open,2,149.545,155.451,67.621;78.508,0.063;0.115,2063;2080,149.532;149.558,155.465;155.437
1-211,1468,2048,open,3,146.699,156.719,57.796;66.547;72.252,0.211;0.138;0.200,1950;2111;1405,146.560;146.570;147.087,156.731;156.708;156.718
1-212,1468,2048,open,3,146.705,156.719,57.795;66.549;72.252,0.211;0.137;0.200,1906;2104;1408,146.565;146.571;147.094,156.730;156.704;156.727
1-213,1468,2048,open,3,146.606,156.737,57.796;66.554;72.085,0.209;0.138;0.376,2489;2751;1839,146.565;146.567;146.722,156.722;156.714;156.792
1-214,1468,2048,open,3,146.674,156.724,57.764;66.580;72.191,0.203;0.140;0.176,2169;2345;1563,146.560;146.565;146.997,156.715;156.723;156.736
1-215,1468,2048,open,3,146.697,156.715,57.789;66.551;72.239,0.211;0.137;0.183,1929;2140;1429,146.555;146.570;147.079,156.734;156.701;156.711
1-216,1468,2048,open,3,146.609,156.739,57.795;66.555;72.071,0.213;0.139;0.361,1904;2096;1384,146.564;146.570;146.731,156.730;156.718;156.783
1-22-P1,1468,2048,open,3,146.698,156.724,57.818;66.520;72.312,0.217;0.132;0.251,2899;2996;2244,146.551;146.536;147.102,156.753;156.694;156.729
1-22,1468,2048,open,3,146.675,156.734,57.764;66.578;72.222,0.202;0.149;0.225,2757;2938;1968,146.555;146.538;147.045,156.747;156.716;156.743
1-23-P1,1468,2048,open,3,146.686,156.726,57.814;66.523;72.291,0.212;0.137;0.247,2782;2970;2116,146.548;146.541;147.071,156.743;156.709;156.726
1-23,1468,2048,open,3,146.688,156.717,57.763;66.582;72.189,0.201;0.144;0.166,2751;2936;1961,146.563;146.563;147.051,156.736;156.702;156.715
1-24-P1,1468,2048,open,3,146.751,156.739,57.109;67.123;71.638,0.376;0.199;0.305,2950;2925;2141,146.533;146.693;147.132,156.739;156.804;156.649
1-24,1468,2048,open,3,146.675,156.734,57.764;66.578;72.222,0.202;0.149;0.225,2757;2938;1968,146.555;146.538;147.045,156.747;156.716;156.743
1-25,1468,2048,open,3,146.675,156.734,57.764;66.578;72.222,0.202;0.149;0.225,2757;2938;1968,146.555;146.538;147.045,156.747;156.716;156.743
1-26,1468,2048,open,3,146.675,156.734,57.764;66.578;72.222,0.202;0.149;0.225,2757;2938;1968,146.555;146.538;147.045,156.747;156.716;156.743
1-27,1468,2048,open,3,146.675,156.734,57.764;66.578;72.222,0.202;0.149;0.225,2757;2938;1968,146.555;146.538;147.045,156.747;156.716;156.743
1-28,1468,2048,open,3,146.675,156.734,57.764;66.578;72.222,0.202;0.149;0.225,2757;2938;1968,146.555;146.538;147.045,156.747;156.716;156.743
1-29,1468,2048,open,2,149.598,155.567,67.610;78.520,0.074;0.121,2908;2913,149.581;149.615,155.553;155.581
1-3-P1,1468,2048,open,3,146.672,156.819,57.809;66.531;72.250,0.216;0.131;0.213,2742;2968;2238,146.535;146.544;147.009,156.825;156.793;156.845
1-3,1468,2048,open,3,146.675,156.734,57.764;66.578;72.222,0.202;0.149;0.225,2757;2938;1968,146.555;146.538;147.045,156.747;156.716;156.743
1-30,1468,2048,open,2,149.598,155.567,67.610;78.520,0.074;0.121,2908;2913,149.581;149.615,155.553;155.581
1-31,1468,2048,open,3,146.675,156.734,57.764;66.578;72.222,0.202;0.149;0.225,2757;2938;1968,146.555;146.538;147.045,156.747;156.716;156.743
1-32,1468,2048,open,3,146.685,156.780,57.763;66.586;72.207,0.201;0.139;0.187,2776;2955;1965,146.555;146.567;147.044,156.786;156.767;156.790
1-33,1468,2048,open,2,149.599,155.569,67.611;78.521,0.076;0.122,2907;2910,149.582;149.616,155.555;155.582
1-34,1468,2048,open,2,149.599,155.569,67.611;78.521,0.076;0.122,2907;2910,149.582;149.616,155.555;155.582
1-35,1468,2048,open,3,146.675,156.734,57.764;66.578;72.222,0.202;0.149;0.225,2757;2938;1968,146.555;146.538;147.045,156.747;156.716;156.743
1-36,1468,2048,open,3,146.675,156.734,57.764;66.578;72.222,0.202;0.149;0.225,2757;2938;1968,146.555;146.538;147.045,156.747;156.716;156.743
1-37,1468,2048,open,2,149.598,155.567,67.610;78.520,0.074;0.121,2908;2913,149.581;149.615,155.553;155.581
1-38,1468,2048,open,3,146.675,156.734,57.764;66.578;72.222,0.202;0.149;0.225,2757;2938;1968,146.555;146.538;147.045,156.747;156.716;156.743
1-39,1468,2048,open,3,146.675,156.734,57.764;66.578;72.222,0.202;0.149;0.225,2757;2938;1968,146.555;146.538;147.045,156.747;156.716;156.743
1-4-C1,1468,2048,open,3,146.622,156.740,57.146;67.053;71.576,0.341;0.287;0.315,2651;2743;2100,146.626;146.419;146.880,156.725;156.790;156.694
1-4-P1,1468,2048,open,3,146.672,156.819,57.809;66.531;72.250,0.216;0.131;0.213,2742;2968;2238,146.535;146.544;147.009,156.825;156.793;156.845
1-4,1468,2048,open,3,146.675,156.734,57.764;66.578;72.222,0.202;0.149;0.225,2757;2938;1968,146.555;146.538;147.045,156.747;156.716;156.743
1-40,1468,2048,open,3,146.675,156.734,57.764;66.578;72.222,0.202;0.149;0.225,2757;2938;1968,146.555;146.538;147.045,156.747;156.716;156.743
1-41,1468,2048,open,3,146.675,156.734,57.764;66.578;72.222,0.202;0.149;0.225,2757;2938;1968,146.555;146.538;147.045,156.747;156.716;156.743
1-42,1468,2048,open,2,149.598,155.567,67.610;78.520,0.074;0.121,2908;2913,149.581;149.615,155.553;155.581
1-43,1468,2048,open,2,149.598,155.567,67.610;78.520,0.074;0.121,2908;2913,149.581;149.615,155.553;155.581
1-44,1468,2048,open,3,146.675,156.734,57.764;66.578;72.222,0.202;0.149;0.225,2757;2938;1968,146.555;146.538;147.045,156.747;156.716;156.743
1-45,1468,2048,open,3,146.675,156.734,57.764;66.578;72.222,0.202;0.149;0.225,2757;2938;1968,146.555;146.538;147.045,156.747;156.716;156.743
1-46,1468,2048,open,3,146.675,156.734,57.764;66.578;72.222,0.202;0.149;0.225,2757;2938;1968,146.555;146.538;147.045,156.747;156.716;156.743
1-47,1468,2048,open,3,146.675,156.734,57.764;66.578;72.222,0.202;0.149;0.225,2757;2938;1968,146.555;146.538;147.045,156.747;156.716;156.743
1-48,1468,2048,open,2,149.598,155.567,67.610;78.520,0.074;0.121,2908;2913,149.581;149.615,155.553;155.581
1-49,1468,2048,open,3,146.675,156.734,57.764;66.578;72.222,0.202;0.149;0.225,2757;2938;1968,146.555;146.538;147.045,156.747;156.716;156.743
1-5-P1,1468,2048,open,3,146.672,156.819,57.810;66.531;72.250,0.217;0.131;0.213,2742;2968;2238,146.536;146.544;147.009,156.826;156.793;156.845
1-5,1468,2048,open,2,149.598,155.567,67.610;78.520,0.074;0.121,2908;2913,149.581;149.615,155.553;155.581
1-50,1468,2048,open,2,149.598,155.567,67.610;78.520,0.074;0.121,2908;2913,149.581;149.615,155.553;155.581
1-51,1468,2048,open,3,146.675,156.734,57.764;66.578;72.222,0.202;0.149;0.225,2757;2938;1968,146.555;146.538;147.045,156.747;156.716;156.743
1-52,1468,2048,open,3,146.675,156.734,57.764;66.578;72.222,0.202;0.149;0.225,2757;2938;1968,146.555;146.538;147.045,156.747;156.716;156.743
1-53,1468,2048,open,3,146.675,156.734,57.764;66.578;72.222,0.202;0.149;0.225,2757;2938;1968,146.555;146.538;147.045,156.747;156.716;156.743
1-54,1468,2048,open,2,149.596,155.570,67.612;78.520,0.073;0.118,2906;2914,149.579;149.613,155.555;155.584
1-55,1468,2048,open,3,146.675,156.734,57.764;66.578;72.222,0.202;0.149;0.225,2757;2938;1968,146.555;146.538;147.045,156.747;156.716;156.743
1-56,1468,2048,open,3,146.675,156.734,57.764;66.578;72.222,0.202;0.149;0.225,2757;2938;1968,146.555;146.538;147.045,156.747;156.716;156.743
1-57,1468,2048,open,3,146.675,156.734,57.764;66.578;72.222,0.202;0.149;0.225,2757;2938;1968,146.555;146.538;147.045,156.747;156.716;156.743
1-58,1468,2048,open,2,149.598,155.567,67.610;78.520,0.074;0.121,2908;2913,149.581;149.615,155.553;155.581
1-59,1468,2048,open,2,149.598,155.567,67.610;78.520,0.074;0.121,2908;2913,149.581;149.615,155.553;155.581
1-6-P1,1468,2048,open,3,146.672,156.819,57.810;66.531;72.250,0.217;0.131;0.213,2742;2968;2238,146.536;146.544;147.009,156.826;156.793;156.845
1-6,1468,2048,open,2,149.598,155.567,67.610;78.520,0.074;0.121,2908;2913,149.581;149.615,155.553;155.581
1-60,1468,2048,open,3,146.675,156.734,57.764;66.578;72.222,0.202;0.149;0.225,2757;2938;1968,146.555;146.538;147.045,156.747;156.716;156.743
1-61,1468,2048,open,2,149.596,155.570,67.612;78.520,0.073;0.118,2906;2914,149.579;149.613,155.555;155.584
1-62,1468,2048,open,3,146.675,156.734,57.764;66.578;72.222,0.202;0.149;0.225,2757;2938;1968,146.555;146.538;147.045,156.747;156.716;156.743
1-63,1468,2048,open,2,149.598,155.567,67.610;78.520,0.074;0.121,2908;2913,149.581;149.615,155.553;155.581
1-64,1468,2048,open,3,146.675,156.734,57.764;66.578;72.222,0.202;0.149;0.225,2757;2938;1968,146.555;146.538;147.045,156.747;156.716;156.743
1-65,1468,2048,open,3,146.675,156.734,57.764;66.578;72.222,0.202;0.149;0.225,2757;2938;1968,146.555;146.538;147.045,156.747;156.716;156.743
1-66,1468,2048,open,2,149.599,155.569,67.611;78.521,0.076;0.122,2907;2910,149.582;149.616,155.555;155.582
1-67,1468,2048,open,2,149.599,155.569,67.611;78.521,0.076;0.122,2907;2910,149.582;149.616,155.555;155.582
1-68,1468,2048,open,3,146.685,156.780,57.763;66.586;72.207,0.201;0.139;0.187,2776;2955;1965,146.555;146.567;147.044,156.786;156.767;156.790
1-69,1468,2048,open,3,146.675,156.734,57.764;66.578;72.222,0.202;0.149;0.225,2757;2938;1968,146.555;146.538;147.045,156.747;156.716;156.743
1-7-P1,1468,2048,open,3,146.672,156.819,57.810;66.531;72.250,0.217;0.131;0.213,2742;2968;2238,146.536;146.544;147.009,156.826;156.793;156.845
1-7,1468,2048,open,3,146.675,156.734,57.764;66.578;72.222,0.202;0.149;0.225,2757;2938;1968,146.555;146.538;147.045,156.747;156.716;156.743
1-70,1468,2048,open,2,149.598,155.567,67.610;78.520,0.074;0.121,2908;2913,149.581;149.615,155.553;155.581
1-71,1468,2048,open,3,146.675,156.734,57.764;66.578;72.222,0.202;0.149;0.225,2757;2938;1968,146.555;146.538;147.045,156.747;156.716;156.743
1-72,1468,2048,open,3,146.675,156.734,57.764;66.578;72.222,0.202;0.149;0.225,2757;2938;1968,146.555;146.538;147.045,156.747;156.716;156.743
1-73,1468,2048,open,3,146.675,156.734,57.764;66.578;72.222,0.202;0.149;0.225,2757;2938;1968,146.555;146.538;147.045,156.747;156.716;156.743
1-74,1468,2048,open,3,146.675,156.734,57.764;66.578;72.222,0.202;0.149;0.225,2757;2938;1968,146.555;146.538;147.045,156.747;156.716;156.743
1-75,1468,2048,open,2,149.598,155.567,67.610;78.520,0.074;0.121,2908;2913,149.581;149.615,155.553;155.581
1-76,1468,2048,open,2,149.598,155.567,67.610;78.520,0.074;0.121,2908;2913,149.581;149.615,155.553;155.581
1-77,1468,2048,open,3,146.675,156.734,57.764;66.578;72.222,0.202;0.149;0.225,2757;2938;1968,146.555;146.538;147.045,156.747;156.716;156.743
1-78,1468,2048,open,3,146.675,156.734,57.764;66.578;72.222,0.202;0.149;0.225,2757;2938;1968,146.555;146.538;147.045,156.747;156.716;156.743
1-79,1468,2048,open,3,146.675,156.734,57.764;66.578;72.222,0.202;0.149;0.225,2757;2938;1968,146.555;146.538;147.045,156.747;156.716;156.743
1-8-C1,1468,2048,open,2,146.284,155.571,67.473;78.880,0.343;0.230,1791;1845,146.108;146.455,155.588;155.554
1-8-P1,1468,2048,open,2,149.598,155.566,67.610;78.520,0.074;0.120,2908;2916,149.581;149.615,155.553;155.579
1-8,1468,2048,open,3,146.675,156.734,57.764;66.578;72.222,0.202;0.149;0.225,2757;2938;1968,146.555;146.538;147.045,156.747;156.716;156.743
1-80,1468,2048,open,3,146.675,156.734,57.764;66.578;72.222,0.202;0.149;0.225,2757;2938;1968,146.555;146.538;147.045,156.747;156.716;156.743
1-81,1468,2048,open,3,146.675,156.734,57.764;66.578;72.222,0.202;0.149;0.225,2757;2938;1968,146.555;146.538;147.045,156.747;156.716;156.743
1-82,1468,2048,open,3,146.675,156.734,57.764;66.578;72.222,0.202;0.149;0.225,2757;2938;1968,146.555;146.538;147.045,156.747;156.716;156.743
1-83,1468,2048,open,3,146.675,156.734,57.764;66.578;72.222,0.202;0.149;0.225,2757;2938;1968,146.555;146.538;147.045,156.747;156.716;156.743
1-84,1468,2048,open,2,149.598,155.567,67.610;78.520,0.074;0.121,2908;2913,149.581;149.615,155.553;155.581
1-85,1468,2048,open,2,149.598,155.567,67.610;78.520,0.074;0.121,2908;2913,149.581;149.615,155.553;155.581
1-86,1468,2048,open,3,146.675,156.734,57.764;66.578;72.222,0.202;0.149;0.225,2757;2938;1968,146.555;146.538;147.045,156.747;156.716;156.743
1-87,1468,2048,open,3,146.675,156.734,57.764;66.578;72.222,0.202;0.149;0.225,2757;2938;1968,146.555;146.538;147.045,156.747;156.716;156.743
1-88,1468,2048,open,2,149.598,155.567,67.610;78.520,0.074;0.121,2908;2913,149.581;149.615,155.553;155.581
1-89,1468,2048,open,3,146.675,156.734,57.764;66.578;72.222,0.202;0.149;0.225,2757;2938;1968,146.555;146.538;147.045,156.747;156.716;156.743
1-9-C2,1468,2048,open,3,146.281,155.566,67.726;78.552;85.078,0.205;0.117;0.149,2949;2957;1425,146.180;146.423;146.193,155.537;155.586;155.582
1-9-P1,1468,2048,open,3,146.680,156.734,57.766;66.577;72.231,0.203;0.150;0.225,2752;2939;1968,146.557;146.540;147.059,156.743;156.719;156.742
1-9,1468,2048,open,2,149.598,155.567,67.610;78.520,0.074;0.121,2908;2913,149.581;149.615,155.553;155.581
1-90,1468,2048,open,3,146.675,156.734,57.764;66.578;72.222,0.202;0.149;0.225,2757;2938;1968,146.555;146.538;147.045,156.747;156.716;156.743
1-91,1468,2048,open,3,146.675,156.734,57.764;66.578;72.222,0.202;0.149;0.225,2757;2938;1968,146.555;146.538;147.045,156.747;156.716;156.743
1-92,1468,2048,open,3,146.675,156.734,57.764;66.578;72.222,0.202;0.149;0.225,2757;2938;1968,146.555;146.538;147.045,156.747;156.716;156.743
1-93,1468,2048,open,3,146.675,156.734,57.764;66.578;72.222,0.202;0.149;0.225,2757;2938;1968,146.555;146.538;147.045,156.747;156.716;156.743
1-94,1468,2048,open,2,149.598,155.567,67.610;78.520,0.074;0.121,2908;2913,149.581;149.615,155.553;155.581
1-95,1468,2048,open,2,149.598,155.567,67.610;78.520,0.074;0.121,2908;2913,149.581;149.615,155.553;155.581
1-96,1468,2048,open,2,149.598,155.567,67.610;78.520,0.074;0.121,2908;2913,149.581;149.615,155.553;155.581
1-97,1468,2048,open,2,149.598,155.567,67.610;78.520,0.074;0.121,2908;2913,149.581;149.615,155.553;155.581
1-98,1468,2048,open,3,146.675,156.734,57.764;66.578;72.222,0.202;0.149;0.225,2757;2938;1968,146.555;146.538;147.045,156.747;156.716;156.743
1-99,1468,2048,open,3,146.675,156.734,57.764;66.578;72.222,0.202;0.149;0.225,2757;2938;1968,146.555;146.538;147.045,156.747;156.716;156.743
10-1,1468,2048,open,3,146.598,156.802,57.736;66.617;72.024,0.193;0.151;0.351,2783;2926;1932,146.558;146.562;146.711,156.797;156.779;156.845
10-10,1468,2048,open,3,146.598,156.802,57.736;66.617;72.024,0.193;0.151;0.351,2783;2926;1932,146.558;146.562;146.711,156.797;156.779;156.845
10-100,1468,2048,open,2,146.303,155.565,67.722;78.564,0.203;0.117,2893;2903,146.178;146.426,155.540;155.590
10-101,1468,2048,open,3,146.653,156.724,57.738;66.596;72.160,0.193;0.155;0.177,2749;2914;1930,146.547;146.526;146.997,156.734;156.714;156.726
10-102,1468,2048,open,3,146.598,156.802,57.736;66.617;72.024,0.193;0.151;0.351,2783;2926;1932,146.558;146.562;146.711,156.797;156.779;156.845
10-103,1468,2048,open,2,146.303,155.565,67.722;78.564,0.203;0.117,2893;2903,146.178;146.426,155.540;155.590
10-104,1468,2048,open,3,146.598,156.802,57.736;66.617;72.024,0.193;0.151;0.351,2783;2926;1932,146.558;146.562;146.711,156.797;156.779;156.845
10-105,1468,2048,open,3,146.598,156.802,57.736;66.617;72.024,0.193;0.151;0.351,2783;2926;1932,146.558;146.562;146.711,156.797;156.779;156.845
10-106,1468,2048,open,3,146.598,156.802,57.736;66.617;72.024,0.193;0.151;0.351,2783;2926;1932,146.558;146.562;146.711,156.797;156.779;156.845
10-107,1468,2048,open,2,146.303,155.565,67.722;78.564,0.203;0.117,2893;2903,146.178;146.426,155.540;155.590
10-108,1468,2048,open,3,146.598,156.802,57.736;66.617;72.024,0.193;0.151;0.351,2783;2926;1932,146.558;146.562;146.711,156.797;156.779;156.845
10-109,1468,2048,open,3,146.598,156.802,57.736;66.617;72.024,0.193;0.151;0.351,2783;2926;1932,146.558;146.562;146.711,156.797;156.779;156.845
10-11,1468,2048,open,3,146.598,156.802,57.736;66.617;72.024,0.193;0.151;0.351,2783;2926;1932,146.558;146.562;146.711,156.797;156.779;156.845
10-110,1468,2048,open,3,146.598,156.802,57.736;66.617;72.024,0.193;0.151;0.351,2783;2926;1932,146.558;146.562;146.711,156.797;156.779;156.845
10-111,1468,2048,open,3,146.598,156.802,57.736;66.617;72.024,0.193;0.151;0.351,2783;2926;1932,146.558;146.562;146.711,156.797;156.779;156.845
10-112,1468,2048,open,3,146.598,156.802,57.736;66.617;72.024,0.193;0.151;0.351,2783;2926;1932,146.558;146.562;146.711,156.797;156.779;156.845
10-113,1468,2048,window,3,146.676,156.791,57.744;66.636;72.159,0.199;0.169;0.188,1067;1196;824,146.557;146.574;146.976,156.790;156.788;156.797
10-114,1468,2048,open,3,146.598,156.802,57.736;66.617;72.024,0.193;0.151;0.351,2783;2926;1932,146.558;146.562;146.711,156.797;156.779;156.845
10-115,1468,2048,open,3,146.598,156.802,57.736;66.617;72.024,0.193;0.151;0.351,2783;2926;1932,146.558;146.562;146.711,156.797;156.779;156.845
10-116,1468,2048,open,3,146.598,156.802,57.736;66.617;72.024,0.193;0.151;0.351,2783;2926;1932,146.558;146.562;146.711,156.797;156.779;156.845
10-117,1468,2048,open,3,146.598,156.802,57.736;66.617;72.024,0.193;0.151;0.351,2783;2926;1932,146.558;146.562;146.711,156.797;156.779;156.845
10-118,1468,2048,open,2,146.303,155.565,67.722;78.564,0.203;0.117,2893;2903,146.178;146.426,155.540;155.590
10-119,1468,2048,open,3,146.598,156.802,57.736;66.617;72.024,0.193;0.151;0.351,2783;2926;1932,146.558;146.562;146.711,156.797;156.779;156.845
10-12,1468,2048,open,3,146.598,156.802,57.736;66.617;72.024,0.193;0.151;0.351,2783;2926;1932,146.558;146.562;146.711,156.797;156.779;156.845
10-120,1468,2048,open,3,146.598,156.802,57.736;66.617;72.024,0.193;0.151;0.351,2783;2926;1932,146.558;146.562;146.711,156.797;156.779;156.845
10-121,1468,2048,open,2,146.303,155.565,67.722;78.564,0.203;0.117,2893;2903,146.178;146.426,155.540;155.590
10-122,1468,2048,open,2,146.303,155.565,67.722;78.564,0.203;0.117,2893;2903,146.178;146.426,155.540;155.590
10-123,1468,2048,window,3,146.676,156.791,57.744;66.635;72.159,0.199;0.170;0.188,1067;1196;823,146.557;146.574;146.977,156.790;156.788;156.797
10-124,1468,2048,window,2,146.406,155.543,75.608;87.672,0.130;0.179,1218;1219,146.383;146.430,155.547;155.539
10-125,1468,2048,open,2,146.178,155.638,67.795;78.562,0.150;0.151,2862;2696,146.055;146.310,155.591;155.688
10-126,1468,2048,open,3,146.598,156.802,57.736;66.617;72.024,0.193;0.151;0.351,2783;2926;1932,146.558;146.562;146.711,156.797;156.779;156.845
10-127,1468,2048,open,3,146.598,156.802,57.736;66.617;72.024,0.193;0.151;0.351,2783;2926;1932,146.558;146.562;146.711,156.797;156.779;156.845
10-128,1468,2048,open,3,146.598,156.802,57.736;66.617;72.024,0.193;0.151;0.351,2783;2926;1932,146.558;146.562;146.711,156.797;156.779;156.845
10-129,1468,2048,open,3,146.598,156.802,57.736;66.617;72.024,0.193;0.151;0.351,2783;2926;1932,146.558;146.562;146.711,156.797;156.779;156.845
10-13,1468,2048,open,3,146.598,156.802,57.736;66.617;72.024,0.193;0.151;0.351,2783;2926;1932,146.558;146.562;146.711,156.797;156.779;156.845
10-130,1468,2048,open,3,146.598,156.802,57.736;66.617;72.024,0.193;0.151;0.351,2783;2926;1932,146.558;146.562;146.711,156.797;156.779;156.845
10-131,1468,2048,open,3,146.598,156.802,57.736;66.617;72.024,0.193;0.151;0.351,2783;2926;1932,146.558;146.562;146.711,156.797;156.779;156.845
10-132,1468,2048,open,3,146.598,156.802,57.736;66.617;72.024,0.193;0.151;0.351,2783;2926;1932,146.558;146.562;146.711,156.797;156.779;156.845
10-133,1468,2048,open,2,146.303,155.565,67.722;78.564,0.203;0.117,2893;2903,146.178;146.426,155.540;155.590
10-134,1468,2048,open,3,146.653,156.724,57.738;66.596;72.160,0.193;0.155;0.177,2749;2914;1930,146.547;146.526;146.997,156.734;156.714;156.726
10-135,1468,2048,open,3,146.598,156.802,57.736;66.617;72.024,0.193;0.151;0.351,2783;2926;1932,146.558;146.562;146.711,156.797;156.779;156.845
10-136,1468,2048,open,3,146.598,156.802,57.736;66.617;72.024,0.193;0.151;0.351,2783;2926;1932,146.558;146.562;146.711,156.797;156.779;156.845
10-137,1468,2048,open,3,146.598,156.802,57.736;66.617;72.024,0.193;0.151;0.351,2783;2926;1932,146.558;146.562;146.711,156.797;156.779;156.845
10-138,1468,2048,open,3,146.598,156.802,57.736;66.617;72.024,0.193;0.151;0.351,2783;2926;1932,146.558;146.562;146.711,156.797;156.779;156.845
10-139,1468,2048,open,3,146.598,156.802,57.736;66.617;72.024,0.193;0.151;0.351,2783;2926;1932,146.558;146.562;146.711,156.797;156.779;156.845
10-14,1468,2048,open,3,146.598,156.802,57.736;66.617;72.024,0.193;0.151;0.351,2783;2926;1932,146.558;146.562;146.711,156.797;156.779;156.845
10-140,1468,2048,open,3,146.598,156.802,57.736;66.617;72.024,0.193;0.151;0.351,2783;2926;1932,146.558;146.562;146.711,156.797;156.779;156.845
10-141,1468,2048,open,3,146.598,156.802,57.736;66.617;72.024,0.193;0.151;0.351,2783;2926;1932,146.558;146.562;146.711,156.797;156.779;156.845
10-142,1468,2048,open,3,146.598,156.802,57.736;66.617;72.024,0.193;0.151;0.351,2783;2926;1932,146.558;146.562;146.711,156.797;156.779;156.845
10-143,1468,2048,open,3,146.598,156.802,57.736;66.617;72.024,0.193;0.151;0.351,2783;2926;1932,146.558;146.562;146.711,156.797;156.779;156.845
10-144,1468,2048,open,3,146.598,156.802,57.736;66.617;72.024,0.193;0.151;0.351,2783;2926;1932,146.558;146.562;146.711,156.797;156.779;156.845
10-145,1468,2048,open,3,146.598,156.802,57.736;66.617;72.024,0.193;0.151;0.351,2783;2926;1932,146.558;146.562;146.711,156.797;156.779;156.845
10-146,1468,2048,open,3,146.598,156.802,57.736;66.617;72.024,0.193;0.151;0.351,2783;2926;1932,146.558;146.562;146.711,156.797;156.779;156.845
10-147,1468,2048,open,3,146.598,156.802,57.736;66.617;72.024,0.193;0.151;0.351,2783;2926;1932,146.558;146.562;146.711,156.797;156.779;156.845
10-148,1468,2048,open,3,146.598,156.802,57.736;66.617;72.024,0.193;0.151;0.351,2783;2926;1932,146.558;146.562;146.711,156.797;156.779;156.845
10-149,1468,2048,window,3,146.598,156.808,57.741;66.637;72.013,0.193;0.168;0.346,1123;1228;848,146.549;146.574;146.699,156.795;156.790;156.851
10-15,1468,2048,open,3,146.598,156.802,57.736;66.617;72.024,0.193;0.151;0.351,2783;2926;1932,146.558;146.562;146.711,156.797;156.779;156.845
10-150,1468,2048,open,3,146.598,156.802,57.736;66.617;72.024,0.193;0.151;0.351,2783;2926;1932,146.558;146.562;146.711,156.797;156.779;156.845
10-151,1468,2048,open,2,146.303,155.565,67.722;78.564,0.203;0.117,2893;2903,146.178;146.426,155.540;155.590
10-152,1468,2048,open,2,146.303,155.565,67.722;78.564,0.203;0.117,2893;2903,146.178;146.426,155.540;155.590
10-153,1468,2048,window,2,146.322,155.544,75.693;87.662,0.206;0.168,1238;1270,146.229;146.412,155.558;155.530
10-154,1468,2048,open,3,146.598,156.802,57.736;66.617;72.024,0.193;0.151;0.351,2783;2926;1932,146.558;146.562;146.711,156.797;156.779;156.845
10-155,1468,2048,open,2,146.303,155.565,67.722;78.564,0.203;0.117,2893;2903,146.178;146.426,155.540;155.590
10-156,1468,2048,open,3,146.598,156.802,57.736;66.617;72.024,0.193;0.151;0.351,2783;2926;1932,146.558;146.562;146.711,156.797;156.779;156.845
10-157,1468,2048,open,3,146.598,156.802,57.736;66.617;72.024,0.193;0.151;0.351,2783;2926;1932,146.558;146.562;146.711,156.797;156.779;156.845
10-158,1468,2048,open,3,146.598,156.802,57.736;66.617;72.024,0.193;0.151;0.351,2783;2926;1932,146.558;146.562;146.711,156.797;156.779;156.845
10-159,1468,2048,window,3,146.598,156.808,57.741;66.637;72.014,0.193;0.168;0.346,1123;1226;845,146.549;146.574;146.698,156.795;156.790;156.852
10-16,1468,2048,open,2,146.303,155.565,67.722;78.564,0.203;0.117,2893;2903,146.178;146.426,155.540;155.590
10-160,1468,2048,open,2,146.303,155.565,67.722;78.564,0.203;0.117,2893;2903,146.178;146.426,155.540;155.590
10-161,1468,2048,open,3,146.598,156.802,57.736;66.617;72.024,0.193;0.151;0.351,2783;2926;1932,146.558;146.562;146.711,156.797;156.779;156.845
10-162,1468,2048,open,3,146.598,156.802,57.736;66.617;72.024,0.193;0.151;0.351,2783;2926;1932,146.558;146.562;146.711,156.797;156.779;156.845
10-163,1468,2048,open,3,146.598,156.802,57.736;66.617;72.024,0.193;0.151;0.351,2783;2926;1932,146.558;146.562;146.711,156.797;156.779;156.845
10-164,1468,2048,open,3,146.598,156.802,57.736;66.617;72.024,0.193;0.151;0.351,2783;2926;1932,146.558;146.562;146.711,156.797;156.779;156.845
10-165,1468,2048,open,2,146.303,155.565,67.722;78.564,0.203;0.117,2893;2903,146.178;146.426,155.540;155.590
10-166,1468,2048,open,3,146.653,156.724,57.738;66.596;72.160,0.193;0.155;0.177,2749;2914;1930,146.547;146.526;146.997,156.734;156.714;156.726
10-167,1468,2048,open,3,146.653,156.724,57.738;66.596;72.160,0.193;0.155;0.177,2749;2914;1930,146.547;146.526;146.997,156.734;156.714;156.726
10-168,1468,2048,open,3,146.653,156.724,57.738;66.596;72.160,0.193;0.155;0.177,2749;2914;1930,146.547;146.526;146.997,156.734;156.714;156.726
10-169,1468,2048,open,3,146.653,156.724,57.738;66.596;72.160,0.193;0.155;0.177,2749;2914;1930,146.547;146.526;146.997,156.734;156.714;156.726
10-17,1468,2048,window,3,146.608,156.792,57.742;66.636;72.006,0.194;0.168;0.354,1129;1230;824,146.550;146.576;146.736,156.796;156.785;156.797
10-170,1468,2048,open,3,146.598,156.802,57.736;66.617;72.024,0.193;0.151;0.351,2783;2926;1932,146.558;146.562;146.711,156.797;156.779;156.845
10-171,1468,2048,window,3,146.675,156.794,57.741;66.641;72.154,0.196;0.170;0.172,1113;1221;834,146.550;146.572;146.992,156.796;156.794;156.791
10-172,1468,2048,open,3,146.598,156.802,57.736;66.617;72.024,0.193;0.151;0.351,2783;2926;1932,146.558;146.562;146.711,156.797;156.779;156.845
10-173,1468,2048,open,3,146.598,156.802,57.736;66.617;72.024,0.193;0.151;0.351,2783;2926;1932,146.558;146.562;146.711,156.797;156.779;156.845
10-174,1468,2048,open,3,146.598,156.802,57.736;66.617;72.024,0.193;0.151;0.351,2783;2926;1932,146.558;146.562;146.711,156.797;156.779;156.845
10-175,1468,2048,open,3,146.598,156.802,57.736;66.617;72.024,0.193;0.151;0.351,2783;2926;1932,146.558;146.562;146.711,156.797;156.779;156.845
10-176,1468,2048,open,3,146.598,156.802,57.736;66.617;72.024,0.193;0.151;0.351,2783;2926;1932,146.558;146.562;146.711,156.797;156.779;156.845
10-177,1468,2048,open,3,146.598,156.802,57.736;66.617;72.024,0.193;0.151;0.351,2783;2926;1932,146.558;146.562;146.711,156.797;156.779;156.845
10-178,1468,2048,open,3,146.598,156.802,57.736;66.617;72.024,0.193;0.151;0.351,2783;2926;1932,146.558;146.562;146.711,156.797;156.779;156.845
10-179,1468,2048,open,3,146.598,156.802,57.736;66.617;72.024,0.193;0.151;0.351,2783;2926;1932,146.558;146.562;146.711,156.797;156.779;156.845
10-18-P3,1468,2048,open,3,146.598,156.802,57.736;66.617;72.024,0.193;0.151;0.351,2785;2926;1932,146.558;146.562;146.711,156.796;156.779;156.845
10-18,1468,2048,open,3,146.598,156.802,57.736;66.617;72.024,0.193;0.151;0.351,2783;2926;1932,146.558;146.562;146.711,156.797;156.779;156.845
10-180,1468,2048,open,3,146.598,156.802,57.736;66.617;72.024,0.193;0.151;0.351,2783;2926;1932,146.558;146.562;146.711,156.797;156.779;156.845
10-181,1468,2048,open,3,146.598,156.802,57.736;66.617;72.024,0.193;0.151;0.351,2783;2926;1932,146.558;146.562;146.711,156.797;156.779;156.845
10-182,1468,2048,open,3,146.598,156.802,57.736;66.617;72.024,0.193;0.151;0.351,2783;2926;1932,146.558;146.562;146.711,156.797;156.779;156.845
10-183,1468,2048,open,3,146.598,156.802,57.736;66.617;72.024,0.193;0.151;0.351,2783;2926;1932,146.558;146.562;146.711,156.797;156.779;156.845
10-184,1468,2048,open,3,146.598,156.802,57.736;66.617;72.024,0.193;0.151;0.351,2783;2926;1932,146.558;146.562;146.711,156.797;156.779;156.845
10-185,1468,2048,open,3,146.598,156.802,57.736;66.617;72.024,0.193;0.151;0.351,2783;2926;1932,146.558;146.562;146.711,156.797;156.779;156.845
10-186,1468,2048,open,3,146.598,156.802,57.736;66.617;72.024,0.193;0.151;0.351,2783;2926;1932,146.558;146.562;146.711,156.797;156.779;156.845
10-187,1468,2048,open,2,146.302,155.565,67.722;78.563,0.203;0.117,2893;2903,146.178;146.426,155.540;155.589
10-188,1468,2048,open,2,146.303,155.565,67.722;78.564,0.203;0.117,2893;2903,146.178;146.426,155.540;155.590
10-189,1468,2048,open,3,146.598,156.802,57.736;66.617;72.024,0.193;0.151;0.351,2783;2926;1932,146.558;146.562;146.711,156.797;156.779;156.845
10-19-P3,1468,2048,open,3,146.598,156.802,57.736;66.617;72.024,0.193;0.151;0.351,2783;2926;1932,146.558;146.562;146.711,156.797;156.779;156.845
10-19,1468,2048,open,3,146.598,156.802,57.736;66.617;72.024,0.193;0.151;0.351,2783;2926;1932,146.558;146.562;146.711,156.797;156.779;156.845
10-190,1468,2048,open,3,146.598,156.802,57.736;66.617;72.024,0.193;0.151;0.351,2783;2926;1932,146.558;146.562;146.711,156.797;156.779;156.845
10-191,1468,2048,open,3,146.598,156.802,57.736;66.617;72.024,0.193;0.151;0.351,2783;2926;1932,146.558;146.562;146.711,156.797;156.779;156.845
10-192,1468,2048,window,2,146.332,155.546,75.684;87.679,0.211;0.188,1228;1058,146.233;146.447,155.544;155.549
10-193,1468,2048,window,3,146.672,156.794,57.741;66.638;72.160,0.196;0.170;0.187,1113;1223;840,146.550;146.575;146.976,156.796;156.789;156.797
10-194,1468,2048,open,3,146.598,156.802,57.736;66.617;72.024,0.193;0.151;0.351,2783;2926;1932,146.558;146.562;146.711,156.797;156.779;156.845
10-195,1468,2048,open,3,146.598,156.802,57.736;66.617;72.024,0.193;0.151;0.351,2783;2926;1932,146.558;146.562;146.711,156.797;156.779;156.845
10-196,1468,2048,open,3,146.598,156.802,57.736;66.617;72.024,0.193;0.151;0.351,2783;2926;1932,146.558;146.562;146.711,156.797;156.779;156.845
10-197,1468,2048,open,2,146.303,155.565,67.722;78.564,0.203;0.117,2893;2903,146.178;146.426,155.540;155.590
10-198,1468,2048,open,3,146.598,156.802,57.736;66.617;72.024,0.193;0.151;0.351,2783;2926;1932,146.558;146.562;146.711,156.797;156.779;156.845
10-199,1468,2048,open,3,146.653,156.724,57.738;66.596;72.160,0.193;0.155;0.177,2749;2914;1930,146.547;146.526;146.997,156.734;156.714;156.726
10-2,1468,2048,open,2,146.325,155.553,75.688;87.677,0.208;0.182,1289;1260,146.225;146.427,155.550;155.557
10-20-P3,1468,2048,open,3,146.598,156.802,57.736;66.617;72.024,0.193;0.151;0.351,2783;2926;1932,146.558;146.562;146.711,156.797;156.779;156.845
10-20,1468,2048,window,3,146.675,156.792,57.742;66.638;72.153,0.194;0.168;0.172,1129;1231;835,146.550;146.573;146.993,156.796;156.790;156.790
10-200,1468,2048,open,3,146.653,156.724,57.738;66.596;72.160,0.193;0.155;0.177,2749;2914;1930,146.547;146.526;146.997,156.734;156.714;156.726
10-201,1468,2048,open,2,146.303,155.565,67.722;78.564,0.203;0.117,2893;2903,146.178;146.426,155.540;155.590
10-202,1468,2048,open,3,146.598,156.802,57.736;66.617;72.024,0.193;0.151;0.351,2783;2926;1932,146.558;146.562;146.711,156.797;156.779;156.845
10-203,1468,2048,open,3,146.598,156.802,57.736;66.617;72.024,0.193;0.151;0.351,2783;2926;1932,146.558;146.562;146.711,156.797;156.779;156.845
10-204,1468,2048,open,3,146.598,156.802,57.736;66.617;72.024,0.193;0.151;0.351,2783;2926;1932,146.558;146.562;146.711,156.797;156.779;156.845
10-205,1468,2048,open,3,146.599,156.744,57.759;66.580;72.042,0.195;0.143;0.359,2898;2998;2220,146.559;146.561;146.704,156.739;156.710;156.797
10-206,1468,2048,open,2,146.176,155.656,67.772;78.534,0.161;0.151,2949;2985,146.047;146.303,155.618;155.693
10-207,1468,2048,open,3,146.599,156.744,57.759;66.580;72.042,0.195;0.143;0.359,2898;2998;2220,146.559;146.561;146.704,156.739;156.710;156.797
10-208,1468,2048,open,3,146.599,156.744,57.759;66.580;72.042,0.195;0.143;0.359,2898;2998;2220,146.559;146.561;146.704,156.739;156.710;156.797
10-209,1468,2048,open,2,146.176,155.656,67.772;78.534,0.161;0.151,2949;2986,146.047;146.302,155.618;155.693
10-21-P3,1468,2048,open,2,146.302,155.565,67.722;78.563,0.203;0.117,2893;2903,146.178;146.426,155.540;155.589
10-21,1468,2048,open,3,146.598,156.802,57.736;66.617;72.024,0.193;0.151;0.351,2783;2926;1932,146.558;146.562;146.711,156.797;156.779;156.845
10-210,1468,2048,open,3,146.599,156.744,57.759;66.580;72.042,0.195;0.143;0.359,2898;2998;2220,146.559;146.561;146.704,156.739;156.710;156.797
10-211,1468,2048,open,3,146.599,156.744,57.759;66.580;72.042,0.195;0.143;0.359,2898;2998;2220,146.559;146.561;146.704,156.739;156.710;156.797
10-212,1468,2048,open,3,146.599,156.744,57.759;66.580;72.042,0.195;0.143;0.359,2898;2998;2220,146.559;146.561;146.704,156.739;156.710;156.797
10-213,1468,2048,open,3,146.471,156.849,57.775;66.610;72.066,0.204;0.154;0.360,2987;2999;2283,146.432;146.430;146.574,156.850;156.835;156.867
10-214,1468,2048,open,3,146.599,156.744,57.759;66.580;72.042,0.195;0.143;0.359,2898;2998;2220,146.559;146.561;146.704,156.739;156.710;156.797
10-215,1468,2048,open,3,146.599,156.744,57.759;66.580;72.042,0.195;0.143;0.359,2898;2998;2220,146.559;146.561;146.704,156.739;156.710;156.797
10-216,1468,2048,open,3,146.471,156.849,57.775;66.610;72.066,0.204;0.154;0.360,2987;2999;2283,146.432;146.430;146.574,156.850;156.835;156.867
10-217,1468,2048,open,3,146.599,156.744,57.759;66.580;72.042,0.195;0.143;0.359,2898;2998;2220,146.559;146.561;146.704,156.739;156.710;156.797
10-218,1468,2048,open,3,146.471,156.849,57.775;66.610;72.066,0.204;0.154;0.360,2987;2999;2283,146.432;146.430;146.574,156.850;156.835;156.867
10-219,1468,2048,open,3,146.599,156.744,57.759;66.580;72.042,0.195;0.143;0.359,2898;2998;2220,146.559;146.561;146.704,156.739;156.710;156.797
10-22-P3,1468,2048,open,3,146.598,156.802,57.736;66.617;72.024,0.193;0.151;0.351,2783;2926;1932,146.558;146.562;146.711,156.797;156.779;156.845
10-22,1468,2048,open,3,146.598,156.802,57.736;66.617;72.024,0.193;0.151;0.351,2783;2926;1932,146.558;146.562;146.711,156.797;156.779;156.845
10-220,1468,2048,open,3,146.599,156.744,57.759;66.580;72.042,0.195;0.143;0.359,2898;2998;2220,146.559;146.561;146.704,156.739;156.710;156.797
10-221,1468,2048,open,3,146.471,156.849,57.775;66.610;72.066,0.204;0.154;0.360,2987;2999;2283,146.432;146.430;146.574,156.850;156.835;156.867
10-222,1468,2048,open,2,146.305,155.560,67.730;78.533,0.201;0.117,2990;2995,146.186;146.424,155.539;155.580
10-223,1468,2048,open,3,146.595,156.750,57.719;66.620;72.009,0.183;0.154;0.349,2684;2808;1846,146.562;146.557;146.699,156.747;156.721;156.798
10-224,1468,2048,open,3,146.595,156.750,57.719;66.620;72.009,0.183;0.154;0.349,2684;2808;1846,146.562;146.557;146.699,156.747;156.721;156.798
10-225,1468,2048,open,2,146.310,155.560,67.704;78.584,0.207;0.120,2793;2787,146.194;146.426,155.536;155.585
10-226,1468,2048,open,3,146.595,156.750,57.719;66.620;72.009,0.183;0.154;0.349,2684;2808;1846,146.562;146.557;146.699,156.747;156.721;156.798
10-227,1468,2048,open,3,146.595,156.750,57.719;66.620;72.009,0.183;0.154;0.349,2684;2808;1846,146.562;146.557;146.699,156.747;156.721;156.798
10-228,1468,2048,open,2,146.311,155.562,67.704;78.585,0.207;0.119,2793;2802,146.194;146.428,155.536;155.588
10-229,1468,2048,open,3,146.595,156.750,57.719;66.620;72.009,0.183;0.154;0.349,2684;2808;1846,146.562;146.557;146.699,156.747;156.721;156.798
10-23-P3,1468,2048,open,3,146.599,156.738,57.738;66.603;72.018,0.193;0.147;0.346,2762;2906;1915,146.564;146.555;146.716,156.739;156.712;156.779
10-23,1468,2048,open,3,146.598,156.802,57.736;66.617;72.024,0.193;0.151;0.351,2783;2926;1932,146.558;146.562;146.711,156.797;156.779;156.845
10-230,1468,2048,open,3,146.595,156.750,57.719;66.620;72.009,0.183;0.154;0.349,2684;2808;1846,146.562;146.557;146.699,156.747;156.721;156.798
10-231,1468,2048,open,3,146.595,156.750,57.719;66.620;72.009,0.183;0.154;0.349,2684;2808;1846,146.562;146.557;146.699,156.747;156.721;156.798
10-232,1468,2048,open,2,146.311,155.562,67.704;78.587,0.207;0.120,2793;2791,146.194;146.429,155.536;155.589
10-233,1468,2048,open,2,146.312,155.562,67.704;78.586,0.207;0.119,2793;2793,146.194;146.429,155.536;155.588
10-234,1468,2048,open,3,146.595,156.750,57.719;66.620;72.009,0.183;0.154;0.349,2684;2808;1846,146.562;146.557;146.699,156.747;156.721;156.798
10-235,1468,2048,open,3,146.595,156.750,57.719;66.620;72.009,0.183;0.154;0.349,2684;2808;1846,146.562;146.557;146.699,156.747;156.721;156.798
10-236,1468,2048,open,2,146.311,155.562,67.704;78.587,0.207;0.120,2793;2791,146.194;146.428,155.536;155.589
10-237,1468,2048,open,2,146.310,155.561,67.704;78.585,0.207;0.119,2793;2790,146.194;146.427,155.536;155.587
10-238,1468,2048,open,3,146.595,156.750,57.719;66.620;72.009,0.183;0.154;0.349,2684;2808;1846,146.562;146.557;146.699,156.747;156.721;156.798
10-239,1468,2048,open,2,146.310,155.560,67.704;78.584,0.207;0.119,2793;2793,146.194;146.427,155.536;155.585
10-24-P3,1468,2048,open,3,146.599,156.738,57.738;66.603;72.018,0.193;0.147;0.346,2762;2906;1915,146.564;146.555;146.716,156.739;156.712;156.779
10-24,1468,2048,open,3,146.598,156.802,57.736;66.617;72.024,0.193;0.151;0.351,2783;2926;1932,146.558;146.562;146.711,156.797;156.779;156.845
10-240,1468,2048,open,3,146.595,156.750,57.719;66.620;72.009,0.183;0.154;0.349,2684;2808;1846,146.562;146.557;146.699,156.747;156.721;156.798
10-241,1468,2048,open,3,146.558,156.403,57.789;66.516;72.051,0.196;0.118;0.412,1733;1807;1181,146.502;146.495;146.736,156.407;156.407;156.390
10-242,1468,2048,open,3,146.648,157.393,57.501;66.819;71.719,0.139;0.183;0.370,2475;2497;1847,146.505;146.509;147.026,157.415;157.372;157.391
10-25-P3,1468,2048,open,2,146.303,155.565,67.722;78.564,0.203;0.117,2893;2903,146.178;146.426,155.540;155.590
10-25,1468,2048,open,2,146.303,155.565,67.722;78.564,0.203;0.117,2893;2903,146.178;146.426,155.540;155.590
10-26-P3,1468,2048,window,3,146.596,156.810,57.741;66.642;72.011,0.193;0.175;0.345,1119;1227;843,146.550;146.573;146.693,156.791;156.785;156.872
10-26,1468,2048,open,3,146.598,156.802,57.736;66.617;72.024,0.193;0.151;0.351,2783;2926;1932,146.558;146.562;146.711,156.797;156.779;156.845
10-27-P3,1468,2048,open,3,146.599,156.738,57.738;66.603;72.018,0.193;0.147;0.346,2762;2906;1915,146.564;146.555;146.716,156.739;156.712;156.779
10-27,1468,2048,open,3,146.598,156.802,57.736;66.617;72.024,0.193;0.151;0.351,2783;2926;1932,146.558;146.562;146.711,156.797;156.779;156.845
10-28,1468,2048,open,3,146.598,156.802,57.736;66.617;72.024,0.193;0.151;0.351,2783;2926;1932,146.558;146.562;146.711,156.797;156.779;156.845
10-29,1468,2048,open,3,146.598,156.802,57.736;66.617;72.024,0.193;0.151;0.351,2783;2926;1932,146.558;146.562;146.711,156.797;156.779;156.845
10-3,1468,2048,open,3,146.598,156.802,57.736;66.617;72.024,0.193;0.151;0.351,2783;2926;1932,146.558;146.562;146.711,156.797;156.779;156.845
10-30,1468,2048,open,3,146.653,156.724,57.738;66.596;72.160,0.193;0.155;0.177,2749;2914;1930,146.547;146.526;146.997,156.734;156.714;156.726
10-31,1468,2048,open,3,146.653,156.724,57.738;66.596;72.160,0.193;0.155;0.177,2749;2914;1930,146.547;146.526;146.997,156.734;156.714;156.726
10-32,1468,2048,open,2,146.303,155.565,67.722;78.564,0.203;0.117,2893;2903,146.178;146.426,155.540;155.590
10-33,1468,2048,open,3,146.653,156.724,57.738;66.596;72.160,0.193;0.155;0.177,2749;2914;1930,146.547;146.526;146.997,156.734;156.714;156.726
10-34,1468,2048,open,3,146.598,156.802,57.736;66.617;72.024,0.193;0.151;0.351,2783;2926;1932,146.558;146.562;146.711,156.797;156.779;156.845
10-35,1468,2048,open,3,146.598,156.802,57.736;66.617;72.024,0.193;0.151;0.351,2783;2926;1932,146.558;146.562;146.711,156.797;156.779;156.845
10-36-P3,1468,2048,open,2,146.313,155.069,67.782;78.533,0.207;0.117,2940;2651,146.211;146.425,155.088;155.048
10-36,1468,2048,open,3,146.598,156.802,57.736;66.617;72.024,0.193;0.151;0.351,2783;2926;1932,146.558;146.562;146.711,156.797;156.779;156.845
10-37,1468,2048,open,3,146.598,156.802,57.736;66.617;72.024,0.193;0.151;0.351,2783;2926;1932,146.558;146.562;146.711,156.797;156.779;156.845
10-38,1468,2048,open,3,146.598,156.802,57.736;66.617;72.024,0.193;0.151;0.351,2783;2926;1932,146.558;146.562;146.711,156.797;156.779;156.845
10-39,1468,2048,open,3,146.598,156.802,57.736;66.617;72.024,0.193;0.151;0.351,2783;2926;1932,146.558;146.562;146.711,156.797;156.779;156.845
10-4,1468,2048,open,3,146.598,156.802,57.736;66.617;72.024,0.193;0.151;0.351,2783;2926;1932,146.558;146.562;146.711,156.797;156.779;156.845
10-40,1468,2048,open,3,146.598,156.802,57.736;66.617;72.024,0.193;0.151;0.351,2783;2926;1932,146.558;146.562;146.711,156.797;156.779;156.845
10-41,1468,2048,open,3,146.598,156.802,57.736;66.617;72.024,0.193;0.151;0.351,2783;2926;1932,146.558;146.562;146.711,156.797;156.779;156.845
10-42,1468,2048,open,3,146.598,156.802,57.736;66.617;72.024,0.193;0.151;0.351,2783;2926;1932,146.558;146.562;146.711,156.797;156.779;156.845
10-43,1468,2048,open,3,146.598,156.802,57.736;66.617;72.024,0.193;0.151;0.351,2783;2926;1932,146.558;146.562;146.711,156.797;156.779;156.845
10-44,1468,2048,open,3,146.598,156.802,57.736;66.617;72.024,0.193;0.151;0.351,2783;2926;1932,146.558;146.562;146.711,156.797;156.779;156.845
10-45,1468,2048,open,3,146.598,156.802,57.736;66.617;72.024,0.193;0.151;0.351,2783;2926;1932,146.558;146.562;146.711,156.797;156.779;156.845
10-46,1468,2048,open,3,146.598,156.802,57.736;66.617;72.024,0.193;0.151;0.351,2783;2926;1932,146.558;146.562;146.711,156.797;156.779;156.845
10-47,1468,2048,open,2,146.303,155.565,67.722;78.564,0.203;0.117,2893;2903,146.178;146.426,155.540;155.590
10-48,1468,2048,open,3,146.598,156.802,57.736;66.617;72.024,0.193;0.151;0.351,2783;2926;1932,146.558;146.562;146.711,156.797;156.779;156.845
10-49,1468,2048,open,3,146.598,156.802,57.736;66.617;72.024,0.193;0.151;0.351,2783;2926;1932,146.558;146.562;146.711,156.797;156.779;156.845
10-5,1468,2048,open,3,146.598,156.802,57.736;66.617;72.024,0.193;0.151;0.351,2783;2926;1932,146.558;146.562;146.711,156.797;156.779;156.845
10-50,1468,2048,open,3,146.598,156.802,57.736;66.617;72.024,0.193;0.151;0.351,2783;2926;1932,146.558;146.562;146.711,156.797;156.779;156.845
10-51,1468,2048,open,2,146.303,155.565,67.722;78.564,0.203;0.117,2893;2903,146.178;146.426,155.540;155.590
10-52,1468,2048,open,3,146.598,156.802,57.736;66.617;72.024,0.193;0.151;0.351,2783;2926;1932,146.558;146.562;146.711,156.797;156.779;156.845
10-53,1468,2048,open,3,146.598,156.802,57.736;66.617;72.024,0.193;0.151;0.351,2783;2926;1932,146.558;146.562;146.711,156.797;156.779;156.845
10-54,1468,2048,open,2,146.302,155.565,67.722;78.563,0.203;0.117,2893;2903,146.178;146.426,155.540;155.589
10-55,1468,2048,open,3,146.689,156.783,57.736;66.617;72.198,0.193;0.151;0.179,2783;2926;1858,146.558;146.562;147.085,156.797;156.779;156.770
10-56,1468,2048,open,3,146.598,156.802,57.736;66.617;72.024,0.193;0.151;0.351,2783;2926;1932,146.558;146.562;146.711,156.797;156.779;156.845
10-57,1468,2048,open,3,146.598,156.802,57.736;66.617;72.024,0.193;0.151;0.351,2783;2926;1932,146.558;146.562;146.711,156.797;156.779;156.845
10-58,1468,2048,window,2,146.343,155.544,75.689;87.687,0.207;0.188,1244;1074,146.230;146.474,155.550;155.538
10-59,1468,2048,window,3,146.675,156.792,57.740;66.644;72.153,0.192;0.171;0.172,1111;1233;840,146.551;146.570;146.993,156.788;156.798;156.790
10-6,1468,2048,open,3,146.598,156.802,57.736;66.617;72.024,0.193;0.151;0.351,2783;2926;1932,146.558;146.562;146.711,156.797;156.779;156.845
10-60,1468,2048,window,3,146.676,156.792,57.739;66.643;72.153,0.192;0.170;0.172,1111;1232;840,146.552;146.571;146.992,156.787;156.797;156.791
10-61,1468,2048,open,3,146.598,156.802,57.736;66.617;72.024,0.193;0.151;0.351,2783;2926;1932,146.558;146.562;146.711,156.797;156.779;156.845
10-62,1468,2048,open,2,146.303,155.565,67.722;78.564,0.203;0.117,2893;2903,146.178;146.426,155.540;155.590
10-63,1468,2048,open,3,146.598,156.802,57.736;66.617;72.024,0.193;0.151;0.351,2783;2926;1932,146.558;146.562;146.711,156.797;156.779;156.845
10-64,1468,2048,open,3,146.598,156.802,57.736;66.617;72.024,0.193;0.151;0.351,2783;2926;1932,146.558;146.562;146.711,156.797;156.779;156.845
10-65,1468,2048,open,3,146.598,156.802,57.736;66.617;72.024,0.193;0.151;0.351,2783;2926;1932,146.558;146.562;146.711,156.797;156.779;156.845
10-66,1468,2048,open,3,146.653,156.724,57.738;66.596;72.160,0.193;0.155;0.177,2749;2914;1930,146.547;146.526;146.997,156.734;156.714;156.726
10-67,1468,2048,open,3,146.653,156.724,57.738;66.596;72.160,0.193;0.155;0.177,2749;2914;1930,146.547;146.526;146.997,156.734;156.714;156.726
10-68,1468,2048,open,3,146.598,156.802,57.736;66.617;72.024,0.193;0.151;0.351,2783;2926;1932,146.558;146.562;146.711,156.797;156.779;156.845
10-69,1468,2048,open,3,146.598,156.802,57.736;66.617;72.024,0.193;0.151;0.351,2783;2926;1932,146.558;146.562;146.711,156.797;156.779;156.845
10-7,1468,2048,open,3,146.598,156.802,57.736;66.617;72.024,0.193;0.151;0.351,2783;2926;1932,146.558;146.562;146.711,156.797;156.779;156.845
10-70,1468,2048,open,3,146.598,156.802,57.736;66.617;72.024,0.193;0.151;0.351,2783;2926;1932,146.558;146.562;146.711,156.797;156.779;156.845
10-71,1468,2048,open,3,146.598,156.802,57.736;66.617;72.024,0.193;0.151;0.351,2783;2926;1932,146.558;146.562;146.711,156.797;156.779;156.845
10-72,1468,2048,open,3,146.598,156.802,57.736;66.617;72.024,0.193;0.151;0.351,2783;2926;1932,146.558;146.562;146.711,156.797;156.779;156.845
10-73,1468,2048,open,3,146.598,156.802,57.736;66.617;72.024,0.193;0.151;0.351,2783;2926;1932,146.558;146.562;146.711,156.797;156.779;156.845
10-74,1468,2048,open,3,146.598,156.802,57.736;66.617;72.024,0.193;0.151;0.351,2783;2926;1932,146.558;146.562;146.711,156.797;156.779;156.845
10-75,1468,2048,open,3,146.598,156.802,57.736;66.617;72.024,0.193;0.151;0.351,2783;2926;1932,146.558;146.562;146.711,156.797;156.779;156.845
10-76,1468,2048,open,3,146.598,156.802,57.736;66.617;72.024,0.193;0.151;0.351,2783;2926;1932,146.558;146.562;146.711,156.797;156.779;156.845
10-77,1468,2048,open,3,146.598,156.802,57.736;66.617;72.024,0.193;0.151;0.351,2783;2926;1932,146.558;146.562;146.711,156.797;156.779;156.845
10-78,1468,2048,open,3,146.598,156.802,57.736;66.617;72.024,0.193;0.151;0.351,2783;2926;1932,146.558;146.562;146.711,156.797;156.779;156.845
10-79,1468,2048,open,3,146.598,156.802,57.736;66.617;72.024,0.193;0.151;0.351,2783;2926;1932,146.558;146.562;146.711,156.797;156.779;156.845
10-8,1468,2048,open,3,146.598,156.802,57.736;66.617;72.024,0.193;0.151;0.351,2783;2926;1932,146.558;146.562;146.711,156.797;156.779;156.845
10-80,1468,2048,open,3,146.598,156.802,57.736;66.617;72.024,0.193;0.151;0.351,2783;2926;1932,146.558;146.562;146.711,156.797;156.779;156.845
10-81,1468,2048,window,3,146.675,156.794,57.741;66.642;72.154,0.193;0.170;0.172,1102;1222;835,146.549;146.573;146.991,156.798;156.792;156.793
10-82,1468,2048,open,3,146.598,156.802,57.736;66.617;72.024,0.193;0.151;0.351,2783;2926;1932,146.558;146.562;146.711,156.797;156.779;156.845
10-83,1468,2048,open,3,146.598,156.802,57.736;66.617;72.024,0.193;0.151;0.351,2783;2926;1932,146.558;146.562;146.711,156.797;156.779;156.845
10-84,1468,2048,open,2,146.303,155.565,67.722;78.564,0.203;0.117,2893;2903,146.178;146.426,155.540;155.590
10-85,1468,2048,open,3,146.598,156.802,57.736;66.617;72.024,0.193;0.151;0.351,2783;2926;1932,146.558;146.562;146.711,156.797;156.779;156.845
10-86,1468,2048,window,3,146.672,156.794,57.741;66.641;72.157,0.193;0.170;0.183,1102;1222;836,146.548;146.573;146.978,156.798;156.791;156.794
10-87,1468,2048,open,3,146.598,156.802,57.736;66.617;72.024,0.193;0.151;0.351,2783;2926;1932,146.558;146.562;146.711,156.797;156.779;156.845
10-88,1468,2048,open,2,146.303,155.565,67.722;78.564,0.203;0.117,2893;2903,146.178;146.426,155.540;155.590
10-89,1468,2048,open,2,146.303,155.565,67.722;78.564,0.203;0.117,2893;2903,146.178;146.426,155.540;155.590
10-9,1468,2048,open,3,146.598,156.802,57.736;66.617;72.024,0.193;0.151;0.351,2783;2926;1932,146.558;146.562;146.711,156.797;156.779;156.845
10-90,1468,2048,open,3,146.598,156.802,57.736;66.617;72.024,0.193;0.151;0.351,2783;2926;1932,146.558;146.562;146.711,156.797;156.779;156.845
10-91,1468,2048,open,2,146.303,155.565,67.722;78.564,0.203;0.117,2893;2903,146.178;146.426,155.540;155.590
10-92,1468,2048,open,2,146.326,155.562,75.691;87.690,0.207;0.197,1282;1197,146.227;146.431,155.557;155.567
10-93,1468,2048,open,3,146.598,156.802,57.736;66.617;72.024,0.193;0.151;0.351,2783;2926;1932,146.558;146.562;146.711,156.797;156.779;156.845
10-94,1468,2048,open,3,146.598,156.802,57.736;66.617;72.024,0.193;0.151;0.351,2783;2926;1932,146.558;146.562;146.711,156.797;156.779;156.845
10-95,1468,2048,open,2,146.303,155.565,67.722;78.564,0.203;0.117,2893;2903,146.178;146.426,155.540;155.590
10-96,1468,2048,open,3,146.598,156.802,57.736;66.617;72.024,0.193;0.151;0.351,2783;2926;1932,146.558;146.562;146.711,156.797;156.779;156.845
10-97,1468,2048,open,3,146.598,156.802,57.736;66.617;72.024,0.193;0.151;0.351,2783;2926;1932,146.558;146.562;146.711,156.797;156.779;156.845
10-98,1468,2048,open,2,146.303,155.565,67.722;78.564,0.203;0.117,2893;2903,146.178;146.426,155.540;155.590
10-99,1468,2048,open,3,146.653,156.724,57.738;66.596;72.160,0.193;0.155;0.177,2749;2914;1930,146.547;146.526;146.997,156.734;156.714;156.726
11-1-PD1,1468,2048,open,3,146.676,156.726,57.727;66.616;72.145,0.187;0.151;0.161,2755;2907;1889,146.563;146.558;147.021,156.745;156.720;156.707
11-1,1468,2048,open,3,146.598,156.802,57.736;66.617;72.024,0.193;0.151;0.351,2783;2926;1932,146.558;146.562;146.711,156.797;156.779;156.845
11-10,1468,2048,open,2,146.303,155.565,67.722;78.564,0.203;0.117,2893;2903,146.178;146.426,155.540;155.590
11-100,1468,2048,open,3,146.598,156.802,57.736;66.617;72.024,0.193;0.151;0.351,2783;2926;1932,146.558;146.562;146.711,156.797;156.779;156.845
11-101,1468,2048,open,3,146.598,156.802,57.736;66.617;72.024,0.193;0.151;0.351,2783;2926;1932,146.558;146.562;146.711,156.797;156.779;156.845
11-102,1468,2048,open,3,146.598,156.802,57.736;66.617;72.024,0.193;0.151;0.351,2783;2926;1932,146.558;146.562;146.711,156.797;156.779;156.845
11-103,1468,2048,open,2,146.294,155.563,67.726;78.553,0.216;0.125,2407;2285,146.183;146.412,155.549;155.577
11-104,1468,2048,open,2,146.303,155.565,67.722;78.564,0.203;0.117,2893;2903,146.178;146.426,155.540;155.590
11-105,1468,2048,open,3,146.598,156.802,57.736;66.617;72.024,0.193;0.151;0.351,2783;2926;1932,146.558;146.562;146.711,156.797;156.779;156.845
11-106,1468,2048,open,3,146.598,156.802,57.736;66.617;72.024,0.193;0.151;0.351,2783;2926;1932,146.558;146.562;146.711,156.797;156.779;156.845
11-107,1468,2048,open,3,146.598,156.802,57.736;66.617;72.024,0.193;0.151;0.351,2783;2926;1932,146.558;146.562;146.711,156.797;156.779;156.845
11-108,1468,2048,open,3,146.598,156.802,57.736;66.617;72.024,0.193;0.151;0.351,2783;2926;1932,146.558;146.562;146.711,156.797;156.779;156.845
11-109,1468,2048,open,2,146.303,155.565,67.722;78.564,0.203;0.117,2893;2903,146.178;146.426,155.540;155.590
11-11,1468,2048,open,3,146.598,156.802,57.736;66.617;72.024,0.193;0.151;0.351,2783;2926;1932,146.558;146.562;146.711,156.797;156.779;156.845
11-110,1468,2048,open,3,146.598,156.802,57.736;66.617;72.024,0.193;0.151;0.351,2783;2926;1932,146.558;146.562;146.711,156.797;156.779;156.845
11-111,1468,2048,open,3,146.598,156.802,57.736;66.617;72.024,0.193;0.151;0.351,2783;2926;1932,146.558;146.562;146.711,156.797;156.779;156.845
11-112,1468,2048,open,3,146.598,156.802,57.736;66.617;72.024,0.193;0.151;0.351,2783;2926;1932,146.558;146.562;146.711,156.797;156.779;156.845
11-113,1468,2048,open,2,146.303,155.565,67.722;78.564,0.203;0.117,2893;2903,146.178;146.426,155.540;155.590
11-114,1468,2048,open,3,146.598,156.802,57.736;66.617;72.024,0.193;0.151;0.351,2783;2926;1932,146.558;146.562;146.711,156.797;156.779;156.845
11-115,1468,2048,open,3,146.598,156.802,57.736;66.617;72.024,0.193;0.151;0.351,2783;2926;1932,146.558;146.562;146.711,156.797;156.779;156.845
11-116,1468,2048,open,3,146.598,156.802,57.736;66.617;72.024,0.193;0.151;0.351,2783;2926;1932,146.558;146.562;146.711,156.797;156.779;156.845
11-117,1468,2048,open,3,146.598,156.802,57.736;66.617;72.024,0.193;0.151;0.351,2783;2926;1932,146.558;146.562;146.711,156.797;156.779;156.845
11-118,1468,2048,open,3,146.598,156.802,57.736;66.617;72.024,0.193;0.151;0.351,2783;2926;1932,146.558;146.562;146.711,156.797;156.779;156.845
11-119,1468,2048,open,2,146.303,155.565,67.722;78.564,0.203;0.117,2893;2903,146.178;146.426,155.540;155.590
11-12,1468,2048,open,3,146.598,156.802,57.736;66.617;72.024,0.193;0.151;0.351,2783;2926;1932,146.558;146.562;146.711,156.797;156.779;156.845
11-120,1468,2048,open,3,146.598,156.802,57.736;66.617;72.024,0.193;0.151;0.351,2783;2926;1932,146.558;146.562;146.711,156.797;156.779;156.845
11-121,1468,2048,open,2,146.303,155.565,67.722;78.564,0.203;0.117,2893;2903,146.178;146.426,155.540;155.590
11-122,1468,2048,open,3,146.598,156.802,57.736;66.617;72.024,0.193;0.151;0.351,2783;2926;1932,146.558;146.562;146.711,156.797;156.779;156.845
11-123,1468,2048,open,3,146.598,156.802,57.736;66.617;72.024,0.193;0.151;0.351,2783;2926;1932,146.558;146.562;146.711,156.797;156.779;156.845
11-124,1468,2048,open,2,146.303,155.565,67.722;78.564,0.203;0.117,2893;2903,146.178;146.426,155.540;155.590
11-125,1468,2048,open,3,146.598,156.802,57.736;66.617;72.024,0.193;0.151;0.351,2783;2926;1932,146.558;146.562;146.711,156.797;156.779;156.845
11-126,1468,2048,open,3,146.598,156.802,57.736;66.617;72.024,0.193;0.151;0.351,2783;2926;1932,146.558;146.562;146.711,156.797;156.779;156.845
11-127,1468,2048,open,3,146.598,156.802,57.736;66.617;72.024,0.193;0.151;0.351,2783;2926;1932,146.558;146.562;146.711,156.797;156.779;156.845
11-128,1468,2048,open,3,146.598,156.802,57.736;66.617;72.024,0.193;0.151;0.351,2783;2926;1932,146.558;146.562;146.711,156.797;156.779;156.845
11-129,1468,2048,open,3,146.598,156.802,57.736;66.617;72.024,0.193;0.151;0.351,2783;2926;1932,146.558;146.562;146.711,156.797;156.779;156.845
11-13,1468,2048,open,2,146.303,155.565,67.722;78.564,0.203;0.117,2893;2903,146.178;146.426,155.540;155.590
11-130,1468,2048,open,2,146.303,155.565,67.722;78.564,0.203;0.117,2893;2903,146.178;146.426,155.540;155.590
11-131,1468,2048,open,2,146.303,155.565,67.722;78.564,0.203;0.117,2893;2903,146.178;146.426,155.540;155.590
11-132,1468,2048,open,3,146.598,156.802,57.736;66.617;72.024,0.193;0.151;0.351,2783;2926;1932,146.558;146.562;146.711,156.797;156.779;156.845
11-133,1468,2048,open,2,146.303,155.565,67.722;78.564,0.203;0.117,2893;2903,146.178;146.426,155.540;155.590
11-134,1468,2048,open,3,146.598,156.802,57.736;66.617;72.024,0.193;0.151;0.351,2783;2926;1932,146.558;146.562;146.711,156.797;156.779;156.845
11-135,1468,2048,open,3,146.598,156.802,57.736;66.617;72.024,0.193;0.151;0.351,2783;2926;1932,146.558;146.562;146.711,156.797;156.779;156.845
11-136,1468,2048,open,3,146.598,156.802,57.736;66.617;72.024,0.193;0.151;0.351,2783;2926;1932,146.558;146.562;146.711,156.797;156.779;156.845
11-137,1468,2048,open,3,146.598,156.802,57.736;66.617;72.024,0.193;0.151;0.351,2783;2926;1932,146.558;146.562;146.711,156.797;156.779;156.845
11-138,1468,2048,open,3,146.598,156.802,57.736;66.617;72.024,0.193;0.151;0.351,2783;2926;1932,146.558;146.562;146.711,156.797;156.779;156.845
11-139,1468,2048,open,3,146.598,156.802,57.736;66.617;72.024,0.193;0.151;0.351,2783;2926;1932,146.558;146.562;146.711,156.797;156.779;156.845
11-14,1468,2048,open,2,146.303,155.565,67.722;78.564,0.203;0.117,2893;2903,146.178;146.426,155.540;155.590
11-140,1468,2048,open,3,146.598,156.802,57.736;66.617;72.024,0.193;0.151;0.351,2783;2926;1932,146.558;146.562;146.711,156.797;156.779;156.845
11-141,1468,2048,open,2,146.303,155.565,67.722;78.564,0.203;0.117,2893;2903,146.178;146.426,155.540;155.590
11-142,1468,2048,open,3,146.598,156.802,57.736;66.617;72.024,0.193;0.151;0.351,2783;2926;1932,146.558;146.562;146.711,156.797;156.779;156.845
11-143,1468,2048,open,3,146.598,156.802,57.736;66.617;72.024,0.193;0.151;0.351,2783;2926;1932,146.558;146.562;146.711,156.797;156.779;156.845
11-144,1468,2048,open,3,146.598,156.802,57.736;66.617;72.024,0.193;0.151;0.351,2783;2926;1932,146.558;146.562;146.711,156.797;156.779;156.845
11-145,1468,2048,open,3,146.598,156.802,57.736;66.617;72.024,0.193;0.151;0.351,2783;2926;1932,146.558;146.562;146.711,156.797;156.779;156.845
11-146,1468,2048,open,3,146.598,156.802,57.736;66.617;72.024,0.193;0.151;0.351,2783;2926;1932,146.558;146.562;146.711,156.797;156.779;156.845
11-147,1468,2048,open,3,146.598,156.802,57.736;66.617;72.024,0.193;0.151;0.351,2783;2926;1932,146.558;146.562;146.711,156.797;156.779;156.845
11-148,1468,2048,open,2,146.303,155.565,67.722;78.564,0.203;0.117,2893;2903,146.178;146.426,155.540;155.590
11-149,1468,2048,open,3,146.598,156.802,57.736;66.617;72.024,0.193;0.151;0.351,2783;2926;1932,146.558;146.562;146.711,156.797;156.779;156.845
11-15,1468,2048,open,3,146.598,156.802,57.736;66.617;72.024,0.193;0.151;0.351,2783;2926;1932,146.558;146.562;146.711,156.797;156.779;156.845
11-150,1468,2048,open,2,146.303,155.565,67.722;78.564,0.203;0.117,2893;2903,146.178;146.426,155.540;155.590
11-151,1468,2048,open,3,146.598,156.802,57.736;66.617;72.024,0.193;0.151;0.351,2783;2926;1932,146.558;146.562;146.711,156.797;156.779;156.845
11-152,1468,2048,open,3,146.598,156.802,57.736;66.617;72.024,0.193;0.151;0.351,2783;2926;1932,146.558;146.562;146.711,156.797;156.779;156.845
11-153,1468,2048,open,3,146.598,156.802,57.736;66.617;72.024,0.193;0.151;0.351,2783;2926;1932,146.558;146.562;146.711,156.797;156.779;156.845
11-154,1468,2048,open,3,146.598,156.802,57.736;66.617;72.024,0.193;0.151;0.351,2783;2926;1932,146.558;146.562;146.711,156.797;156.779;156.845
11-155,1468,2048,open,3,146.598,156.802,57.736;66.617;72.024,0.193;0.151;0.351,2783;2926;1932,146.558;146.562;146.711,156.797;156.779;156.845
11-156,1468,2048,open,3,146.598,156.802,57.736;66.617;72.024,0.193;0.151;0.351,2783;2926;1932,146.558;146.562;146.711,156.797;156.779;156.845
11-157,1468,2048,open,3,146.598,156.802,57.736;66.617;72.024,0.193;0.151;0.351,2783;2926;1932,146.558;146.562;146.711,156.797;156.779;156.845
11-158,1468,2048,open,3,146.598,156.802,57.736;66.617;72.024,0.193;0.151;0.351,2783;2926;1932,146.558;146.562;146.711,156.797;156.779;156.845
11-159,1468,2048,open,3,146.598,156.802,57.736;66.617;72.024,0.193;0.151;0.351,2783;2926;1932,146.558;146.562;146.711,156.797;156.779;156.845
11-16,1468,2048,open,2,146.303,155.565,67.722;78.564,0.203;0.117,2893;2903,146.178;146.426,155.540;155.590
11-160,1468,2048,open,2,146.303,155.565,67.722;78.564,0.203;0.117,2893;2903,146.178;146.426,155.540;155.590
11-161,1468,2048,open,3,146.598,156.802,57.736;66.617;72.024,0.193;0.151;0.351,2783;2926;1932,146.558;146.562;146.711,156.797;156.779;156.845
11-162,1468,2048,open,3,146.598,156.802,57.736;66.617;72.024,0.193;0.151;0.351,2783;2926;1932,146.558;146.562;146.711,156.797;156.779;156.845
11-163,1468,2048,open,3,146.598,156.802,57.736;66.617;72.024,0.193;0.151;0.351,2783;2926;1932,146.558;146.562;146.711,156.797;156.779;156.845
11-164,1468,2048,open,3,146.598,156.802,57.736;66.617;72.024,0.193;0.151;0.351,2783;2926;1932,146.558;146.562;146.711,156.797;156.779;156.845
11-165,1468,2048,open,3,146.598,156.802,57.736;66.617;72.024,0.193;0.151;0.351,2783;2926;1932,146.558;146.562;146.711,156.797;156.779;156.845
11-166,1468,2048,open,2,146.303,155.565,67.722;78.564,0.203;0.117,2893;2903,146.178;146.426,155.540;155.590
11-167,1468,2048,open,3,146.598,156.802,57.736;66.617;72.024,0.193;0.151;0.351,2783;2926;1932,146.558;146.562;146.711,156.797;156.779;156.845
11-168,1468,2048,open,2,146.303,155.565,67.722;78.564,0.203;0.117,2893;2903,146.178;146.426,155.540;155.590
11-169,1468,2048,open,3,146.598,156.802,57.736;66.617;72.024,0.193;0.151;0.351,2783;2926;1932,146.558;146.562;146.711,156.797;156.779;156.845
11-17,1468,2048,open,3,146.598,156.802,57.736;66.617;72.024,0.193;0.151;0.351,2783;2926;1932,146.558;146.562;146.711,156.797;156.779;156.845
11-170,1468,2048,open,3,146.598,156.802,57.736;66.617;72.024,0.193;0.151;0.351,2783;2926;1932,146.558;146.562;146.711,156.797;156.779;156.845
11-171,1468,2048,open,2,146.303,155.565,67.722;78.564,0.203;0.117,2893;2903,146.178;146.426,155.540;155.590
11-172,1468,2048,open,3,146.598,156.802,57.736;66.617;72.024,0.193;0.151;0.351,2783;2926;1932,146.558;146.562;146.711,156.797;156.779;156.845
11-173,1468,2048,open,3,146.598,156.802,57.736;66.617;72.024,0.193;0.151;0.351,2783;2926;1932,146.558;146.562;146.711,156.797;156.779;156.845
11-174,1468,2048,open,3,146.598,156.802,57.736;66.617;72.024,0.193;0.151;0.351,2783;2926;1932,146.558;146.562;146.711,156.797;156.779;156.845
11-175,1468,2048,open,3,146.598,156.802,57.736;66.617;72.024,0.193;0.151;0.351,2783;2926;1932,146.558;146.562;146.711,156.797;156.779;156.845
11-176,1468,2048,open,3,146.598,156.802,57.736;66.617;72.024,0.193;0.151;0.351,2783;2926;1932,146.558;146.562;146.711,156.797;156.779;156.845
11-177,1468,2048,open,2,146.303,155.565,67.722;78.564,0.203;0.117,2893;2903,146.178;146.426,155.540;155.590
11-178,1468,2048,open,3,146.598,156.802,57.736;66.617;72.024,0.193;0.151;0.351,2783;2926;1932,146.558;146.562;146.711,156.797;156.779;156.845
11-179,1468,2048,open,3,146.598,156.802,57.736;66.617;72.024,0.193;0.151;0.351,2783;2926;1932,146.558;146.562;146.711,156.797;156.779;156.845
11-18,1468,2048,open,3,146.598,156.802,57.736;66.617;72.024,0.193;0.151;0.351,2783;2926;1932,146.558;146.562;146.711,156.797;156.779;156.845
11-180,1468,2048,open,2,146.303,155.565,67.722;78.564,0.203;0.117,2893;2903,146.178;146.426,155.540;155.590
11-181,1468,2048,open,3,146.598,156.802,57.736;66.617;72.024,0.193;0.151;0.351,2783;2926;1932,146.558;146.562;146.711,156.797;156.779;156.845
11-182,1468,2048,open,3,146.598,156.802,57.736;66.617;72.024,0.193;0.151;0.351,2783;2926;1932,146.558;146.562;146.711,156.797;156.779;156.845
11-183,1468,2048,open,3,146.598,156.802,57.736;66.617;72.024,0.193;0.151;0.351,2783;2926;1932,146.558;146.562;146.711,156.797;156.779;156.845
11-184,1468,2048,open,3,146.598,156.802,57.736;66.617;72.024,0.193;0.151;0.351,2783;2926;1932,146.558;146.562;146.711,156.797;156.779;156.845
11-185,1468,2048,open,3,146.598,156.802,57.736;66.617;72.024,0.193;0.151;0.351,2783;2926;1932,146.558;146.562;146.711,156.797;156.779;156.845
11-186,1468,2048,open,3,146.598,156.802,57.736;66.617;72.024,0.193;0.151;0.351,2783;2926;1932,146.558;146.562;146.711,156.797;156.779;156.845
11-187,1468,2048,open,3,146.598,156.802,57.736;66.617;72.024,0.193;0.151;0.351,2783;2926;1932,146.558;146.562;146.711,156.797;156.779;156.845
11-188,1468,2048,open,3,146.598,156.802,57.736;66.617;72.024,0.193;0.151;0.351,2783;2926;1932,146.558;146.562;146.711,156.797;156.779;156.845
11-189,1468,2048,open,3,146.598,156.802,57.736;66.617;72.024,0.193;0.151;0.351,2783;2926;1932,146.558;146.562;146.711,156.797;156.779;156.845
11-19,1468,2048,open,3,146.598,156.802,57.736;66.617;72.024,0.193;0.151;0.351,2783;2926;1932,146.558;146.562;146.711,156.797;156.779;156.845
11-190,1468,2048,open,2,146.303,155.565,67.722;78.564,0.203;0.117,2893;2903,146.178;146.426,155.540;155.590
11-191,1468,2048,open,3,146.598,156.802,57.736;66.617;72.024,0.193;0.151;0.351,2783;2926;1932,146.558;146.562;146.711,156.797;156.779;156.845
11-192,1468,2048,open,3,146.598,156.802,57.736;66.617;72.024,0.193;0.151;0.351,2783;2926;1932,146.558;146.562;146.711,156.797;156.779;156.845
11-193,1468,2048,open,2,146.303,155.565,67.722;78.564,0.203;0.117,2893;2903,146.178;146.426,155.540;155.590
11-194,1468,2048,open,3,146.598,156.802,57.736;66.617;72.024,0.193;0.151;0.351,2783;2926;1932,146.558;146.562;146.711,156.797;156.779;156.845
11-195,1468,2048,open,2,146.303,155.565,67.722;78.564,0.203;0.117,2893;2903,146.178;146.426,155.540;155.590
11-196,1468,2048,open,3,146.598,156.802,57.736;66.617;72.024,0.193;0.151;0.351,2783;2926;1932,146.558;146.562;146.711,156.797;156.779;156.845
11-197,1468,2048,open,3,146.598,156.802,57.736;66.617;72.024,0.193;0.151;0.351,2783;2926;1932,146.558;146.562;146.711,156.797;156.779;156.845
11-198,1468,2048,open,3,146.598,156.802,57.736;66.617;72.024,0.193;0.151;0.351,2783;2926;1932,146.558;146.562;146.711,156.797;156.779;156.845
11-199,1468,2048,open,3,146.598,156.802,57.736;66.617;72.024,0.193;0.151;0.351,2783;2926;1932,146.558;146.562;146.711,156.797;156.779;156.845
11-2-PD1,1468,2048,open,2,146.302,155.561,67.717;78.574,0.206;0.113,2880;2877,146.178;146.425,155.538;155.583
11-2,1468,2048,open,3,146.598,156.802,57.736;66.617;72.024,0.193;0.151;0.351,2783;2926;1932,146.558;146.562;146.711,156.797;156.779;156.845
11-20,1468,2048,open,3,146.598,156.802,57.736;66.617;72.024,0.193;0.151;0.351,2783;2926;1932,146.558;146.562;146.711,156.797;156.779;156.845
11-200,1468,2048,open,3,146.598,156.802,57.736;66.617;72.024,0.193;0.151;0.351,2783;2926;1932,146.558;146.562;146.711,156.797;156.779;156.845
11-201,1468,2048,open,3,146.598,156.802,57.736;66.617;72.024,0.193;0.151;0.351,2783;2926;1932,146.558;146.562;146.711,156.797;156.779;156.845
11-202,1468,2048,open,3,146.598,156.802,57.736;66.617;72.024,0.193;0.151;0.351,2783;2926;1932,146.558;146.562;146.711,156.797;156.779;156.845
11-203,1468,2048,open,2,146.303,155.565,67.722;78.564,0.203;0.117,2893;2903,146.178;146.426,155.540;155.590
11-204,1468,2048,open,3,146.598,156.802,57.736;66.617;72.024,0.193;0.151;0.351,2783;2926;1932,146.558;146.562;146.711,156.797;156.779;156.845
11-205,1468,2048,open,3,146.599,156.744,57.759;66.580;72.042,0.195;0.143;0.359,2898;2998;2220,146.559;146.561;146.704,156.739;156.710;156.797
11-206,1468,2048,open,2,146.305,155.559,67.730;78.531,0.201;0.116,2990;2994,146.186;146.424,155.539;155.578
11-207,1468,2048,open,3,146.599,156.744,57.759;66.580;72.042,0.195;0.143;0.359,2898;2998;2220,146.559;146.561;146.704,156.739;156.710;156.797
11-208,1468,2048,open,3,146.599,156.744,57.759;66.580;72.042,0.195;0.143;0.359,2898;2998;2220,146.559;146.561;146.704,156.739;156.710;156.797
11-209,1468,2048,open,3,146.599,156.744,57.759;66.580;72.042,0.195;0.143;0.359,2898;2998;2220,146.559;146.561;146.704,156.739;156.710;156.797
11-21,1468,2048,open,3,146.598,156.802,57.736;66.617;72.024,0.193;0.151;0.351,2783;2926;1932,146.558;146.562;146.711,156.797;156.779;156.845
11-210,1468,2048,open,3,146.599,156.744,57.759;66.580;72.042,0.195;0.143;0.359,2898;2998;2220,146.559;146.561;146.704,156.739;156.710;156.797
11-211,1468,2048,open,3,146.599,156.744,57.759;66.580;72.042,0.195;0.143;0.359,2898;2998;2220,146.559;146.561;146.704,156.739;156.710;156.797
11-212,1468,2048,open,2,146.306,155.560,67.730;78.533,0.201;0.117,2990;2994,146.186;146.425,155.539;155.581
11-213,1468,2048,open,3,146.599,156.744,57.759;66.580;72.042,0.195;0.143;0.359,2898;2998;2220,146.559;146.561;146.704,156.739;156.710;156.797
11-214,1468,2048,open,3,146.599,156.744,57.759;66.580;72.042,0.195;0.143;0.359,2898;2998;2220,146.559;146.561;146.704,156.739;156.710;156.797
11-215,1468,2048,open,3,146.599,156.744,57.759;66.580;72.042,0.195;0.143;0.359,2898;2998;2220,146.559;146.561;146.704,156.739;156.710;156.797
11-216,1468,2048,open,2,146.305,155.559,67.730;78.532,0.201;0.116,2990;2995,146.186;146.424,155.539;155.579
11-217,1468,2048,open,3,146.599,156.744,57.759;66.580;72.042,0.195;0.143;0.359,2898;2998;2220,146.559;146.561;146.704,156.739;156.710;156.797
11-218,1468,2048,open,3,146.599,156.744,57.759;66.580;72.042,0.195;0.143;0.359,2898;2998;2220,146.559;146.561;146.704,156.739;156.710;156.797
11-219,1468,2048,open,3,146.599,156.744,57.759;66.580;72.042,0.195;0.143;0.359,2898;2998;2220,146.559;146.561;146.704,156.739;156.710;156.797
11-22,1468,2048,open,3,146.594,156.802,57.736;66.610;72.034,0.193;0.155;0.355,2783;2850;1895,146.558;146.555;146.707,156.797;156.768;156.859
11-220,1468,2048,open,3,146.599,156.744,57.759;66.580;72.042,0.195;0.143;0.359,2898;2998;2220,146.559;146.561;146.704,156.739;156.710;156.797
11-221,1468,2048,open,3,146.599,156.744,57.759;66.580;72.042,0.195;0.143;0.359,2898;2998;2220,146.559;146.561;146.704,156.739;156.710;156.797
11-222,1468,2048,open,2,146.305,155.559,67.730;78.532,0.201;0.116,2990;2994,146.186;146.424,155.539;155.579
11-223,1468,2048,open,3,146.598,156.738,57.734;66.605;72.014,0.189;0.146;0.346,2689;2851;1860,146.561;146.555;146.718,156.737;156.711;156.779
11-224,1468,2048,open,3,146.598,156.738,57.734;66.604;72.014,0.189;0.145;0.345,2689;2850;1861,146.561;146.554;146.718,156.737;156.712;156.778
11-225,1468,2048,open,2,146.303,155.564,67.717;78.563,0.204;0.118,2810;2828,146.187;146.418,155.539;155.588
11-226,1468,2048,open,3,146.598,156.738,57.734;66.604;72.014,0.189;0.145;0.345,2689;2850;1861,146.561;146.554;146.718,156.737;156.712;156.778
11-227,1468,2048,open,3,146.598,156.738,57.734;66.604;72.014,0.189;0.145;0.345,2689;2850;1861,146.561;146.554;146.718,156.737;156.712;156.778
11-228,1468,2048,open,3,146.598,156.738,57.734;66.604;72.014,0.189;0.145;0.345,2689;2850;1861,146.561;146.554;146.718,156.737;156.712;156.778
11-229,1468,2048,open,3,146.598,156.738,57.734;66.604;72.014,0.189;0.145;0.345,2689;2850;1861,146.561;146.554;146.718,156.737;156.712;156.778
11-23,1468,2048,open,3,146.598,156.802,57.736;66.617;72.024,0.193;0.151;0.351,2783;2926;1932,146.558;146.562;146.711,156.797;156.779;156.845
11-230,1468,2048,open,3,146.598,156.738,57.734;66.604;72.014,0.189;0.145;0.345,2689;2850;1861,146.561;146.554;146.718,156.737;156.712;156.778
11-231,1468,2048,open,3,146.598,156.738,57.734;66.604;72.014,0.189;0.145;0.345,2689;2850;1861,146.561;146.554;146.718,156.737;156.712;156.778
11-232,1468,2048,open,3,146.598,156.738,57.734;66.604;72.014,0.189;0.145;0.345,2689;2850;1861,146.561;146.554;146.718,156.737;156.712;156.778
11-233,1468,2048,open,3,146.598,156.738,57.734;66.604;72.014,0.189;0.145;0.345,2689;2850;1861,146.561;146.554;146.718,156.737;156.712;156.778
11-234,1468,2048,open,2,146.304,155.565,67.717;78.566,0.204;0.118,2810;2833,146.187;146.420,155.539;155.591
11-235,1468,2048,open,3,146.598,156.738,57.734;66.604;72.014,0.189;0.145;0.345,2689;2850;1861,146.561;146.554;146.718,156.737;156.712;156.778
11-236,1468,2048,open,3,146.598,156.738,57.734;66.604;72.014,0.189;0.145;0.345,2689;2850;1861,146.561;146.554;146.718,156.737;156.712;156.778
11-237,1468,2048,open,3,146.598,156.738,57.734;66.604;72.014,0.189;0.145;0.345,2689;2850;1861,146.561;146.554;146.718,156.737;156.712;156.778
11-238,1468,2048,open,3,146.598,156.738,57.734;66.604;72.014,0.189;0.145;0.345,2689;2850;1861,146.561;146.554;146.718,156.737;156.712;156.778
11-239,1468,2048,open,3,146.598,156.738,57.734;66.604;72.014,0.189;0.145;0.345,2689;2850;1861,146.561;146.554;146.718,156.737;156.712;156.778
11-24,1468,2048,open,3,146.598,156.802,57.736;66.617;72.024,0.193;0.151;0.351,2783;2926;1932,146.558;146.562;146.711,156.797;156.779;156.845
11-240,1468,2048,open,3,146.598,156.738,57.734;66.604;72.014,0.189;0.145;0.345,2689;2850;1861,146.561;146.554;146.718,156.737;156.712;156.778
11-241,1468,2048,open,4,146.551,156.171,55.244;63.892;74.009;106.820,0.268;0.252;0.398;1.587,914;961;785;366,146.768;146.248;146.674;146.546,156.486;156.115;155.977;155.952
11-242,1468,2048,open,3,146.491,156.232,55.681;63.362;74.656,0.180;0.127;0.158,1656;1848;1265,146.501;146.471;146.506,156.406;156.150;156.123
11-25,1468,2048,open,3,146.598,156.802,57.736;66.617;72.024,0.193;0.151;0.351,2783;2926;1932,146.558;146.562;146.711,156.797;156.779;156.845
11-26,1468,2048,open,2,146.303,155.565,67.722;78.564,0.203;0.117,2893;2903,146.178;146.426,155.540;155.590
11-27,1468,2048,open,3,146.598,156.802,57.736;66.617;72.024,0.193;0.151;0.351,2783;2926;1932,146.558;146.562;146.711,156.797;156.779;156.845
11-28-P3,1468,2048,open,3,146.260,155.566,67.726;78.553;85.155,0.205;0.116;0.159,2950;2957;2874,146.180;146.425;146.172,155.537;155.586;155.577
11-28,1468,2048,open,2,146.303,155.565,67.722;78.564,0.203;0.117,2893;2903,146.178;146.426,155.540;155.590
11-29-P3,1468,2048,open,3,146.569,156.804,57.745;66.598;72.041,0.192;0.157;0.351,2864;2981;2052,146.533;146.519;146.693,156.804;156.780;156.839
11-29,1468,2048,open,2,146.303,155.565,67.722;78.564,0.203;0.117,2893;2903,146.178;146.426,155.540;155.590
11-3,1468,2048,open,3,146.598,156.802,57.736;66.617;72.024,0.193;0.151;0.351,2783;2926;1932,146.558;146.562;146.711,156.797;156.779;156.845
11-30-P3,1468,2048,open,3,146.569,156.804,57.745;66.598;72.041,0.192;0.157;0.351,2864;2981;2052,146.533;146.519;146.693,156.804;156.780;156.839
11-30,1468,2048,open,3,146.598,156.802,57.736;66.617;72.024,0.193;0.151;0.351,2783;2926;1932,146.558;146.562;146.711,156.797;156.779;156.845
11-31-P3,1468,2048,open,3,146.598,156.802,57.736;66.617;72.024,0.193;0.151;0.351,2783;2926;1932,146.558;146.562;146.711,156.797;156.779;156.845
11-31,1468,2048,open,2,146.303,155.565,67.722;78.564,0.203;0.117,2893;2903,146.178;146.426,155.540;155.589
11-32-P3,1468,2048,open,3,146.268,155.560,67.726;78.555;85.136,0.205;0.118;0.151,2950;2957;2299,146.180;146.426;146.177,155.537;155.588;155.554
11-32,1468,2048,open,3,146.598,156.802,57.736;66.617;72.024,0.193;0.151;0.351,2783;2926;1932,146.558;146.562;146.711,156.797;156.779;156.845
11-33-P3,1468,2048,open,3,146.636,156.807,57.660;66.680;72.079,0.162;0.191;0.163,2861;2934;1914,146.541;146.519;146.960,156.796;156.823;156.799
11-33,1468,2048,open,3,146.598,156.802,57.736;66.617;72.024,0.193;0.151;0.351,2783;2926;1932,146.558;146.562;146.711,156.797;156.779;156.845
11-34-P3,1468,2048,open,3,146.636,156.806,57.661;66.680;72.081,0.162;0.191;0.163,2861;2931;1914,146.540;146.519;146.959,156.794;156.823;156.797
11-34,1468,2048,open,3,146.598,156.802,57.736;66.617;72.024,0.193;0.151;0.351,2783;2926;1932,146.558;146.562;146.711,156.797;156.779;156.845
11-35-P3,1468,2048,open,3,146.598,156.802,57.736;66.617;72.024,0.193;0.151;0.351,2783;2926;1932,146.558;146.562;146.711,156.797;156.779;156.845
11-35,1468,2048,open,3,146.598,156.802,57.736;66.617;72.024,0.193;0.151;0.351,2783;2926;1932,146.558;146.562;146.711,156.797;156.779;156.845
11-36,1468,2048,open,3,146.598,156.802,57.736;66.617;72.024,0.193;0.151;0.351,2783;2926;1932,146.558;146.562;146.711,156.797;156.779;156.845
11-37,1468,2048,open,3,146.598,156.802,57.736;66.617;72.024,0.193;0.151;0.351,2783;2926;1932,146.558;146.562;146.711,156.797;156.779;156.845
11-38,1468,2048,open,2,146.303,155.565,67.722;78.564,0.203;0.117,2893;2903,146.178;146.426,155.540;155.590
11-39,1468,2048,open,3,146.598,156.802,57.736;66.617;72.024,0.193;0.151;0.351,2783;2926;1932,146.558;146.562;146.711,156.797;156.779;156.845
11-4,1468,2048,open,2,146.303,155.565,67.722;78.564,0.203;0.117,2893;2903,146.178;146.426,155.540;155.590
11-40,1468,2048,open,3,146.598,156.802,57.736;66.617;72.024,0.193;0.151;0.351,2783;2926;1932,146.558;146.562;146.711,156.797;156.779;156.845
11-41,1468,2048,open,3,146.598,156.802,57.736;66.617;72.024,0.193;0.151;0.351,2783;2926;1932,146.558;146.562;146.711,156.797;156.779;156.845
11-42-P3,1468,2048,open,3,146.598,156.737,57.734;66.604;72.015,0.190;0.146;0.346,2769;2913;1918,146.561;146.553;146.718,156.739;156.711;156.773
11-42,1468,2048,open,2,146.303,155.565,67.722;78.564,0.203;0.117,2893;2903,146.178;146.426,155.540;155.590
11-43,1468,2048,open,3,146.598,156.802,57.736;66.617;72.024,0.193;0.151;0.351,2783;2926;1932,146.558;146.562;146.711,156.797;156.779;156.845
11-44,1468,2048,open,2,146.303,155.565,67.722;78.564,0.203;0.117,2893;2903,146.178;146.426,155.540;155.590
11-45,1468,2048,open,3,146.598,156.802,57.736;66.617;72.024,0.193;0.151;0.351,2783;2926;1932,146.558;146.562;146.711,156.797;156.779;156.845
11-46,1468,2048,open,2,146.303,155.565,67.722;78.564,0.203;0.117,2893;2903,146.178;146.426,155.540;155.590
11-47,1468,2048,open,3,146.598,156.802,57.736;66.617;72.024,0.193;0.151;0.351,2783;2926;1932,146.558;146.562;146.711,156.797;156.779;156.845
11-48,1468,2048,open,3,146.598,156.802,57.736;66.617;72.024,0.193;0.151;0.351,2783;2926;1932,146.558;146.562;146.711,156.797;156.779;156.845
11-49,1468,2048,open,3,146.598,156.802,57.736;66.617;72.024,0.193;0.151;0.351,2783;2926;1932,146.558;146.562;146.711,156.797;156.779;156.845
11-5,1468,2048,open,3,146.598,156.802,57.736;66.617;72.024,0.193;0.151;0.351,2783;2926;1932,146.558;146.562;146.711,156.797;156.779;156.845
11-50,1468,2048,open,3,146.598,156.802,57.736;66.617;72.024,0.193;0.151;0.351,2783;2926;1932,146.558;146.562;146.712,156.797;156.779;156.846
11-51,1468,2048,open,2,146.303,155.565,67.722;78.564,0.203;0.117,2893;2903,146.178;146.426,155.540;155.590
11-52,1468,2048,open,3,146.598,156.802,57.736;66.617;72.024,0.193;0.151;0.351,2783;2926;1932,146.558;146.562;146.711,156.797;156.779;156.845
11-53,1468,2048,open,2,146.303,155.565,67.722;78.564,0.203;0.117,2893;2903,146.178;146.426,155.540;155.590
11-54,1468,2048,open,3,146.598,156.802,57.736;66.617;72.024,0.193;0.151;0.351,2783;2926;1932,146.558;146.562;146.711,156.797;156.779;156.845
11-55,1468,2048,open,3,146.598,156.802,57.736;66.617;72.024,0.193;0.151;0.351,2783;2926;1932,146.558;146.562;146.711,156.797;156.779;156.845
11-56,1468,2048,open,3,146.598,156.802,57.736;66.617;72.024,0.193;0.151;0.351,2783;2926;1932,146.558;146.562;146.711,156.797;156.779;156.845
11-57,1468,2048,open,2,146.303,155.565,67.722;78.564,0.203;0.117,2893;2903,146.178;146.426,155.540;155.590
11-58,1468,2048,open,3,146.598,156.802,57.736;66.617;72.024,0.193;0.151;0.351,2783;2926;1932,146.558;146.562;146.711,156.797;156.779;156.845
11-59,1468,2048,open,3,146.598,156.802,57.736;66.617;72.024,0.193;0.151;0.351,2783;2926;1932,146.558;146.562;146.711,156.797;156.779;156.845
11-6,1468,2048,open,3,146.598,156.802,57.736;66.617;72.024,0.193;0.151;0.351,2783;2926;1932,146.558;146.562;146.711,156.797;156.779;156.845
11-60,1468,2048,open,2,146.303,155.565,67.722;78.564,0.203;0.117,2893;2903,146.178;146.426,155.540;155.590
11-61,1468,2048,open,2,146.303,155.565,67.722;78.564,0.203;0.117,2893;2903,146.178;146.426,155.540;155.590
11-62,1468,2048,open,3,146.598,156.802,57.736;66.617;72.024,0.193;0.151;0.351,2783;2926;1932,146.558;146.562;146.711,156.797;156.779;156.845
11-63,1468,2048,open,3,146.598,156.802,57.736;66.617;72.024,0.193;0.151;0.351,2783;2926;1932,146.558;146.562;146.711,156.797;156.779;156.845
11-64,1468,2048,open,3,146.598,156.802,57.736;66.617;72.024,0.193;0.151;0.351,2783;2926;1932,146.558;146.562;146.711,156.797;156.779;156.845
11-65,1468,2048,open,2,146.303,155.565,67.722;78.564,0.203;0.117,2893;2903,146.178;146.426,155.540;155.590
11-66,1468,2048,open,2,146.303,155.565,67.722;78.564,0.203;0.117,2893;2903,146.178;146.426,155.540;155.590
11-67,1468,2048,open,3,146.598,156.802,57.736;66.617;72.024,0.193;0.151;0.351,2783;2926;1932,146.558;146.562;146.711,156.797;156.779;156.845
11-68,1468,2048,open,3,146.598,156.802,57.736;66.617;72.024,0.193;0.151;0.351,2783;2926;1932,146.558;146.562;146.711,156.797;156.779;156.845
11-69,1468,2048,open,3,146.598,156.802,57.736;66.617;72.024,0.193;0.151;0.351,2783;2926;1932,146.558;146.562;146.711,156.797;156.779;156.845
11-7,1468,2048,open,3,146.598,156.802,57.736;66.617;72.024,0.193;0.151;0.351,2783;2926;1932,146.558;146.562;146.711,156.797;156.779;156.845
11-70,1468,2048,open,3,146.598,156.802,57.736;66.617;72.024,0.193;0.151;0.351,2783;2926;1932,146.558;146.562;146.711,156.797;156.779;156.845
11-71,1468,2048,open,3,146.598,156.802,57.736;66.617;72.024,0.193;0.151;0.351,2783;2926;1932,146.558;146.562;146.711,156.797;156.779;156.845
11-72,1468,2048,open,3,146.598,156.802,57.736;66.617;72.024,0.193;0.151;0.351,2783;2926;1932,146.558;146.562;146.711,156.797;156.779;156.845
11-73,1468,2048,open,2,146.303,155.565,67.722;78.564,0.203;0.117,2893;2903,146.178;146.426,155.540;155.590
11-74,1468,2048,open,3,146.598,156.802,57.736;66.617;72.024,0.193;0.151;0.351,2783;2926;1932,146.558;146.562;146.711,156.797;156.779;156.845
11-75,1468,2048,open,3,146.598,156.802,57.736;66.617;72.024,0.193;0.151;0.351,2783;2926;1932,146.558;146.562;146.711,156.797;156.779;156.845
11-76,1468,2048,open,3,146.598,156.802,57.736;66.617;72.024,0.193;0.151;0.351,2783;2926;1932,146.558;146.562;146.711,156.797;156.779;156.845
11-77,1468,2048,open,2,146.303,155.565,67.722;78.564,0.203;0.117,2893;2903,146.178;146.426,155.540;155.590
11-78,1468,2048,open,3,146.598,156.802,57.736;66.617;72.024,0.193;0.151;0.351,2783;2926;1932,146.558;146.562;146.711,156.797;156.779;156.845
11-79,1468,2048,open,3,146.598,156.802,57.736;66.617;72.024,0.193;0.151;0.351,2783;2926;1932,146.558;146.562;146.711,156.797;156.779;156.845
11-8,1468,2048,open,3,146.598,156.802,57.736;66.617;72.024,0.193;0.151;0.351,2783;2926;1932,146.558;146.562;146.711,156.797;156.779;156.845
11-80,1468,2048,open,3,146.598,156.802,57.736;66.617;72.024,0.193;0.151;0.351,2783;2926;1932,146.558;146.562;146.711,156.797;156.779;156.845
11-81,1468,2048,open,3,146.598,156.802,57.736;66.617;72.024,0.193;0.151;0.351,2783;2926;1932,146.558;146.562;146.711,156.797;156.779;156.845
11-82,1468,2048,open,2,146.303,155.565,67.722;78.564,0.203;0.117,2893;2903,146.178;146.426,155.540;155.590
11-83,1468,2048,open,2,146.303,155.565,67.722;78.564,0.203;0.117,2893;2903,146.178;146.426,155.540;155.590
11-84,1468,2048,open,3,146.598,156.802,57.736;66.617;72.024,0.193;0.151;0.351,2783;2926;1932,146.558;146.562;146.711,156.797;156.779;156.845
11-85,1468,2048,open,3,146.598,156.802,57.736;66.617;72.024,0.193;0.151;0.351,2783;2926;1932,146.558;146.562;146.711,156.797;156.779;156.845
11-86,1468,2048,open,3,146.598,156.802,57.736;66.617;72.024,0.193;0.151;0.351,2783;2926;1932,146.558;146.562;146.711,156.797;156.779;156.845
11-87,1468,2048,open,3,146.598,156.802,57.736;66.617;72.024,0.193;0.151;0.351,2783;2926;1932,146.558;146.562;146.711,156.797;156.779;156.845
11-88,1468,2048,open,3,146.598,156.802,57.736;66.617;72.024,0.193;0.151;0.351,2783;2926;1932,146.558;146.562;146.711,156.797;156.779;156.845
11-89,1468,2048,open,3,146.598,156.802,57.736;66.617;72.024,0.193;0.151;0.351,2783;2926;1932,146.558;146.562;146.711,156.797;156.779;156.845
11-9,1468,2048,open,3,146.598,156.802,57.736;66.617;72.024,0.193;0.151;0.351,2783;2926;1932,146.558;146.562;146.711,156.797;156.779;156.845
11-90,1468,2048,open,3,146.598,156.802,57.736;66.617;72.024,0.193;0.151;0.351,2783;2926;1932,146.558;146.562;146.711,156.797;156.779;156.845
11-91,1468,2048,open,2,146.303,155.565,67.722;78.564,0.203;0.117,2893;2903,146.178;146.426,155.540;155.590
11-92,1468,2048,open,3,146.598,156.802,57.736;66.617;72.024,0.193;0.151;0.351,2783;2926;1932,146.558;146.562;146.711,156.797;156.779;156.845
11-93,1468,2048,open,3,146.598,156.802,57.736;66.617;72.024,0.193;0.151;0.351,2783;2926;1932,146.558;146.562;146.711,156.797;156.779;156.845
11-94,1468,2048,open,3,146.598,156.802,57.736;66.617;72.024,0.193;0.151;0.351,2783;2926;1932,146.558;146.562;146.711,156.797;156.779;156.845
11-95,1468,2048,open,3,146.598,156.802,57.736;66.617;72.024,0.193;0.151;0.351,2783;2926;1932,146.558;146.562;146.711,156.797;156.779;156.845
11-96,1468,2048,open,3,146.598,156.802,57.736;66.617;72.024,0.193;0.151;0.351,2783;2926;1932,146.558;146.562;146.711,156.797;156.779;156.845
11-97,1468,2048,open,3,146.598,156.802,57.736;66.617;72.024,0.193;0.151;0.351,2783;2926;1932,146.558;146.562;146.711,156.797;156.779;156.845
11-98,1468,2048,open,2,146.303,155.565,67.722;78.564,0.203;0.117,2893;2903,146.178;146.426,155.540;155.590
11-99,1468,2048,open,2,146.303,155.565,67.722;78.564,0.203;0.117,2893;2903,146.178;146.426,155.540;155.590
12-1,1468,2048,open,2,146.303,155.565,67.722;78.564,0.203;0.117,2893;2903,146.178;146.426,155.540;155.590
12-10,1468,2048,open,3,146.598,156.802,57.736;66.617;72.024,0.193;0.151;0.351,2783;2926;1932,146.558;146.562;146.711,156.797;156.779;156.845
12-100,1468,2048,open,2,146.303,155.565,67.722;78.564,0.203;0.117,2893;2903,146.178;146.426,155.540;155.590
12-101,1468,2048,open,2,146.303,155.565,67.722;78.564,0.203;0.117,2893;2903,146.178;146.426,155.540;155.590
12-102,1468,2048,open,3,146.598,156.802,57.736;66.617;72.024,0.193;0.151;0.351,2785;2926;1932,146.558;146.562;146.711,156.796;156.779;156.845
12-103,1468,2048,open,2,146.302,155.565,67.722;78.563,0.203;0.117,2893;2903,146.178;146.426,155.540;155.589
12-104,1468,2048,open,3,146.598,156.802,57.736;66.617;72.024,0.193;0.151;0.351,2783;2926;1932,146.558;146.562;146.711,156.797;156.779;156.845
12-105,1468,2048,open,3,146.598,156.802,57.736;66.617;72.024,0.193;0.151;0.351,2783;2926;1932,146.558;146.562;146.711,156.797;156.779;156.845
12-106,1468,2048,open,3,146.598,156.802,57.736;66.617;72.024,0.193;0.151;0.351,2783;2926;1932,146.558;146.562;146.711,156.797;156.779;156.845
12-107,1468,2048,open,2,146.303,155.565,67.722;78.564,0.203;0.117,2893;2903,146.178;146.426,155.540;155.590
12-108,1468,2048,open,3,146.598,156.802,57.736;66.617;72.024,0.193;0.151;0.351,2783;2926;1932,146.558;146.562;146.711,156.797;156.779;156.845
12-109,1468,2048,open,3,146.598,156.802,57.736;66.617;72.024,0.193;0.151;0.351,2783;2926;1932,146.558;146.562;146.711,156.797;156.779;156.845
12-11,1468,2048,open,3,146.598,156.802,57.736;66.617;72.024,0.193;0.151;0.351,2783;2926;1932,146.558;146.562;146.711,156.797;156.779;156.845
12-110,1468,2048,open,3,146.598,156.802,57.736;66.617;72.024,0.193;0.151;0.351,2783;2926;1932,146.558;146.562;146.711,156.797;156.779;156.845
12-111,1468,2048,open,3,146.598,156.802,57.736;66.617;72.024,0.193;0.151;0.351,2783;2926;1932,146.558;146.562;146.711,156.797;156.779;156.845
12-112,1468,2048,open,3,146.598,156.802,57.736;66.617;72.024,0.193;0.151;0.351,2783;2926;1932,146.558;146.562;146.711,156.797;156.779;156.845
12-113,1468,2048,open,3,146.598,156.802,57.736;66.617;72.024,0.193;0.151;0.351,2783;2926;1932,146.558;146.562;146.711,156.797;156.779;156.845
12-114,1468,2048,open,3,146.598,156.802,57.736;66.617;72.024,0.193;0.151;0.351,2783;2926;1932,146.558;146.562;146.711,156.797;156.779;156.845
12-115,1468,2048,open,3,146.598,156.802,57.736;66.617;72.024,0.193;0.151;0.351,2783;2926;1932,146.558;146.562;146.711,156.797;156.779;156.845
12-116,1468,2048,open,3,146.598,156.802,57.736;66.617;72.024,0.193;0.151;0.351,2783;2926;1932,146.558;146.562;146.711,156.797;156.779;156.845
12-117,1468,2048,open,3,146.598,156.802,57.736;66.617;72.024,0.193;0.151;0.351,2783;2926;1932,146.558;146.562;146.711,156.797;156.779;156.845
12-118,1468,2048,open,2,146.303,155.565,67.722;78.564,0.203;0.117,2893;2903,146.178;146.426,155.540;155.590
12-119,1468,2048,open,2,146.303,155.565,67.722;78.564,0.203;0.117,2893;2903,146.178;146.426,155.540;155.590
12-12,1468,2048,open,2,146.303,155.565,67.722;78.564,0.203;0.117,2893;2903,146.178;146.426,155.540;155.590
12-120,1468,2048,open,3,146.598,156.802,57.736;66.617;72.024,0.193;0.151;0.351,2783;2926;1932,146.558;146.562;146.711,156.797;156.779;156.845
12-121,1468,2048,open,3,146.598,156.802,57.736;66.617;72.024,0.193;0.151;0.351,2783;2926;1932,146.558;146.562;146.711,156.797;156.779;156.845
12-122,1468,2048,open,3,146.598,156.802,57.736;66.617;72.024,0.193;0.151;0.351,2783;2926;1932,146.558;146.562;146.711,156.797;156.779;156.845
12-123,1468,2048,open,2,146.303,155.565,67.722;78.564,0.203;0.117,2893;2903,146.178;146.426,155.540;155.590
12-124,1468,2048,open,3,146.598,156.802,57.736;66.617;72.024,0.193;0.151;0.351,2783;2926;1932,146.558;146.562;146.711,156.797;156.779;156.845
12-125,1468,2048,open,2,146.303,155.565,67.722;78.564,0.203;0.117,2893;2903,146.178;146.426,155.540;155.590
12-126,1468,2048,open,2,146.303,155.565,67.722;78.564,0.203;0.117,2893;2903,146.178;146.426,155.540;155.590
12-127,1468,2048,open,3,146.598,156.802,57.736;66.617;72.024,0.193;0.151;0.351,2783;2926;1932,146.558;146.562;146.711,156.797;156.779;156.845
12-128,1468,2048,open,3,146.598,156.802,57.736;66.617;72.024,0.193;0.151;0.351,2783;2926;1932,146.558;146.562;146.711,156.797;156.779;156.845
12-129,1468,2048,open,3,146.598,156.802,57.736;66.617;72.024,0.193;0.151;0.351,2783;2926;1932,146.558;146.562;146.711,156.797;156.779;156.845
12-13,1468,2048,open,3,146.598,156.802,57.736;66.617;72.024,0.193;0.151;0.351,2783;2926;1932,146.558;146.562;146.711,156.797;156.779;156.845
12-130,1468,2048,open,2,146.303,155.565,67.722;78.564,0.203;0.117,2893;2903,146.178;146.426,155.540;155.590
12-131,1468,2048,open,3,146.598,156.802,57.736;66.617;72.024,0.193;0.151;0.351,2783;2926;1932,146.558;146.562;146.711,156.797;156.779;156.845
12-132,1468,2048,open,3,146.598,156.802,57.736;66.617;72.024,0.193;0.151;0.351,2783;2926;1932,146.558;146.562;146.711,156.797;156.779;156.845
12-133,1468,2048,open,3,146.598,156.802,57.736;66.617;72.024,0.193;0.151;0.351,2783;2926;1932,146.558;146.562;146.711,156.797;156.779;156.845
12-134,1468,2048,open,2,146.303,155.565,67.722;78.564,0.203;0.117,2893;2903,146.178;146.426,155.540;155.590
12-135,1468,2048,open,3,146.598,156.802,57.736;66.617;72.024,0.193;0.151;0.351,2785;2926;1932,146.558;146.562;146.711,156.796;156.779;156.845
12-136,1468,2048,open,2,146.302,155.565,67.722;78.563,0.203;0.117,2893;2903,146.178;146.426,155.540;155.589
12-137,1468,2048,open,3,146.598,156.802,57.736;66.617;72.024,0.193;0.151;0.351,2783;2926;1932,146.558;146.562;146.711,156.797;156.779;156.845
12-138,1468,2048,open,3,146.598,156.802,57.736;66.617;72.024,0.193;0.151;0.351,2783;2926;1932,146.558;146.562;146.711,156.797;156.779;156.845
12-139,1468,2048,open,3,146.598,156.802,57.736;66.617;72.024,0.193;0.151;0.351,2783;2926;1932,146.558;146.562;146.711,156.797;156.779;156.845
12-14,1468,2048,open,2,146.303,155.565,67.722;78.564,0.203;0.117,2893;2903,146.178;146.426,155.540;155.590
12-140,1468,2048,open,3,146.598,156.802,57.736;66.617;72.024,0.193;0.151;0.351,2783;2926;1932,146.558;146.562;146.711,156.797;156.779;156.845
12-141,1468,2048,open,3,146.598,156.802,57.736;66.617;72.024,0.193;0.151;0.351,2783;2926;1932,146.558;146.562;146.711,156.797;156.779;156.845
12-142,1468,2048,open,3,146.598,156.802,57.736;66.617;72.024,0.193;0.151;0.351,2783;2926;1932,146.558;146.562;146.711,156.797;156.779;156.845
12-143,1468,2048,open,3,146.598,156.802,57.736;66.617;72.024,0.193;0.151;0.351,2783;2926;1932,146.558;146.562;146.711,156.797;156.779;156.845
12-144,1468,2048,open,3,146.598,156.802,57.736;66.617;72.024,0.193;0.151;0.351,2783;2926;1932,146.558;146.562;146.711,156.797;156.779;156.845
12-145,1468,2048,open,2,146.303,155.565,67.722;78.564,0.203;0.117,2893;2903,146.178;146.426,155.540;155.590
12-146,1468,2048,open,2,146.303,155.565,67.722;78.564,0.203;0.117,2893;2903,146.178;146.426,155.540;155.590
12-147,1468,2048,open,3,146.598,156.802,57.736;66.617;72.024,0.193;0.151;0.351,2783;2926;1932,146.558;146.562;146.711,156.797;156.779;156.845
12-148,1468,2048,open,3,146.598,156.802,57.736;66.617;72.024,0.193;0.151;0.351,2783;2926;1932,146.558;146.562;146.711,156.797;156.779;156.845
12-149,1468,2048,open,3,146.598,156.802,57.736;66.617;72.024,0.193;0.151;0.351,2783;2926;1932,146.558;146.562;146.711,156.797;156.779;156.845
12-15,1468,2048,open,2,146.302,155.565,67.722;78.563,0.203;0.117,2893;2903,146.178;146.426,155.540;155.589
12-150,1468,2048,open,3,146.598,156.802,57.736;66.617;72.024,0.193;0.151;0.351,2785;2926;1932,146.558;146.562;146.711,156.796;156.779;156.845
12-151,1468,2048,open,3,146.598,156.802,57.736;66.617;72.024,0.193;0.151;0.351,2783;2926;1932,146.558;146.562;146.711,156.797;156.779;156.845
12-152,1468,2048,open,3,146.598,156.802,57.736;66.617;72.024,0.193;0.151;0.351,2783;2926;1932,146.558;146.562;146.711,156.797;156.779;156.845
12-153,1468,2048,open,3,146.598,156.802,57.736;66.617;72.024,0.193;0.151;0.351,2783;2926;1932,146.558;146.562;146.711,156.797;156.779;156.845
12-154,1468,2048,open,3,146.598,156.802,57.736;66.617;72.024,0.193;0.151;0.351,2783;2926;1932,146.558;146.562;146.711,156.797;156.779;156.845
12-155,1468,2048,open,3,146.598,156.802,57.736;66.617;72.024,0.193;0.151;0.351,2783;2926;1932,146.558;146.562;146.711,156.797;156.779;156.845
12-156,1468,2048,open,3,146.598,156.802,57.736;66.617;72.024,0.193;0.151;0.351,2783;2926;1932,146.558;146.562;146.711,156.797;156.779;156.845
12-157,1468,2048,open,3,146.598,156.802,57.736;66.617;72.024,0.193;0.151;0.351,2783;2926;1932,146.558;146.562;146.711,156.797;156.779;156.845
12-158,1468,2048,open,3,146.598,156.802,57.736;66.617;72.024,0.193;0.151;0.351,2783;2926;1932,146.558;146.562;146.711,156.797;156.779;156.845
12-159,1468,2048,open,3,146.598,156.802,57.736;66.617;72.024,0.193;0.151;0.351,2783;2926;1932,146.558;146.562;146.711,156.797;156.779;156.845
12-16,1468,2048,open,3,146.598,156.802,57.736;66.617;72.024,0.193;0.151;0.351,2783;2926;1932,146.558;146.562;146.711,156.797;156.779;156.845
12-160,1468,2048,open,3,146.598,156.802,57.736;66.617;72.024,0.193;0.151;0.351,2785;2926;1932,146.558;146.562;146.711,156.796;156.779;156.845
12-161,1468,2048,open,3,146.598,156.802,57.736;66.617;72.024,0.193;0.151;0.351,2783;2926;1932,146.558;146.562;146.711,156.797;156.779;156.845
12-162,1468,2048,open,3,146.598,156.802,57.736;66.617;72.024,0.193;0.151;0.351,2783;2926;1932,146.558;146.562;146.711,156.797;156.779;156.845
12-163,1468,2048,open,2,146.303,155.565,67.722;78.564,0.203;0.117,2893;2903,146.178;146.426,155.540;155.590
12-164,1468,2048,open,2,146.303,155.565,67.722;78.564,0.203;0.117,2893;2903,146.178;146.426,155.540;155.590
12-165,1468,2048,open,3,146.598,156.802,57.736;66.617;72.024,0.193;0.151;0.351,2783;2926;1932,146.558;146.562;146.711,156.797;156.779;156.845
12-166,1468,2048,open,2,146.303,155.565,67.722;78.564,0.203;0.117,2893;2903,146.178;146.426,155.540;155.590
12-167,1468,2048,open,3,146.653,156.724,57.738;66.596;72.160,0.193;0.155;0.177,2749;2914;1930,146.547;146.526;146.997,156.734;156.714;156.726
12-168,1468,2048,open,3,146.653,156.724,57.738;66.596;72.160,0.193;0.155;0.177,2749;2914;1930,146.547;146.526;146.997,156.734;156.714;156.726
12-169,1468,2048,open,2,146.303,155.565,67.722;78.564,0.203;0.117,2893;2903,146.178;146.426,155.540;155.590
12-17,1468,2048,open,3,146.598,156.802,57.736;66.617;72.024,0.193;0.151;0.351,2783;2926;1932,146.558;146.562;146.711,156.797;156.779;156.845
12-170,1468,2048,open,3,146.598,156.802,57.736;66.617;72.024,0.193;0.151;0.351,2785;2926;1932,146.558;146.562;146.711,156.796;156.779;156.845
12-171,1468,2048,open,3,146.598,156.802,57.736;66.617;72.024,0.193;0.151;0.351,2783;2926;1932,146.558;146.562;146.711,156.797;156.779;156.845
12-172,1468,2048,open,3,146.598,156.802,57.736;66.617;72.024,0.193;0.151;0.351,2783;2926;1932,146.558;146.562;146.711,156.797;156.779;156.845
12-173,1468,2048,open,3,146.598,156.802,57.736;66.617;72.024,0.193;0.151;0.351,2783;2926;1932,146.558;146.562;146.711,156.797;156.779;156.845
12-174,1468,2048,open,3,146.598,156.802,57.736;66.617;72.024,0.193;0.151;0.351,2783;2926;1932,146.558;146.562;146.711,156.797;156.779;156.845
12-175,1468,2048,open,3,146.598,156.802,57.736;66.617;72.024,0.193;0.151;0.351,2783;2926;1932,146.558;146.562;146.711,156.797;156.779;156.845
12-176,1468,2048,open,3,146.598,156.802,57.736;66.617;72.024,0.193;0.151;0.351,2783;2926;1932,146.558;146.562;146.711,156.797;156.779;156.845
12-177,1468,2048,open,3,146.598,156.802,57.736;66.617;72.024,0.193;0.151;0.351,2783;2926;1932,146.558;146.562;146.711,156.797;156.779;156.845
12-178,1468,2048,open,3,146.598,156.802,57.736;66.617;72.024,0.193;0.151;0.351,2783;2926;1932,146.558;146.562;146.711,156.797;156.779;156.845
12-179,1468,2048,open,3,146.598,156.802,57.736;66.617;72.024,0.193;0.151;0.351,2783;2926;1932,146.558;146.562;146.711,156.797;156.779;156.845
12-18,1468,2048,open,3,146.598,156.802,57.736;66.617;72.024,0.193;0.151;0.351,2783;2926;1932,146.558;146.562;146.711,156.797;156.779;156.845
12-180,1468,2048,open,3,146.598,156.802,57.736;66.617;72.024,0.193;0.151;0.351,2783;2926;1932,146.558;146.562;146.711,156.797;156.779;156.845
12-181,1468,2048,open,2,146.303,155.565,67.722;78.564,0.203;0.117,2893;2903,146.178;146.426,155.540;155.590
12-182,1468,2048,open,3,146.598,156.802,57.736;66.617;72.024,0.193;0.151;0.351,2783;2926;1932,146.558;146.562;146.711,156.797;156.779;156.845
12-183,1468,2048,open,3,146.598,156.802,57.736;66.617;72.024,0.193;0.151;0.351,2783;2926;1932,146.558;146.562;146.711,156.797;156.779;156.845
12-184,1468,2048,open,2,146.303,155.565,67.722;78.564,0.203;0.117,2893;2903,146.178;146.426,155.540;155.590
12-185,1468,2048,open,3,146.598,156.802,57.736;66.617;72.024,0.193;0.151;0.351,2783;2926;1932,146.558;146.562;146.711,156.797;156.779;156.845
12-186,1468,2048,open,3,146.598,156.802,57.736;66.617;72.024,0.193;0.151;0.351,2783;2926;1932,146.558;146.562;146.711,156.797;156.779;156.845
12-187,1468,2048,open,3,146.598,156.802,57.736;66.617;72.024,0.193;0.151;0.351,2783;2926;1932,146.558;146.562;146.711,156.797;156.779;156.845
12-188,1468,2048,open,3,146.598,156.802,57.736;66.617;72.024,0.193;0.151;0.351,2783;2926;1932,146.558;146.562;146.711,156.797;156.779;156.845
12-189,1468,2048,open,2,146.303,155.565,67.722;78.564,0.203;0.117,2893;2903,146.178;146.426,155.540;155.590
12-19,1468,2048,open,3,146.598,156.802,57.736;66.617;72.024,0.193;0.151;0.351,2785;2926;1932,146.558;146.562;146.711,156.796;156.779;156.845
12-190,1468,2048,open,3,146.598,156.802,57.736;66.617;72.024,0.193;0.151;0.351,2783;2926;1932,146.558;146.562;146.711,156.797;156.779;156.845
12-191,1468,2048,open,2,146.303,155.565,67.722;78.564,0.203;0.117,2893;2903,146.178;146.426,155.540;155.590
12-192,1468,2048,open,2,146.303,155.565,67.722;78.564,0.203;0.117,2893;2903,146.178;146.426,155.540;155.590
12-193,1468,2048,open,3,146.598,156.802,57.736;66.617;72.024,0.193;0.151;0.351,2783;2926;1932,146.558;146.562;146.711,156.797;156.779;156.845
12-194,1468,2048,open,3,146.598,156.802,57.736;66.617;72.024,0.193;0.151;0.351,2783;2926;1932,146.558;146.562;146.711,156.797;156.779;156.845
12-195,1468,2048,open,3,146.598,156.802,57.736;66.617;72.024,0.193;0.151;0.351,2783;2926;1932,146.558;146.562;146.711,156.797;156.779;156.845
12-196,1468,2048,open,3,146.598,156.802,57.736;66.617;72.024,0.193;0.151;0.351,2783;2926;1932,146.558;146.562;146.711,156.797;156.779;156.845
12-197,1468,2048,open,3,146.598,156.802,57.736;66.617;72.024,0.193;0.151;0.351,2783;2926;1932,146.558;146.562;146.711,156.797;156.779;156.845
12-198,1468,2048,open,3,146.598,156.802,57.736;66.617;72.024,0.193;0.151;0.351,2783;2926;1932,146.558;146.562;146.711,156.797;156.779;156.845
12-199,1468,2048,open,3,146.598,156.802,57.736;66.617;72.024,0.193;0.151;0.351,2783;2926;1932,146.558;146.562;146.711,156.797;156.779;156.845
12-2,1468,2048,open,2,146.303,155.565,67.722;78.564,0.203;0.117,2893;2903,146.178;146.426,155.540;155.590
12-20,1468,2048,open,3,146.598,156.802,57.736;66.617;72.024,0.193;0.151;0.351,2783;2926;1932,146.558;146.562;146.711,156.797;156.779;156.845
12-200,1468,2048,open,3,146.653,156.724,57.738;66.596;72.160,0.193;0.155;0.177,2749;2914;1930,146.547;146.526;146.997,156.734;156.714;156.726
12-201,1468,2048,open,2,146.303,155.565,67.722;78.564,0.203;0.117,2893;2903,146.178;146.426,155.540;155.590
12-202,1468,2048,open,3,146.653,156.724,57.738;66.596;72.160,0.193;0.155;0.177,2749;2914;1930,146.547;146.526;146.997,156.734;156.714;156.726
12-203,1468,2048,open,3,146.598,156.802,57.736;66.617;72.024,0.193;0.151;0.351,2785;2926;1932,146.558;146.562;146.711,156.796;156.779;156.845
12-204,1468,2048,open,3,146.598,156.802,57.736;66.617;72.024,0.193;0.151;0.351,2785;2926;1932,146.558;146.562;146.711,156.796;156.779;156.845
12-205,1468,2048,open,3,146.599,156.744,57.759;66.580;72.042,0.195;0.143;0.359,2898;2998;2220,146.559;146.561;146.704,156.739;156.710;156.797
12-206,1468,2048,open,3,146.599,156.744,57.759;66.580;72.042,0.195;0.143;0.359,2898;2998;2220,146.559;146.561;146.704,156.739;156.710;156.797
12-207,1468,2048,open,3,146.599,156.744,57.759;66.580;72.042,0.195;0.143;0.359,2898;2998;2220,146.559;146.561;146.704,156.739;156.710;156.797
12-208,1468,2048,open,3,146.599,156.744,57.759;66.580;72.042,0.195;0.143;0.359,2898;2998;2220,146.559;146.561;146.704,156.739;156.710;156.797
12-209,1468,2048,open,3,146.599,156.744,57.759;66.580;72.042,0.195;0.143;0.359,2898;2998;2220,146.559;146.561;146.704,156.739;156.710;156.797
12-21,1468,2048,open,3,146.598,156.802,57.736;66.617;72.024,0.193;0.151;0.351,2783;2926;1932,146.558;146.562;146.711,156.797;156.779;156.845
12-210,1468,2048,open,3,146.599,156.744,57.759;66.580;72.042,0.195;0.143;0.359,2898;2998;2220,146.559;146.561;146.704,156.739;156.710;156.797
12-211,1468,2048,open,3,146.599,156.744,57.759;66.580;72.042,0.195;0.143;0.359,2898;2998;2220,146.559;146.561;146.704,156.739;156.710;156.797
12-212,1468,2048,open,3,146.599,156.744,57.759;66.580;72.042,0.195;0.143;0.359,2898;2998;2220,146.559;146.561;146.704,156.739;156.710;156.797
12-213,1468,2048,open,3,146.599,156.744,57.759;66.580;72.042,0.195;0.143;0.359,2898;2998;2220,146.559;146.561;146.704,156.739;156.710;156.797
12-214,1468,2048,open,2,146.305,155.560,67.730;78.533,0.201;0.116,2990;2995,146.186;146.424,155.539;155.580
12-215,1468,2048,open,3,146.599,156.744,57.759;66.580;72.042,0.195;0.143;0.359,2898;2998;2220,146.559;146.561;146.704,156.739;156.710;156.797
12-216,1468,2048,open,3,146.599,156.744,57.759;66.580;72.042,0.195;0.143;0.359,2898;2998;2220,146.559;146.561;146.704,156.739;156.710;156.797
12-217,1468,2048,open,3,146.599,156.744,57.759;66.580;72.042,0.195;0.143;0.359,2898;2998;2220,146.559;146.561;146.704,156.739;156.710;156.797
12-218,1468,2048,open,3,146.599,156.744,57.759;66.580;72.042,0.195;0.143;0.359,2898;2998;2220,146.559;146.561;146.704,156.739;156.710;156.797
12-219,1468,2048,open,3,146.599,156.744,57.759;66.580;72.042,0.195;0.143;0.359,2898;2998;2220,146.559;146.561;146.704,156.739;156.710;156.797
12-22,1468,2048,open,3,146.598,156.802,57.736;66.617;72.024,0.193;0.151;0.351,2783;2926;1932,146.558;146.562;146.711,156.797;156.779;156.845
12-220,1468,2048,open,3,146.599,156.744,57.759;66.580;72.042,0.195;0.143;0.359,2898;2998;2220,146.559;146.561;146.704,156.739;156.710;156.797
12-221,1468,2048,open,3,146.599,156.744,57.759;66.580;72.042,0.195;0.143;0.359,2898;2998;2220,146.559;146.561;146.704,156.739;156.710;156.797
12-222,1468,2048,open,3,146.599,156.744,57.759;66.580;72.042,0.195;0.143;0.359,2898;2998;2220,146.559;146.561;146.704,156.739;156.710;156.797
12-223,1468,2048,open,3,146.598,156.738,57.734;66.604;72.014,0.189;0.145;0.345,2689;2850;1861,146.561;146.554;146.718,156.737;156.712;156.778
12-224,1468,2048,open,3,146.598,156.738,57.734;66.604;72.014,0.189;0.145;0.345,2689;2850;1861,146.561;146.554;146.718,156.737;156.712;156.778
12-225,1468,2048,open,3,146.598,156.738,57.734;66.604;72.014,0.189;0.145;0.345,2689;2850;1861,146.561;146.554;146.718,156.737;156.712;156.778
12-226,1468,2048,open,2,146.302,155.564,67.717;78.564,0.204;0.118,2810;2830,146.187;146.417,155.539;155.588
12-227,1468,2048,open,3,146.598,156.738,57.734;66.604;72.014,0.189;0.145;0.345,2689;2850;1861,146.561;146.554;146.718,156.737;156.712;156.778
12-228,1468,2048,open,3,146.598,156.738,57.734;66.604;72.014,0.189;0.145;0.345,2689;2850;1861,146.561;146.554;146.718,156.737;156.712;156.778
12-229,1468,2048,open,3,146.598,156.738,57.734;66.604;72.014,0.189;0.145;0.345,2689;2850;1861,146.561;146.554;146.718,156.737;156.712;156.778
12-23,1468,2048,open,2,146.303,155.565,67.722;78.564,0.203;0.117,2893;2903,146.178;146.426,155.540;155.590
12-230,1468,2048,open,3,146.598,156.738,57.734;66.604;72.014,0.189;0.145;0.345,2689;2850;1861,146.561;146.554;146.718,156.737;156.712;156.778
12-231,1468,2048,open,2,146.303,155.565,67.717;78.565,0.204;0.119,2810;2826,146.187;146.417,155.539;155.591
12-232,1468,2048,open,3,146.598,156.738,57.734;66.604;72.014,0.189;0.145;0.345,2689;2850;1861,146.561;146.554;146.718,156.737;156.712;156.778
12-233,1468,2048,open,2,146.303,155.565,67.717;78.566,0.204;0.119,2810;2826,146.187;146.419,155.539;155.591
12-234,1468,2048,open,3,146.598,156.738,57.734;66.604;72.014,0.189;0.145;0.345,2689;2850;1861,146.561;146.554;146.718,156.737;156.712;156.778
12-235,1468,2048,open,3,146.598,156.738,57.734;66.604;72.014,0.189;0.145;0.345,2689;2850;1861,146.561;146.554;146.718,156.737;156.712;156.778
12-236,1468,2048,open,3,146.598,156.738,57.734;66.604;72.014,0.189;0.145;0.345,2689;2850;1861,146.561;146.554;146.718,156.737;156.712;156.778
12-237,1468,2048,open,2,146.302,155.564,67.717;78.564,0.204;0.118,2810;2829,146.187;146.417,155.539;155.589
12-238,1468,2048,open,3,146.598,156.738,57.734;66.604;72.014,0.189;0.145;0.345,2689;2850;1861,146.561;146.554;146.718,156.737;156.712;156.778
12-239,1468,2048,open,3,146.598,156.738,57.734;66.604;72.014,0.189;0.145;0.345,2689;2850;1861,146.561;146.554;146.718,156.737;156.712;156.778
12-24,1468,2048,open,3,146.598,156.802,57.736;66.617;72.024,0.193;0.151;0.351,2783;2926;1932,146.558;146.562;146.711,156.797;156.779;156.845
12-240,1468,2048,open,3,146.598,156.738,57.734;66.604;72.014,0.189;0.145;0.345,2689;2850;1861,146.561;146.554;146.718,156.737;156.712;156.778
12-241,1468,2048,window,2,146.219,155.309,67.749;78.536,0.173;0.156,1780;1825,146.096;146.338,155.367;155.253
12-242,1468,2048,open,2,145.249,155.269,68.118;78.382,0.174;0.149,1019;1849,144.916;145.433,155.431;155.180
12-25,1468,2048,open,3,146.598,156.802,57.736;66.617;72.024,0.193;0.151;0.351,2783;2926;1932,146.558;146.562;146.711,156.797;156.779;156.845
12-26,1468,2048,open,3,146.598,156.802,57.736;66.617;72.024,0.193;0.151;0.351,2783;2926;1932,146.558;146.562;146.711,156.797;156.779;156.845
12-27,1468,2048,open,3,146.598,156.802,57.736;66.617;72.024,0.193;0.151;0.351,2783;2926;1932,146.558;146.562;146.711,156.797;156.779;156.845
12-28,1468,2048,open,3,146.598,156.802,57.736;66.617;72.024,0.193;0.151;0.351,2783;2926;1932,146.558;146.562;146.711,156.797;156.779;156.845
12-29,1468,2048,open,3,146.598,156.802,57.736;66.617;72.024,0.193;0.151;0.351,2783;2926;1932,146.558;146.562;146.711,156.797;156.779;156.845
12-3,1468,2048,open,3,146.598,156.802,57.736;66.617;72.024,0.193;0.151;0.351,2783;2926;1932,146.558;146.562;146.711,156.797;156.779;156.845
12-30,1468,2048,open,3,146.598,156.802,57.736;66.617;72.024,0.193;0.151;0.351,2783;2926;1932,146.558;146.562;146.711,156.797;156.779;156.845
12-31,1468,2048,open,2,146.303,155.565,67.722;78.564,0.203;0.117,2893;2903,146.178;146.426,155.540;155.590
12-32,1468,2048,open,3,146.598,156.802,57.736;66.617;72.024,0.193;0.151;0.351,2783;2926;1932,146.558;146.562;146.711,156.797;156.779;156.845
12-33,1468,2048,open,2,146.303,155.565,67.722;78.564,0.203;0.117,2893;2903,146.178;146.426,155.540;155.590
12-34,1468,2048,open,3,146.598,156.802,57.736;66.617;72.024,0.193;0.151;0.351,2785;2926;1932,146.558;146.562;146.711,156.796;156.779;156.845
12-35,1468,2048,open,2,146.303,155.565,67.722;78.564,0.203;0.117,2893;2903,146.178;146.426,155.540;155.590
12-36,1468,2048,open,3,146.598,156.802,57.736;66.617;72.024,0.193;0.151;0.351,2783;2926;1932,146.558;146.562;146.711,156.797;156.779;156.845
12-37,1468,2048,open,3,146.598,156.802,57.736;66.617;72.024,0.193;0.151;0.351,2783;2926;1932,146.558;146.562;146.711,156.797;156.779;156.845
12-38,1468,2048,open,3,146.598,156.802,57.736;66.617;72.024,0.193;0.151;0.351,2783;2926;1932,146.558;146.562;146.711,156.797;156.779;156.845
12-39,1468,2048,open,3,146.598,156.802,57.736;66.617;72.024,0.193;0.151;0.351,2783;2926;1932,146.558;146.562;146.711,156.797;156.779;156.845
12-4,1468,2048,open,3,146.598,156.802,57.736;66.617;72.024,0.193;0.151;0.351,2783;2926;1932,146.558;146.562;146.711,156.797;156.779;156.845
12-40,1468,2048,open,3,146.598,156.802,57.736;66.617;72.024,0.193;0.151;0.351,2783;2926;1932,146.558;146.562;146.711,156.797;156.779;156.845
12-41,1468,2048,open,3,146.598,156.802,57.736;66.617;72.024,0.193;0.151;0.351,2783;2926;1932,146.558;146.562;146.711,156.797;156.779;156.845
12-42,1468,2048,open,3,146.598,156.802,57.736;66.617;72.024,0.193;0.151;0.351,2783;2926;1932,146.558;146.562;146.711,156.797;156.779;156.845
12-43-P3,1468,2048,open,3,146.569,156.804,57.745;66.598;72.041,0.192;0.157;0.351,2864;2981;2052,146.533;146.519;146.693,156.804;156.780;156.839
12-43,1468,2048,open,3,146.598,156.802,57.736;66.617;72.024,0.193;0.151;0.351,2783;2926;1932,146.558;146.562;146.711,156.797;156.779;156.845
12-44-P3,1468,2048,open,3,146.569,156.804,57.745;66.598;72.041,0.192;0.157;0.351,2864;2981;2052,146.533;146.519;146.693,156.804;156.780;156.839
12-44,1468,2048,open,3,146.598,156.802,57.736;66.617;72.024,0.193;0.151;0.351,2783;2926;1932,146.558;146.562;146.711,156.797;156.779;156.845
12-45-P3,1468,2048,open,3,146.569,156.804,57.745;66.598;72.041,0.192;0.157;0.351,2864;2981;2052,146.533;146.519;146.693,156.804;156.780;156.839
12-45,1468,2048,open,3,146.598,156.802,57.736;66.617;72.024,0.193;0.151;0.351,2783;2926;1932,146.558;146.562;146.711,156.797;156.779;156.845
12-46-P3,1468,2048,open,3,146.569,156.804,57.745;66.598;72.041,0.192;0.157;0.351,2864;2981;2052,146.533;146.519;146.693,156.804;156.780;156.839
12-46,1468,2048,open,3,146.598,156.802,57.736;66.617;72.024,0.193;0.151;0.351,2783;2926;1932,146.558;146.562;146.711,156.797;156.779;156.845
12-47-P3,1468,2048,open,3,146.569,156.804,57.745;66.598;72.041,0.192;0.157;0.351,2864;2981;2052,146.533;146.519;146.693,156.804;156.780;156.839
12-47,1468,2048,open,3,146.598,156.802,57.736;66.617;72.024,0.193;0.151;0.351,2783;2926;1932,146.558;146.562;146.711,156.797;156.779;156.845
12-48-P3,1468,2048,open,3,146.569,156.804,57.745;66.598;72.041,0.192;0.157;0.351,2864;2981;2052,146.533;146.519;146.693,156.804;156.780;156.839
12-48,1468,2048,open,3,146.598,156.802,57.736;66.617;72.024,0.193;0.151;0.351,2783;2926;1932,146.558;146.562;146.711,156.797;156.779;156.845
12-49-P3,1468,2048,open,3,146.569,156.804,57.745;66.598;72.041,0.192;0.157;0.351,2864;2981;2052,146.533;146.519;146.693,156.804;156.780;156.839
12-49,1468,2048,open,3,146.598,156.802,57.736;66.617;72.024,0.193;0.151;0.351,2783;2926;1932,146.558;146.562;146.711,156.797;156.779;156.845
12-5,1468,2048,open,3,146.598,156.802,57.736;66.617;72.024,0.193;0.151;0.351,2783;2926;1932,146.558;146.562;146.711,156.797;156.779;156.845
12-50-P3,1468,2048,open,3,146.569,156.804,57.745;66.598;72.041,0.192;0.157;0.351,2864;2981;2052,146.533;146.519;146.693,156.804;156.780;156.839
12-50,1468,2048,open,2,146.303,155.565,67.722;78.564,0.203;0.117,2893;2903,146.178;146.426,155.540;155.590
12-51-P3,1468,2048,open,3,146.569,156.804,57.745;66.598;72.041,0.192;0.157;0.351,2864;2981;2052,146.533;146.519;146.693,156.804;156.780;156.839
12-51,1468,2048,open,3,146.598,156.802,57.736;66.617;72.024,0.193;0.151;0.351,2783;2926;1932,146.558;146.562;146.711,156.797;156.779;156.845
12-52-P3,1468,2048,open,2,146.303,155.565,67.722;78.564,0.203;0.117,2893;2903,146.178;146.426,155.540;155.590
12-52,1468,2048,open,2,146.303,155.565,67.722;78.564,0.203;0.117,2893;2903,146.178;146.426,155.540;155.590
12-53-P3,1468,2048,open,2,146.302,155.563,67.726;78.553,0.205;0.117,2949;2959,146.180;146.423,155.537;155.589
12-53,1468,2048,open,3,146.598,156.802,57.736;66.617;72.024,0.193;0.151;0.351,2783;2926;1932,146.558;146.562;146.711,156.797;156.779;156.845
12-54-P3,1468,2048,open,2,146.302,155.563,67.726;78.553,0.205;0.117,2949;2959,146.180;146.423,155.537;155.589
12-54,1468,2048,open,3,146.598,156.802,57.736;66.617;72.024,0.193;0.151;0.351,2783;2926;1932,146.558;146.562;146.711,156.797;156.779;156.845
12-55-P3,1468,2048,open,3,146.598,156.802,57.736;66.617;72.024,0.193;0.151;0.351,2783;2926;1932,146.558;146.562;146.711,156.797;156.779;156.845
12-55,1468,2048,open,3,146.598,156.802,57.736;66.617;72.024,0.193;0.151;0.351,2783;2926;1932,146.558;146.562;146.711,156.797;156.779;156.845
12-56,1468,2048,open,2,146.303,155.565,67.722;78.564,0.203;0.117,2893;2903,146.178;146.426,155.540;155.590
12-57,1468,2048,open,3,146.598,156.802,57.736;66.617;72.024,0.193;0.151;0.351,2783;2926;1932,146.558;146.562;146.711,156.797;156.779;156.845
12-58,1468,2048,open,3,146.598,156.802,57.736;66.617;72.024,0.193;0.151;0.351,2785;2926;1932,146.558;146.562;146.711,156.796;156.779;156.845
12-59,1468,2048,open,2,146.303,155.565,67.722;78.564,0.203;0.117,2893;2903,146.178;146.426,155.540;155.590
12-6,1468,2048,open,3,146.598,156.802,57.736;66.617;72.024,0.193;0.151;0.351,2783;2926;1932,146.558;146.562;146.711,156.797;156.779;156.845
12-60,1468,2048,open,3,146.598,156.802,57.736;66.617;72.024,0.193;0.151;0.351,2785;2926;1932,146.558;146.562;146.711,156.796;156.779;156.845
12-61,1468,2048,open,2,146.303,155.565,67.722;78.564,0.203;0.117,2893;2903,146.178;146.426,155.540;155.590
12-62,1468,2048,open,3,146.598,156.802,57.736;66.617;72.024,0.193;0.151;0.351,2783;2926;1932,146.558;146.562;146.711,156.797;156.779;156.845
12-63,1468,2048,open,3,146.598,156.802,57.736;66.617;72.024,0.193;0.151;0.351,2783;2926;1932,146.558;146.562;146.711,156.797;156.779;156.845
12-64,1468,2048,open,3,146.598,156.802,57.736;66.617;72.024,0.193;0.151;0.351,2783;2926;1932,146.558;146.562;146.711,156.797;156.779;156.845
12-65,1468,2048,open,3,146.598,156.802,57.736;66.617;72.024,0.193;0.151;0.351,2783;2926;1932,146.558;146.562;146.711,156.797;156.779;156.845
12-66,1468,2048,open,2,146.303,155.565,67.722;78.564,0.203;0.117,2893;2903,146.178;146.426,155.540;155.590
12-67,1468,2048,open,3,146.653,156.724,57.738;66.596;72.160,0.193;0.155;0.177,2749;2914;1930,146.547;146.526;146.997,156.734;156.714;156.726
12-68,1468,2048,open,3,146.598,156.802,57.736;66.617;72.024,0.193;0.151;0.351,2785;2926;1932,146.558;146.562;146.711,156.796;156.779;156.845
12-69,1468,2048,open,3,146.598,156.802,57.736;66.617;72.024,0.193;0.151;0.351,2783;2926;1932,146.558;146.562;146.711,156.797;156.779;156.845
12-7,1468,2048,open,3,146.598,156.802,57.736;66.617;72.024,0.193;0.151;0.351,2783;2926;1932,146.558;146.562;146.711,156.797;156.779;156.845
12-70,1468,2048,open,3,146.598,156.802,57.736;66.617;72.024,0.193;0.151;0.351,2783;2926;1932,146.558;146.562;146.711,156.797;156.779;156.845
12-71,1468,2048,open,3,146.598,156.802,57.736;66.617;72.024,0.193;0.151;0.351,2783;2926;1932,146.558;146.562;146.711,156.797;156.779;156.845
12-72,1468,2048,open,3,146.598,156.802,57.736;66.617;72.024,0.193;0.151;0.351,2783;2926;1932,146.558;146.562;146.711,156.797;156.779;156.845
12-73,1468,2048,open,3,146.598,156.802,57.736;66.617;72.024,0.193;0.151;0.351,2783;2926;1932,146.558;146.562;146.711,156.797;156.779;156.845
12-74,1468,2048,open,3,146.598,156.802,57.736;66.617;72.024,0.193;0.151;0.351,2783;2926;1932,146.558;146.562;146.711,156.797;156.779;156.845
12-75,1468,2048,open,3,146.598,156.802,57.736;66.617;72.024,0.193;0.151;0.351,2783;2926;1932,146.558;146.562;146.711,156.797;156.779;156.845
12-76,1468,2048,open,3,146.598,156.802,57.736;66.617;72.024,0.193;0.151;0.351,2783;2926;1932,146.558;146.562;146.711,156.797;156.779;156.845
12-77,1468,2048,open,3,146.598,156.802,57.736;66.617;72.024,0.193;0.151;0.351,2783;2926;1932,146.558;146.562;146.711,156.797;156.779;156.845
12-78,1468,2048,open,2,146.303,155.565,67.722;78.564,0.203;0.117,2893;2903,146.178;146.426,155.540;155.590
12-79,1468,2048,open,3,146.598,156.802,57.736;66.617;72.024,0.193;0.151;0.351,2783;2926;1932,146.558;146.562;146.711,156.797;156.779;156.845
12-8,1468,2048,open,3,146.598,156.802,57.736;66.617;72.024,0.193;0.151;0.351,2783;2926;1932,146.558;146.562;146.711,156.797;156.779;156.845
12-80,1468,2048,open,3,146.598,156.802,57.736;66.617;72.024,0.193;0.151;0.351,2783;2926;1932,146.558;146.562;146.711,156.797;156.779;156.845
12-81,1468,2048,open,3,146.598,156.802,57.736;66.617;72.024,0.193;0.151;0.351,2783;2926;1932,146.558;146.562;146.711,156.797;156.779;156.845
12-82,1468,2048,open,3,146.598,156.802,57.736;66.617;72.024,0.193;0.151;0.351,2783;2926;1932,146.558;146.562;146.711,156.797;156.779;156.845
12-83,1468,2048,open,3,146.598,156.802,57.736;66.617;72.024,0.193;0.151;0.351,2783;2926;1932,146.558;146.562;146.711,156.797;156.779;156.845
12-84,1468,2048,open,3,146.598,156.802,57.736;66.617;72.024,0.193;0.151;0.351,2783;2926;1932,146.558;146.562;146.711,156.797;156.779;156.845
12-85,1468,2048,open,3,146.598,156.802,57.736;66.617;72.024,0.193;0.151;0.351,2783;2926;1932,146.558;146.562;146.711,156.797;156.779;156.845
12-86,1468,2048,open,2,146.303,155.565,67.722;78.564,0.203;0.117,2893;2903,146.178;146.426,155.540;155.590
12-87,1468,2048,open,3,146.598,156.802,57.736;66.617;72.024,0.193;0.151;0.351,2783;2926;1932,146.558;146.562;146.711,156.797;156.779;156.845
12-88,1468,2048,open,3,146.598,156.802,57.736;66.617;72.024,0.193;0.151;0.351,2783;2926;1932,146.558;146.562;146.711,156.797;156.779;156.845
12-89,1468,2048,open,3,146.598,156.802,57.736;66.617;72.024,0.193;0.151;0.351,2785;2926;1932,146.558;146.562;146.711,156.796;156.779;156.845
12-9,1468,2048,open,3,146.598,156.802,57.736;66.617;72.024,0.193;0.151;0.351,2783;2926;1932,146.558;146.562;146.711,156.797;156.779;156.845
12-90,1468,2048,open,3,146.598,156.802,57.736;66.617;72.024,0.193;0.151;0.351,2783;2926;1932,146.558;146.562;146.711,156.797;156.779;156.845
12-91,1468,2048,open,2,146.302,155.565,67.722;78.563,0.203;0.117,2893;2903,146.178;146.426,155.540;155.589
12-92,1468,2048,open,3,146.598,156.802,57.736;66.617;72.024,0.193;0.151;0.351,2783;2926;1932,146.558;146.562;146.711,156.797;156.779;156.845
12-93,1468,2048,open,3,146.598,156.802,57.736;66.617;72.024,0.193;0.151;0.351,2783;2926;1932,146.558;146.562;146.711,156.797;156.779;156.845
12-94,1468,2048,open,3,146.598,156.802,57.736;66.617;72.024,0.193;0.151;0.351,2783;2926;1932,146.558;146.562;146.711,156.797;156.779;156.845
12-95,1468,2048,open,3,146.598,156.802,57.736;66.617;72.024,0.193;0.151;0.351,2783;2926;1932,146.558;146.562;146.711,156.797;156.779;156.845
12-96,1468,2048,open,3,146.598,156.802,57.736;66.617;72.024,0.193;0.151;0.351,2783;2926;1932,146.558;146.562;146.711,156.797;156.779;156.845
12-97,1468,2048,open,2,146.303,155.565,67.722;78.564,0.203;0.117,2893;2903,146.178;146.426,155.540;155.590
12-98,1468,2048,open,3,146.653,156.724,57.738;66.596;72.160,0.193;0.155;0.177,2749;2914;1930,146.547;146.526;146.997,156.734;156.714;156.726
12-99,1468,2048,open,2,146.303,155.565,67.722;78.564,0.203;0.117,2893;2903,146.178;146.426,155.540;155.590
13-1,1468,2048,open,2,146.302,155.565,67.722;78.564,0.203;0.117,2895;2903,146.178;146.426,155.540;155.590
13-10-P4,1468,2048,open,3,146.640,156.772,57.746;66.597;72.180,0.192;0.154;0.196,2852;2980;2004,146.532;146.513;146.983,156.780;156.763;156.774
13-10,1468,2048,open,3,146.598,156.802,57.736;66.617;72.024,0.193;0.151;0.351,2783;2926;1932,146.558;146.562;146.711,156.797;156.779;156.845
13-100,1468,2048,open,3,146.598,156.802,57.736;66.617;72.024,0.193;0.151;0.351,2783;2926;1932,146.558;146.562;146.711,156.797;156.779;156.845
13-101,1468,2048,open,2,146.303,155.565,67.722;78.564,0.203;0.117,2893;2903,146.178;146.426,155.540;155.590
13-102,1468,2048,open,3,146.598,156.802,57.736;66.617;72.024,0.193;0.151;0.351,2783;2926;1932,146.558;146.562;146.711,156.797;156.779;156.845
13-103,1468,2048,open,3,146.598,156.802,57.736;66.617;72.024,0.193;0.151;0.351,2783;2926;1932,146.558;146.562;146.711,156.797;156.779;156.845
13-104,1468,2048,open,3,146.598,156.802,57.736;66.617;72.024,0.193;0.151;0.351,2783;2926;1932,146.558;146.562;146.711,156.797;156.779;156.845
13-105,1468,2048,open,3,146.653,156.724,57.738;66.596;72.160,0.193;0.155;0.177,2749;2914;1930,146.547;146.526;146.997,156.734;156.714;156.726
13-106,1468,2048,open,3,146.653,156.724,57.738;66.596;72.160,0.193;0.155;0.177,2749;2914;1930,146.547;146.526;146.997,156.734;156.714;156.726
13-107,1468,2048,open,2,146.303,155.565,67.722;78.564,0.203;0.117,2893;2903,146.178;146.426,155.540;155.590
13-108,1468,2048,open,3,146.598,156.802,57.736;66.617;72.024,0.193;0.151;0.351,2783;2926;1932,146.558;146.562;146.711,156.797;156.779;156.845
13-109,1468,2048,open,3,146.598,156.802,57.736;66.617;72.024,0.193;0.151;0.351,2783;2926;1932,146.558;146.562;146.711,156.797;156.779;156.845
13-11-P4,1468,2048,open,3,146.547,156.810,57.660;66.664;72.005,0.162;0.192;0.383,2861;2921;1965,146.531;146.516;146.614,156.779;156.780;156.900
13-11,1468,2048,open,3,146.598,156.802,57.736;66.617;72.024,0.193;0.151;0.351,2783;2926;1932,146.558;146.562;146.711,156.797;156.779;156.845
13-110,1468,2048,open,3,146.598,156.802,57.736;66.617;72.024,0.193;0.151;0.351,2783;2926;1932,146.558;146.562;146.711,156.797;156.779;156.845
13-111,1468,2048,open,3,146.598,156.802,57.736;66.617;72.024,0.193;0.151;0.351,2783;2926;1932,146.558;146.562;146.711,156.797;156.779;156.845
13-112,1468,2048,open,3,146.598,156.802,57.736;66.617;72.024,0.193;0.151;0.351,2783;2926;1932,146.558;146.562;146.711,156.797;156.779;156.845
13-113,1468,2048,open,3,146.598,156.802,57.736;66.617;72.024,0.193;0.151;0.351,2783;2926;1932,146.558;146.562;146.711,156.797;156.779;156.845
13-114,1468,2048,open,3,146.598,156.802,57.736;66.617;72.024,0.193;0.151;0.351,2783;2926;1932,146.558;146.562;146.711,156.797;156.779;156.845
13-115,1468,2048,open,3,146.598,156.802,57.736;66.617;72.024,0.193;0.151;0.351,2783;2926;1932,146.558;146.562;146.711,156.797;156.779;156.845
13-116,1468,2048,open,3,146.598,156.802,57.736;66.617;72.024,0.193;0.151;0.351,2783;2926;1932,146.558;146.562;146.711,156.797;156.779;156.845
13-117,1468,2048,open,3,146.598,156.802,57.736;66.617;72.024,0.193;0.151;0.351,2783;2926;1932,146.558;146.562;146.711,156.797;156.779;156.845
13-118,1468,2048,open,3,146.598,156.802,57.736;66.617;72.024,0.193;0.151;0.351,2783;2926;1932,146.558;146.562;146.711,156.797;156.779;156.845
13-119,1468,2048,open,3,146.598,156.802,57.736;66.617;72.024,0.193;0.151;0.351,2783;2926;1932,146.558;146.562;146.711,156.797;156.779;156.845
13-12,1468,2048,open,3,146.598,156.802,57.736;66.617;72.024,0.193;0.151;0.351,2783;2926;1932,146.558;146.562;146.711,156.797;156.779;156.845
13-120,1468,2048,open,3,146.598,156.802,57.736;66.617;72.024,0.193;0.151;0.351,2783;2926;1932,146.558;146.562;146.711,156.797;156.779;156.845
13-121,1468,2048,open,3,146.598,156.802,57.736;66.617;72.024,0.193;0.151;0.351,2783;2926;1932,146.558;146.562;146.711,156.797;156.779;156.845
13-122,1468,2048,open,3,146.598,156.802,57.736;66.617;72.024,0.193;0.151;0.351,2783;2926;1932,146.558;146.562;146.711,156.797;156.779;156.845
13-123,1468,2048,open,3,146.598,156.802,57.736;66.617;72.024,0.193;0.151;0.351,2783;2926;1932,146.558;146.562;146.711,156.797;156.779;156.845
13-124,1468,2048,open,2,146.303,155.565,67.722;78.564,0.203;0.117,2893;2903,146.178;146.426,155.540;155.590
13-125,1468,2048,open,3,146.598,156.802,57.736;66.617;72.024,0.193;0.151;0.351,2783;2926;1932,146.558;146.562;146.711,156.797;156.779;156.845
13-126,1468,2048,open,3,146.598,156.802,57.736;66.617;72.024,0.193;0.151;0.351,2783;2926;1932,146.558;146.562;146.711,156.797;156.779;156.845
13-127,1468,2048,open,2,146.303,155.565,67.722;78.564,0.203;0.117,2893;2903,146.178;146.426,155.540;155.590
13-128,1468,2048,open,3,146.598,156.802,57.736;66.617;72.024,0.193;0.151;0.351,2783;2926;1932,146.558;146.562;146.711,156.797;156.779;156.845
13-129,1468,2048,open,3,146.598,156.802,57.736;66.617;72.024,0.193;0.151;0.351,2783;2926;1932,146.558;146.562;146.711,156.797;156.779;156.845
13-13,1468,2048,open,3,146.598,156.802,57.736;66.617;72.024,0.193;0.151;0.351,2783;2926;1932,146.558;146.562;146.711,156.797;156.779;156.845
13-130,1468,2048,open,3,146.598,156.802,57.736;66.617;72.024,0.193;0.151;0.351,2783;2926;1932,146.558;146.562;146.711,156.797;156.779;156.845
13-131,1468,2048,open,3,146.598,156.802,57.736;66.617;72.024,0.193;0.151;0.351,2783;2926;1932,146.558;146.562;146.711,156.797;156.779;156.845
13-132,1468,2048,open,2,146.303,155.565,67.722;78.564,0.203;0.117,2893;2903,146.178;146.426,155.540;155.590
13-133,1468,2048,open,3,146.598,156.802,57.736;66.617;72.024,0.193;0.151;0.351,2783;2926;1932,146.558;146.562;146.711,156.797;156.779;156.845
13-134,1468,2048,open,2,146.303,155.565,67.722;78.564,0.203;0.117,2893;2903,146.178;146.426,155.540;155.590
13-135,1468,2048,open,3,146.598,156.802,57.736;66.617;72.024,0.193;0.151;0.351,2783;2926;1932,146.558;146.562;146.711,156.797;156.779;156.845
13-136,1468,2048,open,3,146.598,156.802,57.736;66.617;72.024,0.193;0.151;0.351,2783;2926;1932,146.558;146.562;146.711,156.797;156.779;156.845
13-137,1468,2048,open,3,146.598,156.802,57.736;66.617;72.024,0.193;0.151;0.351,2783;2926;1932,146.558;146.562;146.711,156.797;156.779;156.845
13-138,1468,2048,open,3,146.598,156.802,57.736;66.617;72.024,0.193;0.151;0.351,2783;2926;1932,146.558;146.562;146.711,156.797;156.779;156.845
13-139,1468,2048,open,2,146.303,155.565,67.722;78.564,0.203;0.117,2893;2903,146.178;146.426,155.540;155.590
13-14,1468,2048,open,3,146.598,156.802,57.736;66.617;72.024,0.193;0.151;0.351,2783;2926;1932,146.558;146.562;146.711,156.797;156.779;156.845
13-140,1468,2048,open,3,146.653,156.724,57.738;66.596;72.160,0.193;0.155;0.177,2749;2914;1930,146.547;146.526;146.997,156.734;156.714;156.726
13-141,1468,2048,open,2,146.303,155.565,67.722;78.564,0.203;0.117,2893;2903,146.178;146.426,155.540;155.590
13-142,1468,2048,open,3,146.598,156.802,57.736;66.617;72.024,0.193;0.151;0.351,2783;2926;1932,146.558;146.562;146.711,156.797;156.779;156.845
13-143,1468,2048,open,3,146.598,156.802,57.736;66.617;72.024,0.193;0.151;0.351,2783;2926;1932,146.558;146.562;146.711,156.797;156.779;156.845
13-144,1468,2048,open,3,146.598,156.802,57.736;66.617;72.024,0.193;0.151;0.351,2783;2926;1932,146.558;146.562;146.711,156.797;156.779;156.845
13-145,1468,2048,open,3,146.598,156.802,57.736;66.617;72.024,0.193;0.151;0.351,2783;2926;1932,146.558;146.562;146.711,156.797;156.779;156.845
13-146,1468,2048,open,2,146.303,155.565,67.722;78.564,0.203;0.117,2893;2903,146.178;146.426,155.540;155.590
13-147,1468,2048,open,2,146.303,155.565,67.722;78.564,0.203;0.117,2893;2903,146.178;146.426,155.540;155.590
13-148,1468,2048,open,3,146.598,156.802,57.736;66.617;72.024,0.193;0.151;0.351,2783;2926;1932,146.558;146.562;146.711,156.797;156.779;156.845
13-149,1468,2048,open,2,146.303,155.565,67.722;78.564,0.203;0.117,2893;2903,146.178;146.426,155.540;155.590
13-15-P4,1468,2048,open,4,146.541,156.800,57.660;66.673;71.940;108.203,0.162;0.186;0.345;1.390,2860;2921;1919;1024,146.531;146.515;146.644;146.447,156.778;156.794;156.829;156.820
13-15,1468,2048,open,3,146.598,156.802,57.736;66.617;72.024,0.193;0.151;0.351,2783;2926;1932,146.558;146.562;146.711,156.797;156.779;156.845
13-150,1468,2048,open,3,146.598,156.802,57.736;66.617;72.024,0.193;0.151;0.351,2783;2926;1932,146.558;146.562;146.711,156.797;156.779;156.845
13-151,1468,2048,open,3,146.598,156.802,57.736;66.617;72.024,0.193;0.151;0.351,2783;2926;1932,146.558;146.562;146.711,156.797;156.779;156.845
13-152,1468,2048,open,3,146.598,156.802,57.736;66.617;72.024,0.193;0.151;0.351,2783;2926;1932,146.558;146.562;146.711,156.797;156.779;156.845
13-153,1468,2048,open,3,146.598,156.802,57.736;66.617;72.024,0.193;0.151;0.351,2783;2926;1932,146.558;146.562;146.711,156.797;156.779;156.845
13-154,1468,2048,open,3,146.598,156.802,57.736;66.617;72.024,0.193;0.151;0.351,2783;2926;1932,146.558;146.562;146.711,156.797;156.779;156.845
13-155,1468,2048,open,3,146.598,156.802,57.736;66.617;72.024,0.193;0.151;0.351,2783;2926;1932,146.558;146.562;146.711,156.797;156.779;156.845
13-156,1468,2048,open,3,146.598,156.802,57.736;66.617;72.024,0.193;0.151;0.351,2783;2926;1932,146.558;146.562;146.711,156.797;156.779;156.845
13-157,1468,2048,open,3,146.598,156.802,57.736;66.617;72.024,0.193;0.151;0.351,2783;2926;1932,146.558;146.562;146.711,156.797;156.779;156.845
13-158,1468,2048,open,2,146.303,155.565,67.722;78.564,0.203;0.117,2893;2903,146.178;146.426,155.540;155.590
13-159,1468,2048,open,3,146.598,156.802,57.736;66.617;72.024,0.193;0.151;0.351,2783;2926;1932,146.558;146.562;146.711,156.797;156.779;156.845
13-16-P4,1468,2048,open,4,146.541,156.800,57.660;66.673;71.940;108.203,0.162;0.186;0.345;1.390,2860;2921;1919;1024,146.531;146.515;146.644;146.447,156.778;156.794;156.829;156.820
13-16,1468,2048,open,3,146.598,156.802,57.736;66.617;72.024,0.193;0.151;0.351,2783;2926;1932,146.558;146.562;146.711,156.797;156.779;156.845
13-160,1468,2048,open,3,146.598,156.802,57.736;66.617;72.024,0.193;0.151;0.351,2783;2926;1932,146.558;146.562;146.711,156.797;156.779;156.845
13-161,1468,2048,open,3,146.598,156.802,57.736;66.617;72.024,0.193;0.151;0.351,2783;2926;1932,146.558;146.562;146.711,156.797;156.779;156.845
13-162,1468,2048,open,3,146.598,156.802,57.736;66.617;72.024,0.193;0.151;0.351,2783;2926;1932,146.558;146.562;146.711,156.797;156.779;156.845
13-163,1468,2048,open,2,146.303,155.565,67.722;78.564,0.203;0.117,2893;2903,146.178;146.426,155.540;155.590
13-164,1468,2048,open,3,146.598,156.802,57.736;66.617;72.024,0.193;0.151;0.351,2783;2926;1932,146.558;146.562;146.711,156.797;156.779;156.845
13-165,1468,2048,open,3,146.598,156.802,57.736;66.617;72.024,0.193;0.151;0.351,2783;2926;1932,146.558;146.562;146.711,156.797;156.779;156.845
13-166,1468,2048,open,3,146.598,156.802,57.736;66.617;72.024,0.193;0.151;0.351,2783;2926;1932,146.558;146.562;146.711,156.797;156.779;156.845
13-167,1468,2048,open,3,146.598,156.802,57.736;66.617;72.024,0.193;0.151;0.351,2783;2926;1932,146.558;146.562;146.711,156.797;156.779;156.845
13-168,1468,2048,open,3,146.598,156.802,57.736;66.617;72.024,0.193;0.151;0.351,2783;2926;1932,146.558;146.562;146.711,156.797;156.779;156.845
13-169,1468,2048,open,3,146.598,156.802,57.736;66.617;72.024,0.193;0.151;0.351,2783;2926;1932,146.558;146.562;146.711,156.797;156.779;156.845
13-17,1468,2048,open,2,146.303,155.565,67.722;78.564,0.203;0.117,2893;2903,146.178;146.426,155.540;155.590
13-170,1468,2048,open,2,146.303,155.565,67.722;78.564,0.203;0.117,2893;2903,146.178;146.426,155.540;155.590
13-171,1468,2048,open,2,146.303,155.565,67.722;78.564,0.203;0.117,2893;2903,146.178;146.426,155.540;155.590
13-172,1468,2048,open,2,146.303,155.565,67.722;78.564,0.203;0.117,2893;2903,146.178;146.426,155.540;155.590
13-173,1468,2048,open,3,146.653,156.724,57.738;66.596;72.160,0.193;0.155;0.177,2749;2914;1930,146.547;146.526;146.997,156.734;156.714;156.726
13-174,1468,2048,open,3,146.653,156.724,57.738;66.596;72.160,0.193;0.155;0.177,2749;2914;1930,146.547;146.526;146.997,156.734;156.714;156.726
13-175,1468,2048,open,2,146.303,155.565,67.722;78.564,0.203;0.117,2893;2903,146.178;146.426,155.540;155.590
13-176,1468,2048,open,3,146.598,156.802,57.736;66.617;72.024,0.193;0.151;0.351,2783;2926;1932,146.558;146.562;146.711,156.797;156.779;156.845
13-177,1468,2048,open,3,146.598,156.802,57.736;66.617;72.024,0.193;0.151;0.351,2783;2926;1932,146.558;146.562;146.711,156.797;156.779;156.845
13-178,1468,2048,open,3,146.598,156.802,57.736;66.617;72.024,0.193;0.151;0.351,2783;2926;1932,146.558;146.562;146.711,156.797;156.779;156.845
13-179,1468,2048,open,3,146.598,156.802,57.736;66.617;72.024,0.193;0.151;0.351,2783;2926;1932,146.558;146.562;146.711,156.797;156.779;156.845
13-18,1468,2048,open,2,146.303,155.565,67.722;78.564,0.203;0.117,2893;2903,146.178;146.426,155.540;155.590
13-180,1468,2048,open,3,146.598,156.802,57.736;66.617;72.024,0.193;0.151;0.351,2783;2926;1932,146.558;146.562;146.711,156.797;156.779;156.845
13-181,1468,2048,open,3,146.598,156.802,57.736;66.617;72.024,0.193;0.151;0.351,2783;2926;1932,146.558;146.562;146.711,156.797;156.779;156.845
13-182,1468,2048,open,3,146.598,156.802,57.736;66.617;72.024,0.193;0.151;0.351,2783;2926;1932,146.558;146.562;146.711,156.797;156.779;156.845
13-183,1468,2048,open,3,146.598,156.802,57.736;66.617;72.024,0.193;0.151;0.351,2783;2926;1932,146.558;146.562;146.711,156.797;156.779;156.845
13-184,1468,2048,open,3,146.598,156.802,57.736;66.617;72.024,0.193;0.151;0.351,2783;2926;1932,146.558;146.562;146.711,156.797;156.779;156.845
13-185,1468,2048,open,3,146.598,156.802,57.736;66.617;72.024,0.193;0.151;0.351,2783;2926;1932,146.558;146.562;146.711,156.797;156.779;156.845
13-186,1468,2048,open,3,146.598,156.802,57.736;66.617;72.024,0.193;0.151;0.351,2783;2926;1932,146.558;146.562;146.711,156.797;156.779;156.845
13-187,1468,2048,open,2,146.303,155.565,67.722;78.564,0.203;0.117,2893;2903,146.178;146.426,155.540;155.590
13-188,1468,2048,open,3,146.598,156.802,57.736;66.617;72.024,0.193;0.151;0.351,2783;2926;1932,146.558;146.562;146.711,156.797;156.779;156.845
13-189,1468,2048,open,3,146.598,156.802,57.736;66.617;72.024,0.193;0.151;0.351,2783;2926;1932,146.558;146.562;146.711,156.797;156.779;156.845
13-19,1468,2048,open,3,146.598,156.802,57.736;66.617;72.024,0.193;0.151;0.351,2783;2926;1932,146.558;146.562;146.711,156.797;156.779;156.845
13-190,1468,2048,open,3,146.598,156.802,57.736;66.617;72.024,0.193;0.151;0.351,2783;2926;1932,146.558;146.562;146.711,156.797;156.779;156.845
13-191,1468,2048,open,3,146.598,156.802,57.736;66.617;72.024,0.193;0.151;0.351,2783;2926;1932,146.558;146.562;146.711,156.797;156.779;156.845
13-192,1468,2048,open,3,146.598,156.802,57.736;66.617;72.024,0.193;0.151;0.351,2783;2926;1932,146.558;146.562;146.711,156.797;156.779;156.845
13-193,1468,2048,open,3,146.598,156.802,57.736;66.617;72.024,0.193;0.151;0.351,2783;2926;1932,146.558;146.562;146.711,156.797;156.779;156.845
13-194,1468,2048,open,2,146.303,155.565,67.722;78.564,0.203;0.117,2893;2903,146.178;146.426,155.540;155.590
13-195,1468,2048,open,2,146.303,155.565,67.722;78.564,0.203;0.117,2893;2903,146.178;146.426,155.540;155.590
13-196,1468,2048,open,3,146.598,156.802,57.736;66.617;72.024,0.193;0.151;0.351,2783;2926;1932,146.558;146.562;146.711,156.797;156.779;156.845
13-197,1468,2048,open,3,146.598,156.802,57.736;66.617;72.024,0.193;0.151;0.351,2783;2926;1932,146.558;146.562;146.711,156.797;156.779;156.845
13-198,1468,2048,open,2,146.303,155.565,67.722;78.564,0.203;0.117,2893;2903,146.178;146.426,155.540;155.590
13-199,1468,2048,open,3,146.598,156.802,57.736;66.617;72.024,0.193;0.151;0.351,2783;2926;1932,146.558;146.562;146.711,156.797;156.779;156.845
13-2,1468,2048,open,3,146.598,156.802,57.736;66.617;72.024,0.193;0.151;0.351,2783;2926;1932,146.558;146.562;146.711,156.797;156.779;156.845
13-20,1468,2048,open,3,146.598,156.802,57.736;66.617;72.024,0.193;0.151;0.351,2783;2926;1932,146.558;146.562;146.711,156.797;156.779;156.845
13-200,1468,2048,open,3,146.598,156.802,57.736;66.617;72.024,0.193;0.151;0.351,2783;2926;1932,146.558;146.562;146.711,156.797;156.779;156.845
13-201,1468,2048,open,2,146.303,155.565,67.722;78.564,0.203;0.117,2893;2903,146.178;146.426,155.540;155.590
13-202,1468,2048,open,2,146.303,155.565,67.722;78.564,0.203;0.117,2893;2903,146.178;146.426,155.540;155.590
13-203,1468,2048,open,3,146.598,156.802,57.736;66.617;72.024,0.193;0.151;0.351,2783;2926;1932,146.558;146.562;146.711,156.797;156.779;156.845
13-204,1468,2048,open,3,146.653,156.724,57.738;66.596;72.160,0.193;0.155;0.177,2749;2914;1930,146.547;146.526;146.997,156.734;156.714;156.726
13-205,1468,2048,open,3,146.653,156.724,57.738;66.596;72.160,0.193;0.155;0.177,2749;2914;1930,146.547;146.526;146.997,156.734;156.714;156.726
13-206,1468,2048,open,2,146.303,155.565,67.722;78.564,0.203;0.117,2893;2903,146.178;146.426,155.540;155.590
13-207,1468,2048,open,3,146.598,156.802,57.736;66.617;72.024,0.193;0.151;0.351,2783;2926;1932,146.558;146.562;146.711,156.797;156.779;156.845
13-208,1468,2048,open,3,146.599,156.744,57.759;66.580;72.042,0.195;0.143;0.359,2898;2998;2220,146.559;146.561;146.704,156.739;156.710;156.797
13-209,1468,2048,open,3,146.599,156.744,57.759;66.580;72.042,0.195;0.143;0.359,2898;2998;2220,146.559;146.561;146.704,156.739;156.710;156.797
13-21,1468,2048,open,3,146.598,156.802,57.736;66.617;72.024,0.193;0.151;0.351,2783;2926;1932,146.558;146.562;146.711,156.797;156.779;156.845
13-210,1468,2048,open,3,146.599,156.744,57.759;66.580;72.042,0.195;0.143;0.359,2898;2998;2220,146.559;146.561;146.704,156.739;156.710;156.797
13-211,1468,2048,open,3,146.599,156.744,57.759;66.580;72.042,0.195;0.143;0.359,2898;2998;2220,146.559;146.561;146.704,156.739;156.710;156.797
13-212,1468,2048,open,3,146.599,156.744,57.759;66.580;72.042,0.195;0.143;0.359,2898;2998;2220,146.559;146.561;146.704,156.739;156.710;156.797
13-213,1468,2048,open,3,146.599,156.744,57.759;66.580;72.042,0.195;0.143;0.359,2898;2998;2220,146.559;146.561;146.704,156.739;156.710;156.797
13-214,1468,2048,open,2,146.305,155.560,67.730;78.533,0.201;0.117,2990;2994,146.186;146.423,155.539;155.581
13-215,1468,2048,open,3,146.599,156.744,57.759;66.580;72.042,0.195;0.143;0.359,2898;2998;2220,146.559;146.561;146.704,156.739;156.710;156.797
13-216,1468,2048,open,2,146.305,155.559,67.730;78.532,0.201;0.117,2990;2994,146.186;146.424,155.539;155.579
13-217,1468,2048,open,3,146.599,156.744,57.759;66.580;72.042,0.195;0.143;0.359,2898;2998;2220,146.559;146.561;146.704,156.739;156.710;156.797
13-218,1468,2048,open,3,146.599,156.744,57.759;66.580;72.042,0.195;0.143;0.359,2898;2998;2220,146.559;146.561;146.704,156.739;156.710;156.797
13-219,1468,2048,open,3,146.599,156.744,57.759;66.580;72.042,0.195;0.143;0.359,2898;2998;2220,146.559;146.561;146.704,156.739;156.710;156.797
13-22,1468,2048,open,2,146.303,155.565,67.722;78.564,0.203;0.117,2893;2903,146.178;146.426,155.540;155.590
13-220,1468,2048,open,2,146.305,155.560,67.730;78.533,0.201;0.117,2990;2994,146.186;146.423,155.539;155.581
13-221,1468,2048,open,3,146.599,156.744,57.759;66.580;72.042,0.195;0.143;0.359,2898;2998;2220,146.559;146.561;146.704,156.739;156.710;156.797
13-222,1468,2048,open,2,146.305,155.560,67.730;78.533,0.201;0.117,2990;2995,146.186;146.424,155.539;155.580
13-223,1468,2048,open,3,146.599,156.744,57.759;66.580;72.042,0.195;0.143;0.359,2898;2998;2220,146.559;146.561;146.704,156.739;156.710;156.797
13-224,1468,2048,open,3,146.599,156.744,57.759;66.580;72.042,0.195;0.143;0.359,2898;2998;2220,146.559;146.561;146.704,156.739;156.710;156.797
13-225,1468,2048,open,3,146.599,156.744,57.759;66.580;72.042,0.195;0.143;0.359,2898;2998;2220,146.559;146.561;146.704,156.739;156.710;156.797
13-226,1468,2048,open,3,146.453,155.437,67.575;78.621;87.834,0.077;0.122;1.210,2785;2794;1057,146.427;146.443;146.545,155.539;155.570;154.817
13-227,1468,2048,open,3,146.635,156.750,57.700;66.645;72.011,0.202;0.145;0.381,2670;2797;1741,146.587;146.571;146.810,156.757;156.748;156.742
13-228,1468,2048,open,3,146.635,156.750,57.700;66.645;72.011,0.202;0.145;0.381,2670;2797;1741,146.587;146.571;146.810,156.757;156.748;156.742
13-229,1468,2048,open,3,146.628,156.750,57.685;66.663;71.988,0.195;0.153;0.366,2688;2791;1720,146.589;146.564;146.792,156.759;156.744;156.746
13-23,1468,2048,open,3,146.598,156.802,57.736;66.617;72.024,0.193;0.151;0.351,2783;2926;1932,146.558;146.562;146.711,156.797;156.779;156.845
13-230,1468,2048,open,3,146.635,156.750,57.700;66.645;72.011,0.202;0.145;0.381,2670;2797;1741,146.587;146.571;146.810,156.757;156.748;156.742
13-231,1468,2048,open,2,146.436,155.556,67.576;78.622,0.077;0.122,2785;2799,146.427;146.445,155.539;155.572
13-232,1468,2048,open,3,146.631,156.744,57.693;66.656;71.999,0.196;0.149;0.358,2677;2791;1726,146.585;146.567;146.806,156.749;156.743;156.738
13-233,1468,2048,open,3,146.635,156.750,57.700;66.645;72.011,0.202;0.145;0.381,2670;2797;1741,146.587;146.571;146.810,156.757;156.748;156.742
13-234,1468,2048,open,3,146.637,156.749,57.703;66.638;72.027,0.201;0.144;0.395,2653;2788;1742,146.583;146.572;146.823,156.758;156.746;156.739
13-235,1468,2048,open,3,146.635,156.750,57.700;66.645;72.011,0.202;0.145;0.381,2670;2797;1741,146.587;146.571;146.810,156.757;156.748;156.742
13-236,1468,2048,open,3,146.627,156.730,57.697;66.626;72.036,0.221;0.147;0.424,2530;2806;1695,146.580;146.583;146.770,156.680;156.765;156.746
13-237,1468,2048,open,3,146.635,156.750,57.700;66.645;72.011,0.202;0.145;0.381,2670;2797;1741,146.587;146.571;146.810,156.757;156.748;156.742
13-238,1468,2048,open,3,146.635,156.750,57.700;66.645;72.011,0.202;0.145;0.381,2670;2797;1741,146.587;146.571;146.810,156.757;156.748;156.742
13-239,1468,2048,open,3,146.635,156.750,57.700;66.645;72.011,0.202;0.145;0.381,2670;2797;1741,146.587;146.571;146.810,156.757;156.748;156.742
13-24,1468,2048,open,2,146.303,155.565,67.722;78.564,0.203;0.117,2893;2903,146.178;146.426,155.540;155.590
13-240,1468,2048,open,3,146.635,156.751,57.700;66.644;72.011,0.202;0.144;0.381,2670;2796;1739,146.587;146.571;146.810,156.756;156.750;156.744
13-241,1468,2048,open,3,146.631,156.744,57.693;66.656;71.999,0.196;0.149;0.358,2677;2791;1726,146.585;146.567;146.806,156.749;156.743;156.738
13-242,1468,2048,open,3,146.635,156.750,57.700;66.645;72.011,0.202;0.145;0.381,2670;2797;1741,146.587;146.571;146.810,156.757;156.748;156.742
13-243,1468,2048,window,3,146.451,155.430,67.575;78.615;87.853,0.078;0.122;1.253,2703;2779;1263,146.420;146.460;146.494,155.566;155.580;154.809
13-244,1468,2048,open,3,146.247,156.341,55.820;63.069;74.952,0.240;0.163;0.124,1304;1467;1057,146.434;146.159;146.139,156.506;156.251;156.261
13-245,1468,2048,open,2,146.235,155.141,68.013;78.103,0.123;0.337,832;802,146.049;146.428,155.099;155.185
13-25,1468,2048,open,3,146.598,156.802,57.736;66.617;72.024,0.193;0.151;0.351,2783;2926;1932,146.558;146.562;146.711,156.797;156.779;156.845
13-26,1468,2048,open,3,146.598,156.802,57.736;66.617;72.024,0.193;0.151;0.351,2783;2926;1932,146.558;146.562;146.711,156.797;156.779;156.845
13-27,1468,2048,open,3,146.598,156.802,57.736;66.617;72.024,0.193;0.151;0.351,2783;2926;1932,146.558;146.562;146.711,156.797;156.779;156.845
13-28,1468,2048,open,3,146.598,156.802,57.736;66.617;72.024,0.193;0.151;0.351,2783;2926;1932,146.558;146.562;146.711,156.797;156.779;156.845
13-29,1468,2048,open,3,146.598,156.802,57.736;66.617;72.024,0.193;0.151;0.351,2783;2926;1932,146.558;146.562;146.711,156.797;156.779;156.845
13-3-PD1,1468,2048,open,3,146.640,156.772,57.746;66.597;72.180,0.192;0.154;0.196,2852;2980;2004,146.532;146.513;146.983,156.780;156.763;156.774
13-3,1468,2048,open,3,146.598,156.802,57.736;66.617;72.024,0.193;0.151;0.351,2783;2926;1932,146.558;146.562;146.711,156.797;156.779;156.845
13-30,1468,2048,open,3,146.598,156.802,57.736;66.617;72.024,0.193;0.151;0.351,2783;2926;1932,146.558;146.562;146.711,156.797;156.779;156.845
13-31,1468,2048,open,3,146.598,156.802,57.736;66.617;72.024,0.193;0.151;0.351,2783;2926;1932,146.558;146.562;146.711,156.797;156.779;156.845
13-32,1468,2048,open,3,146.598,156.802,57.736;66.617;72.024,0.193;0.151;0.351,2783;2926;1932,146.558;146.562;146.711,156.797;156.779;156.845
13-33,1468,2048,open,3,146.598,156.802,57.736;66.617;72.024,0.193;0.151;0.351,2783;2926;1932,146.558;146.562;146.711,156.797;156.779;156.845
13-34,1468,2048,open,3,146.598,156.802,57.736;66.617;72.024,0.193;0.151;0.351,2783;2926;1932,146.558;146.562;146.711,156.797;156.779;156.845
13-35,1468,2048,open,2,146.303,155.565,67.722;78.564,0.203;0.117,2893;2903,146.178;146.426,155.540;155.590
13-36,1468,2048,open,3,146.653,156.724,57.738;66.596;72.160,0.193;0.155;0.177,2749;2914;1930,146.547;146.526;146.997,156.734;156.714;156.726
13-37,1468,2048,open,3,146.598,156.802,57.736;66.617;72.024,0.193;0.151;0.351,2783;2926;1932,146.558;146.562;146.711,156.797;156.779;156.845
13-38,1468,2048,open,3,146.598,156.802,57.736;66.617;72.024,0.193;0.151;0.351,2783;2926;1932,146.558;146.562;146.711,156.797;156.779;156.845
13-39,1468,2048,open,3,146.598,156.802,57.736;66.617;72.024,0.193;0.151;0.351,2783;2926;1932,146.558;146.562;146.711,156.797;156.779;156.845
13-4-PD1,1468,2048,open,3,146.640,156.772,57.746;66.597;72.180,0.192;0.154;0.196,2852;2980;2004,146.532;146.513;146.983,156.780;156.763;156.774
13-4,1468,2048,open,3,146.598,156.802,57.736;66.617;72.024,0.193;0.151;0.351,2783;2926;1932,146.558;146.562;146.711,156.797;156.779;156.845
13-40,1468,2048,open,3,146.598,156.802,57.736;66.617;72.024,0.193;0.151;0.351,2783;2926;1932,146.558;146.562;146.711,156.797;156.779;156.845
13-41,1468,2048,open,3,146.598,156.802,57.736;66.617;72.024,0.193;0.151;0.351,2783;2926;1932,146.558;146.562;146.711,156.797;156.779;156.845
13-42,1468,2048,open,3,146.598,156.802,57.736;66.617;72.024,0.193;0.151;0.351,2783;2926;1932,146.558;146.562;146.711,156.797;156.779;156.845
13-43,1468,2048,open,3,146.598,156.802,57.736;66.617;72.024,0.193;0.151;0.351,2783;2926;1932,146.558;146.562;146.711,156.797;156.779;156.845
13-44,1468,2048,open,3,146.598,156.802,57.736;66.617;72.024,0.193;0.151;0.351,2783;2926;1932,146.558;146.562;146.711,156.797;156.779;156.845
13-45,1468,2048,open,3,146.598,156.802,57.736;66.617;72.024,0.193;0.151;0.351,2783;2926;1932,146.558;146.562;146.711,156.797;156.779;156.845
13-46,1468,2048,open,3,146.598,156.802,57.736;66.617;72.024,0.193;0.151;0.351,2783;2926;1932,146.558;146.562;146.711,156.797;156.779;156.845
13-47,1468,2048,open,3,146.598,156.802,57.736;66.617;72.024,0.193;0.151;0.351,2783;2926;1932,146.558;146.562;146.711,156.797;156.779;156.845
13-48,1468,2048,open,3,146.598,156.802,57.736;66.617;72.024,0.193;0.151;0.351,2783;2926;1932,146.558;146.562;146.711,156.797;156.779;156.845
13-49,1468,2048,open,2,146.303,155.565,67.722;78.564,0.203;0.117,2893;2903,146.178;146.426,155.540;155.590
13-5-PD1,1468,2048,open,3,146.310,155.536,67.728;78.549;85.249,0.203;0.120;0.192,2949;2957;2071,146.179;146.397;146.371,155.526;155.546;155.538
13-5,1468,2048,open,3,146.598,156.802,57.736;66.617;72.024,0.193;0.151;0.351,2783;2926;1932,146.558;146.562;146.711,156.797;156.779;156.845
13-50,1468,2048,open,2,146.297,155.565,67.722;78.563,0.203;0.119,2840;2682,146.178;146.424,155.540;155.592
13-51,1468,2048,open,3,146.598,156.802,57.736;66.617;72.024,0.193;0.151;0.351,2783;2926;1932,146.558;146.562;146.711,156.797;156.779;156.845
13-52,1468,2048,open,3,146.598,156.802,57.736;66.617;72.024,0.193;0.151;0.351,2783;2926;1932,146.558;146.562;146.711,156.797;156.779;156.845
13-53,1468,2048,open,3,146.598,156.802,57.736;66.617;72.024,0.193;0.151;0.351,2783;2926;1932,146.558;146.562;146.711,156.797;156.779;156.845
13-54,1468,2048,open,3,146.598,156.802,57.736;66.617;72.024,0.193;0.151;0.351,2783;2926;1932,146.558;146.562;146.711,156.797;156.779;156.845
13-55,1468,2048,open,2,146.303,155.565,67.722;78.564,0.203;0.117,2893;2903,146.178;146.426,155.540;155.590
13-56,1468,2048,open,3,146.598,156.802,57.736;66.617;72.024,0.193;0.151;0.351,2783;2926;1932,146.558;146.562;146.711,156.797;156.779;156.845
13-57,1468,2048,open,3,146.598,156.802,57.736;66.617;72.024,0.193;0.151;0.351,2783;2926;1932,146.558;146.562;146.711,156.797;156.779;156.845
13-58,1468,2048,open,3,146.598,156.802,57.736;66.617;72.024,0.193;0.151;0.351,2783;2926;1932,146.558;146.562;146.711,156.797;156.779;156.845
13-59,1468,2048,open,3,146.598,156.802,57.736;66.617;72.024,0.193;0.151;0.351,2783;2926;1932,146.558;146.562;146.711,156.797;156.779;156.845
13-6-PD1,1468,2048,open,3,146.304,155.530,67.728;78.548;85.229,0.203;0.120;0.223,2949;2958;1729,146.179;146.397;146.360,155.526;155.546;155.509
13-6,1468,2048,open,2,146.303,155.565,67.722;78.564,0.203;0.117,2893;2903,146.178;146.426,155.540;155.590
13-60,1468,2048,open,3,146.598,156.802,57.736;66.617;72.024,0.193;0.151;0.351,2783;2926;1932,146.558;146.562;146.711,156.797;156.779;156.845
13-61,1468,2048,open,3,146.598,156.802,57.736;66.617;72.024,0.193;0.151;0.351,2783;2926;1932,146.558;146.562;146.711,156.797;156.779;156.845
13-62,1468,2048,open,3,146.598,156.802,57.736;66.617;72.024,0.193;0.151;0.351,2783;2926;1932,146.558;146.562;146.711,156.797;156.779;156.845
13-63,1468,2048,open,3,146.598,156.802,57.736;66.617;72.024,0.193;0.151;0.351,2783;2926;1932,146.558;146.562;146.711,156.797;156.779;156.845
13-64,1468,2048,open,3,146.598,156.802,57.736;66.617;72.024,0.193;0.151;0.351,2783;2926;1932,146.558;146.562;146.711,156.797;156.779;156.845
13-65,1468,2048,open,3,146.598,156.802,57.736;66.617;72.024,0.193;0.151;0.351,2783;2926;1932,146.558;146.562;146.711,156.797;156.779;156.845
13-66,1468,2048,open,2,146.303,155.565,67.722;78.564,0.203;0.117,2893;2903,146.178;146.426,155.540;155.590
13-67,1468,2048,open,3,146.598,156.802,57.736;66.617;72.024,0.193;0.151;0.351,2783;2926;1932,146.558;146.562;146.711,156.797;156.779;156.845
13-68,1468,2048,open,3,146.598,156.802,57.736;66.617;72.024,0.193;0.151;0.351,2783;2926;1932,146.558;146.562;146.711,156.797;156.779;156.845
13-69,1468,2048,open,3,146.598,156.802,57.736;66.617;72.024,0.193;0.151;0.351,2783;2926;1932,146.558;146.562;146.711,156.797;156.779;156.845
13-7-PD1,1468,2048,open,3,146.305,155.540,67.728;78.548;85.243,0.203;0.120;0.184,2949;2955;2738,146.179;146.397;146.341,155.526;155.545;155.551
13-7,1468,2048,open,3,146.598,156.802,57.736;66.617;72.024,0.193;0.151;0.351,2783;2926;1932,146.558;146.562;146.711,156.797;156.779;156.845
13-70,1468,2048,open,3,146.653,156.724,57.738;66.596;72.160,0.193;0.155;0.177,2749;2914;1930,146.547;146.526;146.997,156.734;156.714;156.726
13-71,1468,2048,open,3,146.653,156.724,57.738;66.596;72.160,0.193;0.155;0.177,2749;2914;1930,146.547;146.526;146.997,156.734;156.714;156.726
13-72,1468,2048,open,2,146.303,155.565,67.722;78.564,0.203;0.117,2893;2903,146.178;146.426,155.540;155.590
13-73,1468,2048,open,2,146.303,155.565,67.722;78.564,0.203;0.117,2893;2903,146.178;146.426,155.540;155.590
13-74,1468,2048,open,3,146.598,156.802,57.736;66.617;72.024,0.193;0.151;0.351,2783;2926;1932,146.558;146.562;146.711,156.797;156.779;156.845
13-75,1468,2048,open,2,146.303,155.565,67.722;78.564,0.203;0.117,2893;2903,146.178;146.426,155.540;155.590
13-76,1468,2048,open,3,146.598,156.802,57.736;66.617;72.024,0.193;0.151;0.351,2783;2926;1932,146.558;146.562;146.711,156.797;156.779;156.845
13-77,1468,2048,open,2,146.303,155.565,67.722;78.564,0.203;0.117,2893;2903,146.178;146.426,155.540;155.590
13-78,1468,2048,open,2,146.303,155.565,67.722;78.564,0.203;0.117,2893;2903,146.178;146.426,155.540;155.590
13-79,1468,2048,open,3,146.598,156.802,57.736;66.617;72.024,0.193;0.151;0.351,2783;2926;1932,146.558;146.562;146.711,156.797;156.779;156.845
13-8-PD1,1468,2048,open,3,146.327,155.534,67.728;78.546;85.260,0.203;0.120;0.160,2949;2957;2399,146.179;146.396;146.424,155.526;155.544;155.532
13-8,1468,2048,open,3,146.598,156.802,57.736;66.617;72.024,0.193;0.151;0.351,2783;2926;1932,146.558;146.562;146.711,156.797;156.779;156.845
13-80,1468,2048,open,3,146.598,156.802,57.736;66.617;72.024,0.193;0.151;0.351,2783;2926;1932,146.558;146.562;146.711,156.797;156.779;156.845
13-81,1468,2048,open,3,146.598,156.802,57.736;66.617;72.024,0.193;0.151;0.351,2783;2926;1932,146.558;146.562;146.711,156.797;156.779;156.845
13-82,1468,2048,open,3,146.598,156.802,57.736;66.617;72.024,0.193;0.151;0.351,2783;2926;1932,146.558;146.562;146.711,156.797;156.779;156.845
13-83,1468,2048,open,2,146.303,155.565,67.722;78.564,0.203;0.117,2893;2903,146.178;146.426,155.540;155.590
13-84,1468,2048,open,3,146.598,156.802,57.736;66.617;72.024,0.193;0.151;0.351,2783;2926;1932,146.558;146.562;146.711,156.797;156.779;156.845
13-85,1468,2048,open,3,146.598,156.802,57.736;66.617;72.024,0.193;0.151;0.351,2783;2926;1932,146.558;146.562;146.711,156.797;156.779;156.845
13-86,1468,2048,open,3,146.598,156.802,57.736;66.617;72.024,0.193;0.151;0.351,2783;2926;1932,146.558;146.562;146.711,156.797;156.779;156.845
13-87,1468,2048,open,3,146.598,156.802,57.736;66.617;72.024,0.193;0.151;0.351,2783;2926;1932,146.558;146.562;146.711,156.797;156.779;156.845
13-88,1468,2048,open,3,146.598,156.802,57.736;66.617;72.024,0.193;0.151;0.351,2783;2926;1932,146.558;146.562;146.711,156.797;156.779;156.845
13-89,1468,2048,open,2,146.303,155.565,67.722;78.564,0.203;0.117,2893;2903,146.178;146.426,155.540;155.590
13-9-P4,1468,2048,open,3,146.640,156.772,57.746;66.597;72.180,0.192;0.154;0.196,2852;2980;2004,146.532;146.513;146.983,156.780;156.763;156.774
13-9,1468,2048,open,3,146.598,156.802,57.736;66.617;72.024,0.193;0.151;0.351,2783;2926;1932,146.558;146.562;146.711,156.797;156.779;156.845
13-90,1468,2048,open,3,146.598,156.802,57.736;66.617;72.024,0.193;0.151;0.351,2783;2926;1932,146.558;146.562;146.711,156.797;156.779;156.845
13-91,1468,2048,open,3,146.598,156.802,57.736;66.617;72.024,0.193;0.151;0.351,2783;2926;1932,146.558;146.562;146.711,156.797;156.779;156.845
13-92,1468,2048,open,3,146.598,156.802,57.736;66.617;72.024,0.193;0.151;0.351,2783;2926;1932,146.558;146.562;146.711,156.797;156.779;156.845
13-93,1468,2048,open,2,146.303,155.565,67.722;78.564,0.203;0.117,2893;2903,146.178;146.426,155.540;155.590
13-94,1468,2048,open,3,146.598,156.802,57.736;66.617;72.024,0.193;0.151;0.351,2783;2926;1932,146.558;146.562;146.711,156.797;156.779;156.845
13-95,1468,2048,open,3,146.598,156.802,57.736;66.617;72.024,0.193;0.151;0.351,2783;2926;1932,146.558;146.562;146.711,156.797;156.779;156.845
13-96,1468,2048,open,3,146.598,156.802,57.736;66.617;72.024,0.193;0.151;0.351,2783;2926;1932,146.558;146.562;146.711,156.797;156.779;156.845
13-97,1468,2048,open,3,146.598,156.802,57.736;66.617;72.024,0.193;0.151;0.351,2783;2926;1932,146.558;146.562;146.711,156.797;156.779;156.845
13-98,1468,2048,open,3,146.598,156.802,57.736;66.617;72.024,0.193;0.151;0.351,2783;2926;1932,146.558;146.562;146.711,156.797;156.779;156.845
13-99,1468,2048,open,3,146.598,156.802,57.736;66.617;72.024,0.193;0.151;0.351,2783;2926;1932,146.558;146.562;146.711,156.797;156.779;156.845
2-1,1468,2048,open,3,146.600,156.803,57.732;66.620;72.020,0.192;0.151;0.350,2776;2915;1925,146.563;146.564;146.710,156.797;156.779;156.848
2-10,1468,2048,open,3,146.600,156.803,57.732;66.620;72.020,0.192;0.151;0.350,2776;2915;1925,146.563;146.564;146.710,156.797;156.779;156.848
2-100,1468,2048,open,3,146.600,156.803,57.732;66.620;72.020,0.192;0.151;0.350,2776;2915;1925,146.563;146.564;146.710,156.797;156.779;156.848
2-101,1468,2048,open,3,146.600,156.803,57.732;66.620;72.020,0.192;0.151;0.350,2776;2915;1925,146.563;146.564;146.710,156.797;156.779;156.848
2-102,1468,2048,open,2,149.601,155.563,67.598;78.547,0.069;0.123,2901;2882,149.585;149.618,155.548;155.578
2-103,1468,2048,open,3,146.600,156.803,57.732;66.620;72.020,0.192;0.151;0.350,2776;2915;1925,146.563;146.564;146.710,156.797;156.779;156.848
2-104,1468,2048,open,3,146.600,156.803,57.732;66.620;72.020,0.192;0.151;0.350,2776;2915;1925,146.563;146.564;146.710,156.797;156.779;156.848
2-105,1468,2048,open,3,146.600,156.803,57.732;66.620;72.020,0.192;0.151;0.350,2776;2915;1925,146.563;146.564;146.710,156.797;156.779;156.848
2-106,1468,2048,open,3,146.600,156.803,57.732;66.620;72.020,0.192;0.151;0.350,2776;2915;1925,146.563;146.564;146.710,156.797;156.779;156.848
2-107,1468,2048,open,3,146.600,156.803,57.732;66.620;72.020,0.192;0.151;0.350,2776;2915;1925,146.563;146.564;146.710,156.797;156.779;156.848
2-108,1468,2048,open,3,146.600,156.803,57.732;66.620;72.020,0.192;0.151;0.350,2776;2915;1925,146.563;146.564;146.710,156.797;156.779;156.848
2-109,1468,2048,open,2,149.602,155.563,67.598;78.547,0.069;0.123,2901;2881,149.585;149.618,155.548;155.578
2-11,1468,2048,open,3,146.600,156.803,57.732;66.620;72.020,0.192;0.151;0.350,2776;2915;1925,146.563;146.564;146.710,156.797;156.779;156.848
2-110,1468,2048,open,2,149.601,155.563,67.598;78.547,0.069;0.123,2901;2881,149.585;149.618,155.548;155.578
2-111,1468,2048,open,2,149.601,155.563,67.598;78.547,0.069;0.123,2901;2882,149.585;149.618,155.548;155.578
2-112,1468,2048,open,3,146.600,156.803,57.732;66.620;72.020,0.192;0.151;0.350,2776;2915;1925,146.563;146.564;146.710,156.797;156.779;156.848
2-113,1468,2048,open,3,146.600,156.803,57.732;66.620;72.020,0.192;0.151;0.350,2776;2915;1925,146.563;146.564;146.710,156.797;156.779;156.848
2-114,1468,2048,open,3,146.600,156.803,57.732;66.620;72.020,0.192;0.151;0.350,2776;2915;1925,146.563;146.564;146.710,156.797;156.779;156.848
2-115,1468,2048,open,3,146.600,156.803,57.732;66.620;72.020,0.192;0.151;0.350,2776;2915;1925,146.563;146.564;146.710,156.797;156.779;156.848
2-116,1468,2048,open,3,146.600,156.803,57.732;66.620;72.020,0.192;0.151;0.350,2776;2915;1925,146.563;146.564;146.710,156.797;156.779;156.848
2-117,1468,2048,open,2,149.601,155.563,67.598;78.547,0.069;0.123,2901;2882,149.585;149.618,155.548;155.578
2-118,1468,2048,open,2,149.602,155.563,67.598;78.547,0.069;0.123,2901;2881,149.585;149.618,155.548;155.578
2-119,1468,2048,open,3,146.600,156.803,57.732;66.620;72.020,0.192;0.151;0.350,2776;2915;1925,146.563;146.564;146.710,156.797;156.779;156.848
2-12,1468,2048,open,3,146.600,156.803,57.732;66.620;72.020,0.192;0.151;0.350,2776;2915;1925,146.563;146.564;146.710,156.797;156.779;156.848
2-120,1468,2048,open,3,146.600,156.803,57.732;66.620;72.020,0.192;0.151;0.350,2776;2915;1925,146.563;146.564;146.710,156.797;156.779;156.848
2-121,1468,2048,open,2,149.601,155.563,67.598;78.547,0.069;0.123,2901;2882,149.585;149.618,155.548;155.578
2-122,1468,2048,open,3,146.600,156.803,57.732;66.620;72.020,0.192;0.151;0.350,2776;2915;1925,146.563;146.564;146.710,156.797;156.779;156.848
2-123,1468,2048,open,3,146.600,156.803,57.732;66.620;72.020,0.192;0.151;0.350,2776;2915;1925,146.563;146.564;146.710,156.797;156.779;156.848
2-124,1468,2048,open,3,146.600,156.803,57.732;66.620;72.020,0.192;0.151;0.350,2776;2915;1925,146.563;146.564;146.710,156.797;156.779;156.848
2-125,1468,2048,open,2,149.601,155.563,67.598;78.547,0.069;0.123,2901;2882,149.585;149.618,155.548;155.578
2-126,1468,2048,open,3,146.600,156.803,57.732;66.620;72.020,0.192;0.151;0.350,2776;2915;1925,146.563;146.564;146.710,156.797;156.779;156.848
2-127,1468,2048,open,3,146.600,156.803,57.732;66.620;72.020,0.192;0.151;0.350,2776;2915;1925,146.563;146.564;146.710,156.797;156.779;156.848
2-128,1468,2048,open,2,149.601,155.563,67.598;78.547,0.069;0.123,2901;2882,149.585;149.618,155.548;155.578
2-129,1468,2048,open,3,146.600,156.803,57.732;66.620;72.020,0.192;0.151;0.350,2776;2915;1925,146.563;146.564;146.710,156.797;156.779;156.848
2-13,1468,2048,open,3,146.600,156.803,57.732;66.620;72.020,0.192;0.151;0.350,2776;2915;1925,146.563;146.564;146.710,156.797;156.779;156.848
2-130,1468,2048,open,3,146.600,156.803,57.732;66.620;72.020,0.192;0.151;0.350,2776;2915;1925,146.563;146.564;146.710,156.797;156.779;156.848
2-131,1468,2048,open,2,149.602,155.563,67.598;78.547,0.069;0.123,2901;2881,149.585;149.618,155.548;155.578
2-132,1468,2048,open,3,146.600,156.803,57.732;66.620;72.020,0.192;0.151;0.350,2776;2915;1925,146.563;146.564;146.710,156.797;156.779;156.848
2-133,1468,2048,open,3,146.600,156.803,57.732;66.620;72.020,0.192;0.151;0.350,2776;2915;1925,146.563;146.564;146.710,156.797;156.779;156.848
2-134,1468,2048,open,2,149.601,155.563,67.598;78.547,0.069;0.123,2901;2882,149.585;149.618,155.548;155.578
2-135,1468,2048,open,2,149.601,155.563,67.598;78.547,0.069;0.123,2901;2882,149.585;149.618,155.548;155.578
2-136,1468,2048,open,2,149.601,155.563,67.598;78.547,0.069;0.123,2901;2882,149.585;149.618,155.548;155.578
2-137,1468,2048,open,3,146.600,156.803,57.732;66.620;72.020,0.192;0.151;0.350,2776;2915;1925,146.563;146.564;146.710,156.797;156.779;156.848
2-138,1468,2048,open,3,146.600,156.803,57.732;66.620;72.020,0.192;0.151;0.350,2776;2915;1925,146.563;146.564;146.710,156.797;156.779;156.848
2-139,1468,2048,open,3,146.600,156.803,57.732;66.620;72.020,0.192;0.151;0.350,2776;2915;1925,146.563;146.564;146.710,156.797;156.779;156.848
2-14-P1,1468,2048,open,3,146.693,156.788,57.761;66.586;72.220,0.200;0.140;0.198,2777;2955;1965,146.556;146.570;147.070,156.795;156.776;156.796
2-14,1468,2048,open,3,146.600,156.803,57.732;66.620;72.020,0.192;0.151;0.350,2776;2915;1925,146.563;146.564;146.710,156.797;156.779;156.848
2-140,1468,2048,open,3,146.600,156.803,57.732;66.620;72.020,0.192;0.151;0.350,2776;2915;1925,146.563;146.564;146.710,156.797;156.779;156.848
2-141,1468,2048,open,3,146.600,156.803,57.732;66.620;72.020,0.192;0.151;0.350,2776;2915;1925,146.563;146.564;146.710,156.797;156.779;156.848
2-142,1468,2048,open,3,146.600,156.803,57.732;66.620;72.020,0.192;0.151;0.350,2776;2915;1925,146.563;146.564;146.710,156.797;156.779;156.848
2-143,1468,2048,open,3,146.600,156.803,57.732;66.620;72.020,0.192;0.151;0.350,2776;2915;1925,146.563;146.564;146.710,156.797;156.779;156.848
2-144,1468,2048,open,3,146.600,156.803,57.732;66.620;72.020,0.192;0.151;0.350,2776;2915;1925,146.563;146.564;146.710,156.797;156.779;156.848
2-145,1468,2048,open,3,146.600,156.803,57.732;66.620;72.020,0.192;0.151;0.350,2776;2915;1925,146.563;146.564;146.710,156.797;156.779;156.848
2-146,1468,2048,open,3,146.600,156.803,57.732;66.620;72.020,0.192;0.151;0.350,2776;2915;1925,146.563;146.564;146.710,156.797;156.779;156.848
2-147,1468,2048,open,2,149.601,155.563,67.598;78.547,0.069;0.123,2901;2882,149.585;149.618,155.548;155.578
2-148,1468,2048,open,2,149.601,155.563,67.598;78.547,0.069;0.123,2901;2881,149.585;149.618,155.548;155.578
2-149,1468,2048,open,3,146.693,156.787,57.770;66.573;72.232,0.205;0.135;0.217,2751;2919;1953,146.558;146.568;147.068,156.798;156.767;156.800
2-15-P1,1468,2048,open,3,146.600,156.803,57.732;66.620;72.020,0.192;0.151;0.350,2776;2915;1925,146.563;146.564;146.710,156.797;156.779;156.848
2-15,1468,2048,open,3,146.600,156.803,57.732;66.620;72.020,0.192;0.151;0.350,2776;2915;1925,146.563;146.564;146.710,156.797;156.779;156.848
2-150,1468,2048,open,2,149.602,155.563,67.598;78.547,0.069;0.123,2901;2881,149.585;149.618,155.548;155.578
2-151,1468,2048,open,3,146.600,156.803,57.732;66.620;72.020,0.192;0.151;0.350,2776;2915;1925,146.563;146.564;146.710,156.797;156.779;156.848
2-152,1468,2048,open,3,146.600,156.803,57.732;66.620;72.020,0.192;0.151;0.350,2776;2915;1925,146.563;146.564;146.710,156.797;156.779;156.848
2-153,1468,2048,open,2,149.601,155.563,67.598;78.547,0.069;0.123,2901;2882,149.585;149.618,155.548;155.578
2-154,1468,2048,open,3,146.600,156.803,57.732;66.620;72.020,0.192;0.151;0.350,2776;2915;1925,146.563;146.564;146.710,156.797;156.779;156.848
2-155,1468,2048,open,3,146.600,156.803,57.732;66.620;72.020,0.192;0.151;0.350,2776;2915;1925,146.563;146.564;146.710,156.797;156.779;156.848
2-156,1468,2048,open,3,146.600,156.803,57.732;66.620;72.020,0.192;0.151;0.350,2776;2915;1925,146.563;146.564;146.710,156.797;156.779;156.848
2-157,1468,2048,open,3,146.600,156.803,57.732;66.620;72.020,0.192;0.151;0.350,2776;2915;1925,146.563;146.564;146.710,156.797;156.779;156.848
2-158,1468,2048,open,3,146.600,156.803,57.732;66.620;72.020,0.192;0.151;0.350,2776;2915;1925,146.563;146.564;146.710,156.797;156.779;156.848
2-159,1468,2048,open,2,149.601,155.563,67.598;78.547,0.069;0.123,2901;2881,149.585;149.618,155.548;155.578
2-16-P1,1468,2048,open,3,146.548,156.798,57.721;66.712;71.862,0.177;0.206;0.305,2656;2631;1841,146.526;146.515;146.627,156.793;156.797;156.805
2-16,1468,2048,open,3,146.600,156.803,57.732;66.620;72.020,0.192;0.151;0.350,2776;2915;1925,146.563;146.564;146.710,156.797;156.779;156.848
2-160,1468,2048,open,3,146.600,156.803,57.732;66.620;72.020,0.192;0.151;0.350,2776;2915;1925,146.563;146.564;146.710,156.797;156.779;156.848
2-161,1468,2048,open,3,146.600,156.803,57.732;66.620;72.020,0.192;0.151;0.350,2776;2915;1925,146.563;146.564;146.710,156.797;156.779;156.848
2-162,1468,2048,open,2,149.601,155.563,67.598;78.547,0.069;0.123,2901;2881,149.585;149.618,155.548;155.578
2-163,1468,2048,open,3,146.600,156.803,57.732;66.620;72.020,0.192;0.151;0.350,2776;2915;1925,146.563;146.564;146.710,156.797;156.779;156.848
2-164,1468,2048,open,2,149.602,155.563,67.598;78.547,0.069;0.123,2901;2881,149.585;149.618,155.548;155.578
2-165,1468,2048,open,3,146.600,156.803,57.732;66.620;72.020,0.192;0.151;0.350,2776;2915;1925,146.563;146.564;146.710,156.797;156.779;156.848
2-166,1468,2048,open,3,146.600,156.803,57.732;66.620;72.020,0.192;0.151;0.350,2776;2915;1925,146.563;146.564;146.710,156.797;156.779;156.848
2-167,1468,2048,open,3,146.600,156.803,57.732;66.620;72.020,0.192;0.151;0.350,2776;2915;1925,146.563;146.564;146.710,156.797;156.779;156.848
2-168,1468,2048,open,2,149.602,155.563,67.598;78.547,0.069;0.123,2901;2881,149.585;149.618,155.548;155.578
2-169,1468,2048,open,3,146.600,156.803,57.732;66.620;72.020,0.192;0.151;0.350,2776;2915;1925,146.563;146.564;146.710,156.797;156.779;156.848
2-17-P1,1468,2048,open,2,149.600,155.568,67.611;78.522,0.076;0.121,2907;2913,149.582;149.617,155.555;155.581
2-17,1468,2048,open,3,146.600,156.803,57.732;66.620;72.020,0.192;0.151;0.350,2776;2915;1925,146.563;146.564;146.710,156.797;156.779;156.848
2-170,1468,2048,open,3,146.600,156.803,57.732;66.620;72.020,0.192;0.151;0.350,2776;2915;1925,146.563;146.564;146.710,156.797;156.779;156.848
2-171,1468,2048,open,3,146.600,156.803,57.732;66.620;72.020,0.192;0.151;0.350,2776;2915;1925,146.563;146.564;146.710,156.797;156.779;156.848
2-172,1468,2048,open,3,146.600,156.803,57.732;66.620;72.020,0.192;0.151;0.350,2776;2915;1925,146.563;146.564;146.710,156.797;156.779;156.848
2-173,1468,2048,open,3,146.600,156.803,57.732;66.620;72.020,0.192;0.151;0.350,2776;2915;1925,146.563;146.564;146.710,156.797;156.779;156.848
2-174,1468,2048,open,3,146.600,156.803,57.732;66.620;72.020,0.192;0.151;0.350,2776;2915;1925,146.563;146.564;146.710,156.797;156.779;156.848
2-175,1468,2048,open,2,149.601,155.563,67.598;78.547,0.069;0.123,2901;2882,149.585;149.618,155.548;155.578
2-176,1468,2048,open,3,146.600,156.803,57.732;66.620;72.020,0.192;0.151;0.350,2776;2915;1925,146.563;146.564;146.710,156.797;156.779;156.848
2-177,1468,2048,open,3,146.600,156.803,57.732;66.620;72.020,0.192;0.151;0.350,2776;2915;1925,146.563;146.564;146.710,156.797;156.779;156.848
2-178,1468,2048,open,3,146.600,156.803,57.732;66.620;72.020,0.192;0.151;0.350,2776;2915;1925,146.563;146.564;146.710,156.797;156.779;156.848
2-179,1468,2048,open,3,146.600,156.803,57.732;66.620;72.020,0.192;0.151;0.350,2776;2915;1925,146.563;146.564;146.710,156.797;156.779;156.848
2-18-P1,1468,2048,open,3,146.695,156.724,57.813;66.531;72.272,0.218;0.128;0.215,2601;2850;1940,146.556;146.564;147.075,156.738;156.710;156.725
2-18,1468,2048,open,3,146.600,156.803,57.732;66.620;72.020,0.192;0.151;0.350,2776;2915;1925,146.563;146.564;146.710,156.797;156.779;156.848
2-180,1468,2048,open,3,146.600,156.803,57.732;66.620;72.020,0.192;0.151;0.350,2776;2915;1925,146.563;146.564;146.710,156.797;156.779;156.848
2-181,1468,2048,open,3,146.600,156.803,57.732;66.620;72.020,0.192;0.151;0.350,2776;2915;1925,146.563;146.564;146.710,156.797;156.779;156.848
2-182,1468,2048,open,3,146.600,156.803,57.732;66.620;72.020,0.192;0.151;0.350,2776;2915;1925,146.563;146.564;146.710,156.797;156.779;156.848
2-183,1468,2048,open,3,146.600,156.803,57.732;66.620;72.020,0.192;0.151;0.350,2776;2915;1925,146.563;146.564;146.710,156.797;156.779;156.848
2-184,1468,2048,open,3,146.600,156.803,57.732;66.620;72.020,0.192;0.151;0.350,2776;2915;1925,146.563;146.564;146.710,156.797;156.779;156.848
2-185,1468,2048,open,3,146.600,156.803,57.732;66.620;72.020,0.192;0.151;0.350,2776;2915;1925,146.563;146.564;146.710,156.797;156.779;156.848
2-186,1468,2048,open,3,146.600,156.803,57.732;66.620;72.020,0.192;0.151;0.350,2776;2915;1925,146.563;146.564;146.710,156.797;156.779;156.848
2-187,1468,2048,open,3,146.600,156.803,57.732;66.620;72.020,0.192;0.151;0.350,2776;2915;1925,146.563;146.564;146.710,156.797;156.779;156.848
2-188,1468,2048,open,3,146.600,156.803,57.732;66.620;72.020,0.192;0.151;0.350,2776;2915;1925,146.563;146.564;146.710,156.797;156.779;156.848
2-189,1468,2048,open,2,149.601,155.563,67.598;78.547,0.069;0.123,2901;2882,149.585;149.618,155.548;155.578
2-19-P1,1468,2048,open,3,146.593,156.737,57.825;66.506;72.084,0.223;0.128;0.406,2849;2956;2170,146.554;146.554;146.695,156.744;156.694;156.789
2-19,1468,2048,open,3,146.600,156.803,57.732;66.620;72.020,0.192;0.151;0.350,2776;2915;1925,146.563;146.564;146.710,156.797;156.779;156.848
2-190,1468,2048,open,3,146.600,156.803,57.732;66.620;72.020,0.192;0.151;0.350,2776;2915;1925,146.563;146.564;146.710,156.797;156.779;156.848
2-191,1468,2048,open,3,146.600,156.803,57.732;66.620;72.020,0.192;0.151;0.350,2776;2915;1925,146.563;146.564;146.710,156.797;156.779;156.848
2-192,1468,2048,open,3,146.600,156.803,57.732;66.620;72.020,0.192;0.151;0.350,2776;2915;1925,146.563;146.564;146.710,156.797;156.779;156.848
2-193,1468,2048,open,2,149.601,155.563,67.598;78.547,0.069;0.123,2901;2882,149.585;149.618,155.548;155.578
2-194,1468,2048,open,3,146.600,156.803,57.732;66.620;72.020,0.192;0.151;0.350,2776;2915;1925,146.563;146.564;146.710,156.797;156.779;156.848
2-195,1468,2048,open,3,146.600,156.803,57.732;66.620;72.020,0.192;0.151;0.350,2776;2915;1925,146.563;146.564;146.710,156.797;156.779;156.848
2-196,1468,2048,open,2,149.601,155.563,67.598;78.547,0.069;0.123,2901;2882,149.585;149.618,155.548;155.578
2-197,1468,2048,open,3,146.600,156.803,57.732;66.620;72.020,0.192;0.151;0.350,2776;2915;1925,146.563;146.564;146.710,156.797;156.779;156.848
2-198,1468,2048,open,3,146.600,156.803,57.732;66.620;72.020,0.192;0.151;0.350,2776;2915;1925,146.563;146.564;146.710,156.797;156.779;156.848
2-199,1468,2048,open,2,149.602,155.563,67.598;78.547,0.069;0.123,2901;2881,149.585;149.618,155.548;155.578
2-2-D23,1468,2048,open,3,146.627,156.751,57.298;67.045;71.605,0.228;0.300;0.243,2105;2252;1742,146.655;146.553;146.690,156.733;156.790;156.722
2-2,1468,2048,open,3,146.600,156.803,57.732;66.620;72.020,0.192;0.151;0.350,2776;2915;1925,146.563;146.564;146.710,156.797;156.779;156.848
2-20,1468,2048,open,3,146.600,156.803,57.732;66.620;72.020,0.192;0.151;0.350,2776;2915;1925,146.563;146.564;146.710,156.797;156.779;156.848
2-200,1468,2048,open,2,149.601,155.563,67.598;78.547,0.069;0.123,2901;2882,149.585;149.618,155.548;155.578
2-201,1468,2048,open,3,146.600,156.803,57.732;66.620;72.020,0.192;0.151;0.350,2776;2915;1925,146.563;146.564;146.710,156.797;156.779;156.848
2-202,1468,2048,open,3,146.600,156.803,57.732;66.620;72.020,0.192;0.151;0.350,2776;2915;1925,146.563;146.564;146.710,156.797;156.779;156.848
2-203,1468,2048,open,2,149.602,155.563,67.598;78.547,0.069;0.123,2901;2881,149.585;149.618,155.548;155.578
2-204,1468,2048,open,3,146.600,156.803,57.732;66.620;72.020,0.192;0.151;0.350,2776;2915;1925,146.563;146.564;146.710,156.797;156.779;156.848
2-205,1468,2048,open,3,146.601,156.737,57.734;66.612;72.015,0.192;0.150;0.347,2731;2877;1893,146.566;146.557;146.719,156.736;156.712;156.777
2-206,1468,2048,open,2,149.547,155.450,67.596;78.562,0.061;0.110,2895;2870,149.538;149.556,155.471;155.428
2-207,1468,2048,open,2,149.546,155.449,67.596;78.561,0.061;0.109,2895;2863,149.538;149.555,155.471;155.426
2-208,1468,2048,open,3,146.601,156.737,57.734;66.612;72.015,0.192;0.150;0.347,2731;2877;1893,146.566;146.557;146.719,156.736;156.712;156.777
2-209,1468,2048,open,3,146.606,156.738,57.758;66.594;72.034,0.199;0.148;0.347,1979;2116;1409,146.561;146.561;146.735,156.721;156.731;156.774
2-21,1468,2048,open,3,146.600,156.803,57.732;66.620;72.020,0.192;0.151;0.350,2776;2915;1925,146.563;146.564;146.710,156.797;156.779;156.848
2-210,1468,2048,open,3,146.601,156.737,57.734;66.612;72.015,0.192;0.150;0.347,2731;2877;1893,146.566;146.557;146.719,156.736;156.712;156.777
2-211,1468,2048,open,2,149.547,155.450,67.596;78.562,0.061;0.110,2895;2869,149.538;149.556,155.471;155.428
2-212,1468,2048,open,3,146.602,156.741,57.755;66.589;72.034,0.198;0.149;0.349,2469;2654;1773,146.567;146.561;146.712,156.729;156.714;156.800
2-213,1468,2048,open,3,146.601,156.737,57.734;66.612;72.015,0.192;0.150;0.347,2731;2877;1893,146.566;146.557;146.719,156.736;156.712;156.777
2-214,1468,2048,open,2,149.547,155.449,67.596;78.561,0.061;0.109,2895;2865,149.538;149.556,155.471;155.427
2-215,1468,2048,open,3,146.601,156.737,57.734;66.612;72.015,0.192;0.150;0.347,2731;2877;1893,146.566;146.557;146.719,156.736;156.712;156.777
2-216,1468,2048,open,3,149.594,155.356,67.596;78.561;88.375,0.061;0.108;1.392,2895;2863;1150,149.538;149.554;149.831,155.471;155.426;154.894
2-22,1468,2048,open,3,146.600,156.803,57.732;66.620;72.020,0.192;0.151;0.350,2776;2915;1925,146.563;146.564;146.710,156.797;156.779;156.848
2-23,1468,2048,open,3,146.600,156.803,57.732;66.620;72.020,0.192;0.151;0.350,2776;2915;1925,146.563;146.564;146.710,156.797;156.779;156.848
2-24,1468,2048,open,2,149.602,155.563,67.598;78.547,0.069;0.123,2901;2881,149.585;149.618,155.548;155.578
2-25,1468,2048,open,2,149.601,155.563,67.598;78.547,0.069;0.123,2901;2881,149.585;149.618,155.548;155.578
2-26,1468,2048,open,3,146.600,156.803,57.732;66.620;72.020,0.192;0.151;0.350,2776;2915;1925,146.563;146.564;146.710,156.797;156.779;156.848
2-27,1468,2048,open,3,146.600,156.803,57.732;66.620;72.020,0.192;0.151;0.350,2776;2915;1925,146.563;146.564;146.710,156.797;156.779;156.848
2-28,1468,2048,open,3,146.600,156.803,57.732;66.620;72.020,0.192;0.151;0.350,2776;2915;1925,146.563;146.564;146.710,156.797;156.779;156.848
2-29,1468,2048,open,2,149.602,155.563,67.598;78.547,0.069;0.123,2901;2881,149.585;149.618,155.548;155.578
2-3-C1,1468,2048,open,3,146.547,156.755,57.353;67.037;71.599,0.148;0.302;0.201,1581;1679;1340,146.548;146.437;146.685,156.744;156.789;156.726
2-3,1468,2048,open,3,146.600,156.803,57.732;66.620;72.020,0.192;0.151;0.350,2776;2915;1925,146.563;146.564;146.710,156.797;156.779;156.848
2-30,1468,2048,open,3,146.600,156.803,57.732;66.620;72.020,0.192;0.151;0.350,2776;2915;1925,146.563;146.564;146.710,156.797;156.779;156.848
2-31-P1,1468,2048,open,3,146.744,156.795,57.115;67.127;71.621,0.379;0.205;0.296,2952;2946;2183,146.543;146.665;147.125,156.796;156.853;156.715
2-31,1468,2048,open,3,146.600,156.803,57.732;66.620;72.020,0.192;0.151;0.350,2776;2915;1925,146.563;146.564;146.710,156.797;156.779;156.848
2-32-P1,1468,2048,open,2,149.614,155.589,67.352;79.154,0.168;0.212,2888;2954,149.666;149.564,155.607;155.571
2-32,1468,2048,open,2,149.602,155.563,67.598;78.547,0.069;0.123,2901;2881,149.585;149.618,155.548;155.578
2-33-P1,1468,2048,open,3,146.744,156.795,57.115;67.127;71.621,0.379;0.205;0.296,2952;2946;2183,146.543;146.665;147.125,156.796;156.853;156.715
2-33,1468,2048,open,2,149.601,155.563,67.598;78.547,0.069;0.123,2901;2881,149.585;149.618,155.548;155.578
2-34,1468,2048,open,2,149.602,155.563,67.598;78.547,0.069;0.123,2901;2881,149.585;149.618,155.548;155.578
2-35,1468,2048,open,2,149.601,155.563,67.598;78.547,0.069;0.123,2901;2882,149.585;149.618,155.548;155.578
2-36,1468,2048,open,3,146.600,156.803,57.732;66.620;72.020,0.192;0.151;0.350,2776;2915;1925,146.563;146.564;146.710,156.797;156.779;156.848
2-37,1468,2048,open,3,146.600,156.803,57.732;66.620;72.020,0.192;0.151;0.350,2776;2915;1925,146.563;146.564;146.710,156.797;156.779;156.848
2-38,1468,2048,open,3,146.600,156.803,57.732;66.620;72.020,0.192;0.151;0.350,2776;2915;1925,146.563;146.564;146.710,156.797;156.779;156.848
2-39,1468,2048,open,3,146.600,156.803,57.732;66.620;72.020,0.192;0.151;0.350,2776;2915;1925,146.563;146.564;146.710,156.797;156.779;156.848
2-4,1468,2048,open,3,146.600,156.803,57.732;66.620;72.020,0.192;0.151;0.350,2776;2915;1925,146.563;146.564;146.710,156.797;156.779;156.848
2-40,1468,2048,open,3,146.600,156.803,57.732;66.620;72.020,0.192;0.151;0.350,2776;2915;1925,146.563;146.564;146.710,156.797;156.779;156.848
2-41,1468,2048,open,3,146.600,156.803,57.732;66.620;72.020,0.192;0.151;0.350,2776;2915;1925,146.563;146.564;146.710,156.797;156.779;156.848
2-42,1468,2048,open,3,146.600,156.803,57.732;66.620;72.020,0.192;0.151;0.350,2776;2915;1925,146.563;146.564;146.710,156.797;156.779;156.848
2-43,1468,2048,open,3,146.600,156.803,57.732;66.620;72.020,0.192;0.151;0.350,2776;2915;1925,146.563;146.564;146.710,156.797;156.779;156.848
2-44,1468,2048,open,3,146.600,156.803,57.732;66.620;72.020,0.192;0.151;0.350,2776;2915;1925,146.563;146.564;146.710,156.797;156.779;156.848
2-45,1468,2048,open,3,146.600,156.803,57.732;66.620;72.020,0.192;0.151;0.350,2776;2915;1925,146.563;146.564;146.710,156.797;156.779;156.848
2-46,1468,2048,open,3,146.600,156.803,57.732;66.620;72.020,0.192;0.151;0.350,2776;2915;1925,146.563;146.564;146.710,156.797;156.779;156.848
2-47,1468,2048,open,3,146.601,156.742,57.737;66.611;72.016,0.195;0.152;0.349,2750;2896;1916,146.566;146.558;146.718,156.743;156.715;156.781
2-48,1468,2048,open,3,146.600,156.803,57.732;66.620;72.020,0.192;0.151;0.350,2776;2915;1925,146.563;146.564;146.710,156.797;156.779;156.848
2-49,1468,2048,open,3,146.600,156.803,57.732;66.620;72.020,0.192;0.151;0.350,2776;2915;1925,146.563;146.564;146.710,156.797;156.779;156.848
2-5,1468,2048,open,3,146.600,156.803,57.732;66.620;72.020,0.192;0.151;0.350,2776;2915;1925,146.563;146.564;146.710,156.797;156.779;156.848
2-50,1468,2048,open,3,146.600,156.803,57.732;66.620;72.020,0.192;0.151;0.350,2776;2915;1925,146.563;146.564;146.710,156.797;156.779;156.848
2-51,1468,2048,open,3,146.600,156.803,57.732;66.620;72.020,0.192;0.151;0.350,2776;2915;1925,146.563;146.564;146.710,156.797;156.779;156.848
2-52,1468,2048,open,2,149.602,155.563,67.598;78.547,0.069;0.123,2901;2881,149.585;149.618,155.548;155.578
2-53,1468,2048,open,3,146.600,156.803,57.732;66.620;72.020,0.192;0.151;0.350,2776;2915;1925,146.563;146.564;146.710,156.797;156.779;156.848
2-54,1468,2048,open,3,146.600,156.803,57.732;66.620;72.020,0.192;0.151;0.350,2776;2915;1925,146.563;146.564;146.710,156.797;156.779;156.848
2-55,1468,2048,open,2,149.601,155.563,67.598;78.547,0.069;0.123,2901;2882,149.585;149.618,155.548;155.578
2-56,1468,2048,open,2,149.601,155.563,67.598;78.547,0.069;0.123,2901;2882,149.585;149.618,155.548;155.578
2-57,1468,2048,open,2,149.601,155.563,67.598;78.547,0.069;0.123,2901;2882,149.585;149.618,155.548;155.578
2-58,1468,2048,open,2,149.602,155.563,67.598;78.547,0.069;0.123,2901;2881,149.585;149.618,155.548;155.578
2-59,1468,2048,open,3,146.600,156.803,57.732;66.620;72.020,0.192;0.151;0.350,2776;2915;1925,146.563;146.564;146.710,156.797;156.779;156.848
2-6,1468,2048,open,3,146.600,156.803,57.732;66.620;72.020,0.192;0.151;0.350,2776;2915;1925,146.563;146.564;146.710,156.797;156.779;156.848
2-60,1468,2048,open,3,146.600,156.803,57.732;66.620;72.020,0.192;0.151;0.350,2776;2915;1925,146.563;146.564;146.710,156.797;156.779;156.848
2-61,1468,2048,open,3,146.600,156.803,57.732;66.620;72.020,0.192;0.151;0.350,2776;2915;1925,146.563;146.564;146.710,156.797;156.779;156.848
2-62,1468,2048,open,2,149.601,155.563,67.598;78.547,0.069;0.123,2901;2882,149.585;149.618,155.548;155.578
2-63,1468,2048,open,3,146.600,156.803,57.732;66.620;72.020,0.192;0.151;0.350,2776;2915;1925,146.563;146.564;146.710,156.797;156.779;156.848
2-64,1468,2048,open,3,146.600,156.803,57.732;66.620;72.020,0.192;0.151;0.350,2776;2915;1925,146.563;146.564;146.710,156.797;156.779;156.848
2-65,1468,2048,open,2,149.601,155.563,67.598;78.547,0.069;0.123,2901;2882,149.585;149.618,155.548;155.578
2-66,1468,2048,open,2,149.601,155.563,67.598;78.547,0.069;0.123,2901;2882,149.585;149.618,155.548;155.578
2-67,1468,2048,open,2,149.601,155.563,67.598;78.547,0.069;0.123,2901;2882,149.585;149.618,155.548;155.578
2-68,1468,2048,open,2,149.601,155.563,67.598;78.547,0.069;0.123,2901;2882,149.585;149.618,155.548;155.578
2-69,1468,2048,open,3,146.600,156.803,57.732;66.620;72.020,0.192;0.151;0.350,2776;2915;1925,146.563;146.564;146.710,156.797;156.779;156.848
2-7,1468,2048,open,3,146.600,156.803,57.732;66.620;72.020,0.192;0.151;0.350,2776;2915;1925,146.563;146.564;146.710,156.797;156.779;156.848
2-70,1468,2048,open,3,146.600,156.803,57.732;66.620;72.020,0.192;0.151;0.350,2776;2915;1925,146.563;146.564;146.710,156.797;156.779;156.848
2-71,1468,2048,open,2,149.601,155.563,67.598;78.547,0.069;0.123,2901;2882,149.585;149.618,155.548;155.578
2-72,1468,2048,open,2,149.601,155.563,67.598;78.547,0.069;0.123,2901;2881,149.585;149.618,155.548;155.578
2-73,1468,2048,open,3,146.600,156.803,57.732;66.620;72.020,0.192;0.151;0.350,2776;2915;1925,146.563;146.564;146.710,156.797;156.779;156.848
2-74,1468,2048,open,3,146.600,156.803,57.732;66.620;72.020,0.192;0.151;0.350,2776;2915;1925,146.563;146.564;146.710,156.797;156.779;156.848
2-75,1468,2048,open,3,146.600,156.803,57.732;66.620;72.020,0.192;0.151;0.350,2776;2915;1925,146.563;146.564;146.710,156.797;156.779;156.848
2-76,1468,2048,open,3,146.600,156.803,57.732;66.620;72.020,0.192;0.151;0.350,2776;2915;1925,146.563;146.564;146.710,156.797;156.779;156.848
2-77,1468,2048,open,3,146.600,156.803,57.732;66.620;72.020,0.192;0.151;0.350,2776;2915;1925,146.563;146.564;146.710,156.797;156.779;156.848
2-78,1468,2048,open,3,146.600,156.803,57.732;66.620;72.020,0.192;0.151;0.350,2776;2915;1925,146.563;146.564;146.710,156.797;156.779;156.848
2-79,1468,2048,open,3,146.600,156.803,57.732;66.620;72.020,0.192;0.151;0.350,2776;2915;1925,146.563;146.564;146.710,156.797;156.779;156.848
2-8,1468,2048,open,3,146.600,156.803,57.732;66.620;72.020,0.192;0.151;0.350,2776;2915;1925,146.563;146.564;146.710,156.797;156.779;156.848
2-80,1468,2048,open,3,146.600,156.803,57.732;66.620;72.020,0.192;0.151;0.350,2776;2915;1925,146.563;146.564;146.710,156.797;156.779;156.848
2-81,1468,2048,open,3,146.600,156.803,57.732;66.620;72.020,0.192;0.151;0.350,2776;2915;1925,146.563;146.564;146.710,156.797;156.779;156.848
2-82,1468,2048,open,2,149.601,155.563,67.598;78.547,0.069;0.123,2901;2882,149.585;149.618,155.548;155.578
2-83,1468,2048,open,3,146.600,156.803,57.732;66.620;72.020,0.192;0.151;0.350,2776;2915;1925,146.563;146.564;146.710,156.797;156.779;156.848
2-84,1468,2048,open,3,146.600,156.803,57.732;66.620;72.020,0.192;0.151;0.350,2776;2915;1925,146.563;146.564;146.710,156.797;156.779;156.848
2-85,1468,2048,open,2,149.602,155.563,67.598;78.547,0.069;0.123,2901;2881,149.585;149.618,155.548;155.578
2-86,1468,2048,open,3,146.600,156.803,57.732;66.620;72.020,0.192;0.151;0.350,2776;2915;1925,146.563;146.564;146.710,156.797;156.779;156.848
2-87,1468,2048,open,2,149.601,155.563,67.598;78.547,0.069;0.123,2901;2881,149.585;149.618,155.548;155.578
2-88,1468,2048,open,3,146.600,156.803,57.732;66.620;72.020,0.192;0.151;0.350,2776;2915;1925,146.563;146.564;146.710,156.797;156.779;156.848
2-89,1468,2048,open,2,149.601,155.563,67.598;78.547,0.069;0.123,2901;2881,149.585;149.618,155.548;155.578
2-9,1468,2048,open,3,146.600,156.803,57.732;66.620;72.020,0.192;0.151;0.350,2776;2915;1925,146.563;146.564;146.710,156.797;156.779;156.848
2-90,1468,2048,open,2,149.601,155.563,67.598;78.547,0.069;0.123,2901;2881,149.585;149.618,155.548;155.578
2-91,1468,2048,open,3,146.600,156.803,57.732;66.620;72.020,0.192;0.151;0.350,2776;2915;1925,146.563;146.564;146.710,156.797;156.779;156.848
2-92,1468,2048,open,3,146.600,156.803,57.732;66.620;72.020,0.192;0.151;0.350,2776;2915;1925,146.563;146.564;146.710,156.797;156.779;156.848
2-93,1468,2048,open,2,149.601,155.563,67.598;78.547,0.069;0.123,2901;2881,149.585;149.618,155.548;155.578
2-94,1468,2048,open,3,146.600,156.803,57.732;66.620;72.020,0.192;0.151;0.350,2776;2915;1925,146.563;146.564;146.710,156.797;156.779;156.848
2-95,1468,2048,open,3,146.600,156.803,57.732;66.620;72.020,0.192;0.151;0.350,2776;2915;1925,146.563;146.564;146.710,156.797;156.779;156.848
2-96,1468,2048,open,2,149.601,155.563,67.598;78.547,0.069;0.123,2901;2882,149.585;149.618,155.548;155.578
2-97,1468,2048,open,2,149.602,155.563,67.598;78.547,0.069;0.123,2901;2881,149.585;149.618,155.548;155.578
2-98,1468,2048,open,3,146.600,156.803,57.732;66.620;72.020,0.192;0.151;0.350,2776;2915;1925,146.563;146.564;146.710,156.797;156.779;156.848
2-99,1468,2048,open,3,146.600,156.803,57.732;66.620;72.020,0.192;0.151;0.350,2776;2915;1925,146.563;146.564;146.710,156.797;156.779;156.848
3-1,1468,2048,open,2,149.598,155.567,67.610;78.520,0.074;0.121,2908;2913,149.581;149.615,155.553;155.581
3-10,1468,2048,open,3,146.675,156.734,57.764;66.578;72.222,0.202;0.149;0.225,2757;2938;1968,146.555;146.538;147.045,156.747;156.716;156.743
3-100,1468,2048,open,3,146.603,156.799,57.763;66.588;72.056,0.202;0.139;0.371,2772;2957;1967,146.556;146.565;146.728,156.792;156.771;156.852
3-101,1468,2048,open,3,146.603,156.799,57.763;66.588;72.056,0.202;0.139;0.371,2772;2957;1967,146.556;146.565;146.728,156.792;156.771;156.852
3-102,1468,2048,open,3,146.603,156.799,57.763;66.588;72.056,0.202;0.139;0.371,2772;2957;1967,146.556;146.565;146.728,156.792;156.771;156.852
3-103,1468,2048,open,3,146.675,156.734,57.764;66.578;72.222,0.202;0.149;0.225,2757;2938;1968,146.555;146.538;147.045,156.747;156.716;156.743
3-104,1468,2048,open,3,146.675,156.734,57.764;66.578;72.222,0.202;0.149;0.225,2757;2938;1968,146.555;146.538;147.045,156.747;156.716;156.743
3-105,1468,2048,open,3,146.675,156.734,57.764;66.578;72.222,0.202;0.149;0.225,2757;2938;1968,146.555;146.538;147.045,156.747;156.716;156.743
3-106,1468,2048,open,2,149.598,155.567,67.610;78.520,0.074;0.121,2908;2913,149.581;149.615,155.553;155.581
3-107,1468,2048,open,3,146.675,156.734,57.764;66.578;72.222,0.202;0.149;0.225,2757;2938;1968,146.555;146.538;147.045,156.747;156.716;156.743
3-108,1468,2048,open,2,149.600,155.561,67.595;78.547,0.067;0.122,2904;2883,149.583;149.616,155.544;155.578
3-109,1468,2048,open,3,146.675,156.734,57.764;66.578;72.222,0.202;0.149;0.225,2757;2938;1968,146.555;146.538;147.045,156.747;156.716;156.743
3-11,1468,2048,open,3,146.675,156.734,57.764;66.578;72.222,0.202;0.149;0.225,2757;2938;1968,146.555;146.538;147.045,156.747;156.716;156.743
3-110,1468,2048,open,3,146.675,156.734,57.764;66.578;72.222,0.202;0.149;0.225,2757;2938;1968,146.555;146.538;147.045,156.747;156.716;156.743
3-111,1468,2048,open,2,149.598,155.567,67.610;78.520,0.074;0.121,2908;2913,149.581;149.615,155.553;155.581
3-112,1468,2048,open,2,149.598,155.567,67.610;78.520,0.074;0.121,2908;2913,149.581;149.615,155.553;155.581
3-113,1468,2048,open,2,149.598,155.567,67.610;78.520,0.074;0.121,2908;2913,149.581;149.615,155.553;155.581
3-114,1468,2048,open,3,146.675,156.734,57.764;66.578;72.222,0.202;0.149;0.225,2757;2938;1968,146.555;146.538;147.045,156.747;156.716;156.743
3-115,1468,2048,open,3,146.675,156.734,57.764;66.578;72.222,0.202;0.149;0.225,2757;2938;1968,146.555;146.538;147.045,156.747;156.716;156.743
3-116,1468,2048,open,3,146.675,156.734,57.764;66.578;72.222,0.202;0.149;0.225,2757;2938;1968,146.555;146.538;147.045,156.747;156.716;156.743
3-117,1468,2048,open,3,146.675,156.734,57.764;66.578;72.222,0.202;0.149;0.225,2757;2938;1968,146.555;146.538;147.045,156.747;156.716;156.743
3-118,1468,2048,open,3,146.675,156.734,57.764;66.578;72.222,0.202;0.149;0.225,2757;2938;1968,146.555;146.538;147.045,156.747;156.716;156.743
3-119,1468,2048,open,3,146.675,156.734,57.764;66.578;72.222,0.202;0.149;0.225,2757;2938;1968,146.555;146.538;147.045,156.747;156.716;156.743
3-12,1468,2048,open,3,146.675,156.734,57.764;66.578;72.222,0.202;0.149;0.225,2757;2938;1968,146.555;146.538;147.045,156.747;156.716;156.743
3-120,1468,2048,open,3,146.675,156.734,57.764;66.578;72.222,0.202;0.149;0.225,2757;2938;1968,146.555;146.538;147.045,156.747;156.716;156.743
3-121,1468,2048,open,2,149.598,155.567,67.610;78.520,0.074;0.121,2908;2913,149.581;149.615,155.553;155.581
3-122,1468,2048,open,3,146.675,156.734,57.764;66.578;72.222,0.202;0.149;0.225,2757;2938;1968,146.555;146.538;147.045,156.747;156.716;156.743
3-123,1468,2048,open,2,149.598,155.567,67.610;78.520,0.074;0.121,2908;2913,149.581;149.615,155.553;155.581
3-124,1468,2048,open,3,146.675,156.734,57.764;66.578;72.222,0.202;0.149;0.225,2757;2938;1968,146.555;146.538;147.045,156.747;156.716;156.743
3-125,1468,2048,open,2,149.598,155.567,67.610;78.520,0.074;0.121,2908;2913,149.581;149.615,155.553;155.581
3-126,1468,2048,open,3,146.675,156.734,57.764;66.578;72.222,0.202;0.149;0.225,2757;2938;1968,146.555;146.538;147.045,156.747;156.716;156.743
3-127,1468,2048,open,3,146.675,156.734,57.764;66.578;72.222,0.202;0.149;0.225,2757;2938;1968,146.555;146.538;147.045,156.747;156.716;156.743
3-128,1468,2048,open,3,146.675,156.734,57.764;66.578;72.222,0.202;0.149;0.225,2757;2938;1968,146.555;146.538;147.045,156.747;156.716;156.743
3-129,1468,2048,open,3,146.675,156.734,57.764;66.578;72.222,0.202;0.149;0.225,2757;2938;1968,146.555;146.538;147.045,156.747;156.716;156.743
3-13,1468,2048,open,3,146.675,156.734,57.764;66.578;72.222,0.202;0.149;0.225,2757;2938;1968,146.555;146.538;147.045,156.747;156.716;156.743
3-130,1468,2048,open,2,149.598,155.567,67.610;78.520,0.074;0.121,2908;2913,149.581;149.615,155.553;155.581
3-131,1468,2048,open,3,146.675,156.734,57.764;66.578;72.222,0.202;0.149;0.225,2757;2938;1968,146.555;146.538;147.045,156.747;156.716;156.743
3-132,1468,2048,open,3,146.685,156.780,57.763;66.586;72.207,0.201;0.139;0.187,2776;2955;1965,146.555;146.567;147.044,156.786;156.767;156.790
3-133,1468,2048,open,3,146.685,156.780,57.763;66.586;72.207,0.201;0.139;0.187,2776;2955;1965,146.555;146.567;147.044,156.786;156.767;156.790
3-134,1468,2048,open,3,146.603,156.799,57.763;66.588;72.056,0.202;0.139;0.371,2772;2957;1967,146.556;146.565;146.728,156.792;156.771;156.852
3-135,1468,2048,open,2,149.598,155.570,67.611;78.521,0.075;0.121,2906;2911,149.581;149.615,155.555;155.584
3-136,1468,2048,open,2,149.598,155.570,67.611;78.521,0.075;0.121,2906;2911,149.581;149.615,155.555;155.584
3-137,1468,2048,open,3,146.675,156.734,57.764;66.578;72.222,0.202;0.149;0.225,2757;2938;1968,146.555;146.538;147.045,156.747;156.716;156.743
3-138,1468,2048,open,3,146.675,156.734,57.764;66.578;72.222,0.202;0.149;0.225,2757;2938;1968,146.555;146.538;147.045,156.747;156.716;156.743
3-139,1468,2048,open,3,146.675,156.734,57.764;66.578;72.222,0.202;0.149;0.225,2757;2938;1968,146.555;146.538;147.045,156.747;156.716;156.743
3-14,1468,2048,open,3,146.675,156.734,57.764;66.578;72.222,0.202;0.149;0.225,2757;2938;1968,146.555;146.538;147.045,156.747;156.716;156.743
3-140,1468,2048,open,3,146.675,156.734,57.764;66.578;72.222,0.202;0.149;0.225,2757;2938;1968,146.555;146.538;147.045,156.747;156.716;156.743
3-141,1468,2048,open,3,146.675,156.734,57.764;66.578;72.222,0.202;0.149;0.225,2757;2938;1968,146.555;146.538;147.045,156.747;156.716;156.743
3-142,1468,2048,open,3,146.675,156.734,57.764;66.578;72.222,0.202;0.149;0.225,2757;2938;1968,146.555;146.538;147.045,156.747;156.716;156.743
3-143,1468,2048,open,3,146.675,156.734,57.764;66.578;72.222,0.202;0.149;0.225,2757;2938;1968,146.555;146.538;147.045,156.747;156.716;156.743
3-144,1468,2048,open,3,146.675,156.734,57.764;66.578;72.222,0.202;0.149;0.225,2757;2938;1968,146.555;146.538;147.045,156.747;156.716;156.743
3-145,1468,2048,open,3,146.666,156.733,57.736;66.601;72.161,0.193;0.160;0.169,2759;2915;1916,146.562;146.533;147.018,156.746;156.721;156.730
3-146,1468,2048,open,3,146.675,156.734,57.764;66.578;72.222,0.202;0.149;0.225,2757;2938;1968,146.555;146.538;147.045,156.747;156.716;156.743
3-147,1468,2048,open,3,146.675,156.734,57.764;66.578;72.222,0.202;0.149;0.225,2757;2938;1968,146.555;146.538;147.045,156.747;156.716;156.743
3-148,1468,2048,open,3,146.675,156.734,57.764;66.578;72.222,0.202;0.149;0.225,2757;2938;1968,146.555;146.538;147.045,156.747;156.716;156.743
3-149,1468,2048,open,3,146.675,156.734,57.764;66.578;72.222,0.202;0.149;0.225,2757;2938;1968,146.555;146.538;147.045,156.747;156.716;156.743
3-15,1468,2048,open,2,149.598,155.567,67.610;78.520,0.074;0.121,2908;2913,149.581;149.615,155.553;155.581
3-150,1468,2048,open,3,146.675,156.734,57.764;66.578;72.222,0.202;0.149;0.225,2757;2938;1968,146.555;146.538;147.045,156.747;156.716;156.743
3-151,1468,2048,open,2,149.599,155.567,67.610;78.522,0.074;0.122,2908;2910,149.582;149.616,155.553;155.581
3-152,1468,2048,open,3,146.675,156.734,57.764;66.578;72.222,0.202;0.149;0.225,2757;2938;1968,146.555;146.538;147.045,156.747;156.716;156.743
3-153,1468,2048,open,3,146.675,156.734,57.764;66.578;72.222,0.202;0.149;0.225,2757;2938;1968,146.555;146.538;147.045,156.747;156.716;156.743
3-154,1468,2048,open,2,149.598,155.567,67.610;78.520,0.074;0.121,2908;2913,149.581;149.615,155.553;155.582
3-155,1468,2048,open,3,146.675,156.734,57.764;66.578;72.222,0.202;0.149;0.225,2757;2938;1968,146.555;146.538;147.045,156.747;156.716;156.743
3-156,1468,2048,open,3,146.675,156.734,57.764;66.578;72.222,0.202;0.149;0.225,2757;2938;1968,146.555;146.538;147.045,156.747;156.716;156.743
3-157,1468,2048,open,3,146.675,156.734,57.764;66.578;72.222,0.202;0.149;0.225,2757;2938;1968,146.555;146.538;147.045,156.747;156.716;156.743
3-158,1468,2048,open,3,146.675,156.734,57.764;66.578;72.222,0.202;0.149;0.225,2757;2938;1968,146.555;146.538;147.045,156.747;156.716;156.743
3-159,1468,2048,open,3,146.675,156.734,57.764;66.578;72.222,0.202;0.149;0.225,2757;2938;1968,146.555;146.538;147.045,156.747;156.716;156.743
3-16,1468,2048,open,3,146.675,156.734,57.764;66.578;72.222,0.202;0.149;0.225,2757;2938;1968,146.555;146.538;147.045,156.747;156.716;156.743
3-160,1468,2048,open,3,146.675,156.734,57.764;66.578;72.222,0.202;0.149;0.225,2757;2938;1968,146.555;146.538;147.045,156.747;156.716;156.743
3-161,1468,2048,open,2,149.598,155.567,67.610;78.520,0.074;0.121,2908;2913,149.581;149.615,155.553;155.582
3-162,1468,2048,open,3,146.675,156.734,57.764;66.578;72.222,0.202;0.149;0.225,2757;2938;1968,146.555;146.538;147.045,156.747;156.716;156.743
3-163,1468,2048,open,3,146.685,156.780,57.763;66.586;72.207,0.201;0.139;0.187,2776;2955;1965,146.555;146.567;147.044,156.786;156.767;156.790
3-164,1468,2048,open,3,146.685,156.780,57.763;66.586;72.207,0.201;0.139;0.187,2776;2955;1965,146.555;146.567;147.044,156.786;156.767;156.790
3-165,1468,2048,open,2,149.599,155.569,67.611;78.521,0.076;0.122,2907;2910,149.582;149.616,155.555;155.582
3-166,1468,2048,open,2,149.599,155.569,67.611;78.521,0.076;0.122,2907;2910,149.582;149.616,155.555;155.583
3-167,1468,2048,open,3,146.685,156.780,57.763;66.586;72.207,0.201;0.139;0.187,2776;2955;1965,146.555;146.567;147.044,156.786;156.767;156.790
3-168,1468,2048,open,3,146.603,156.799,57.763;66.588;72.056,0.202;0.139;0.371,2772;2957;1967,146.556;146.565;146.728,156.792;156.771;156.852
3-169,1468,2048,open,3,146.603,156.799,57.763;66.588;72.056,0.202;0.139;0.371,2772;2957;1967,146.556;146.565;146.728,156.792;156.771;156.852
3-17,1468,2048,open,3,146.675,156.734,57.764;66.578;72.222,0.202;0.149;0.225,2757;2938;1968,146.555;146.538;147.045,156.747;156.716;156.743
3-170,1468,2048,open,3,146.603,156.799,57.763;66.588;72.056,0.202;0.139;0.371,2772;2957;1967,146.556;146.565;146.728,156.792;156.771;156.852
3-171,1468,2048,open,3,146.675,156.734,57.764;66.578;72.222,0.202;0.149;0.225,2757;2938;1968,146.555;146.538;147.045,156.747;156.716;156.743
3-172,1468,2048,open,3,146.675,156.734,57.764;66.578;72.222,0.202;0.149;0.225,2757;2938;1968,146.555;146.538;147.045,156.747;156.716;156.743
3-173,1468,2048,open,3,146.675,156.734,57.764;66.578;72.222,0.202;0.149;0.225,2757;2938;1968,146.555;146.538;147.045,156.747;156.716;156.743
3-174,1468,2048,open,3,146.675,156.734,57.764;66.578;72.222,0.202;0.149;0.225,2757;2938;1968,146.555;146.538;147.045,156.747;156.716;156.743
3-175,1468,2048,open,3,146.675,156.734,57.764;66.578;72.222,0.202;0.149;0.225,2757;2938;1968,146.555;146.538;147.045,156.747;156.716;156.743
3-176,1468,2048,open,3,146.675,156.734,57.764;66.578;72.222,0.202;0.149;0.225,2757;2938;1968,146.555;146.538;147.045,156.747;156.716;156.743
3-177,1468,2048,open,3,146.675,156.734,57.764;66.578;72.222,0.202;0.149;0.225,2757;2938;1968,146.555;146.538;147.045,156.747;156.716;156.743
3-178,1468,2048,open,3,146.675,156.734,57.764;66.578;72.222,0.202;0.149;0.225,2757;2938;1968,146.555;146.538;147.045,156.747;156.716;156.743
3-179,1468,2048,open,3,146.675,156.734,57.764;66.578;72.222,0.202;0.149;0.225,2757;2938;1968,146.555;146.538;147.045,156.747;156.716;156.743
3-18,1468,2048,open,2,149.598,155.567,67.610;78.520,0.074;0.121,2908;2913,149.581;149.615,155.553;155.581
3-180,1468,2048,open,3,146.675,156.734,57.764;66.578;72.222,0.202;0.149;0.225,2757;2938;1968,146.555;146.538;147.045,156.747;156.716;156.743
3-181,1468,2048,open,3,146.675,156.734,57.764;66.578;72.222,0.202;0.149;0.225,2757;2938;1968,146.555;146.538;147.045,156.747;156.716;156.743
3-182,1468,2048,open,2,149.598,155.567,67.610;78.520,0.074;0.121,2908;2913,149.581;149.615,155.553;155.582
3-183,1468,2048,open,3,146.675,156.734,57.764;66.578;72.222,0.202;0.149;0.225,2757;2938;1968,146.555;146.538;147.045,156.747;156.716;156.743
3-184,1468,2048,open,3,146.675,156.734,57.764;66.578;72.222,0.202;0.149;0.225,2757;2938;1968,146.555;146.538;147.045,156.747;156.716;156.743
3-185,1468,2048,open,3,146.675,156.734,57.764;66.578;72.222,0.202;0.149;0.225,2757;2938;1968,146.555;146.538;147.045,156.747;156.716;156.743
3-186,1468,2048,open,3,146.675,156.734,57.764;66.578;72.222,0.202;0.149;0.225,2757;2938;1968,146.555;146.538;147.045,156.747;156.716;156.743
3-187,1468,2048,open,3,146.675,156.734,57.764;66.578;72.222,0.202;0.149;0.225,2757;2938;1968,146.555;146.538;147.045,156.747;156.716;156.743
3-188,1468,2048,open,3,146.675,156.734,57.764;66.578;72.222,0.202;0.149;0.225,2757;2938;1968,146.555;146.538;147.045,156.747;156.716;156.743
3-189,1468,2048,open,3,146.675,156.734,57.764;66.578;72.222,0.202;0.149;0.225,2757;2938;1968,146.555;146.538;147.045,156.747;156.716;156.743
3-19,1468,2048,open,3,146.675,156.734,57.764;66.578;72.222,0.202;0.149;0.225,2757;2938;1968,146.555;146.538;147.045,156.747;156.716;156.743
3-190,1468,2048,open,3,146.675,156.734,57.764;66.578;72.222,0.202;0.149;0.225,2757;2938;1968,146.555;146.538;147.045,156.747;156.716;156.743
3-191,1468,2048,open,2,149.598,155.567,67.610;78.520,0.074;0.121,2908;2913,149.581;149.615,155.553;155.581
3-192,1468,2048,open,3,146.675,156.734,57.764;66.578;72.222,0.202;0.149;0.225,2757;2938;1968,146.555;146.538;147.045,156.747;156.716;156.743
3-193,1468,2048,open,3,146.675,156.734,57.764;66.578;72.222,0.202;0.149;0.225,2757;2938;1968,146.555;146.538;147.045,156.747;156.716;156.743
3-194,1468,2048,open,3,146.675,156.734,57.764;66.578;72.222,0.202;0.149;0.225,2757;2938;1968,146.555;146.538;147.045,156.747;156.716;156.743
3-195,1468,2048,open,2,149.598,155.567,67.610;78.520,0.074;0.121,2908;2913,149.581;149.615,155.553;155.581
3-196,1468,2048,open,3,146.675,156.734,57.764;66.578;72.222,0.202;0.149;0.225,2757;2938;1968,146.555;146.538;147.045,156.747;156.716;156.743
3-197,1468,2048,open,3,146.675,156.734,57.764;66.578;72.222,0.202;0.149;0.225,2757;2938;1968,146.555;146.538;147.045,156.747;156.716;156.743
3-198,1468,2048,open,3,146.675,156.734,57.764;66.578;72.222,0.202;0.149;0.225,2757;2938;1968,146.555;146.538;147.045,156.747;156.716;156.743
3-199,1468,2048,open,2,149.599,155.569,67.611;78.521,0.076;0.122,2907;2910,149.582;149.616,155.555;155.582
3-2,1468,2048,open,3,146.675,156.734,57.764;66.578;72.222,0.202;0.149;0.225,2757;2938;1968,146.555;146.538;147.045,156.747;156.716;156.743
3-20,1468,2048,open,3,146.675,156.734,57.764;66.578;72.222,0.202;0.149;0.225,2757;2938;1968,146.555;146.538;147.045,156.747;156.716;156.743
3-200,1468,2048,open,3,146.685,156.780,57.763;66.586;72.207,0.201;0.139;0.187,2776;2955;1965,146.555;146.567;147.044,156.786;156.767;156.790
3-201,1468,2048,open,3,146.685,156.780,57.763;66.586;72.207,0.201;0.139;0.187,2776;2955;1965,146.555;146.567;147.044,156.786;156.767;156.790
3-202,1468,2048,open,3,146.603,156.799,57.763;66.588;72.056,0.202;0.139;0.371,2772;2957;1967,146.556;146.565;146.728,156.792;156.771;156.852
3-203,1468,2048,open,3,146.603,156.799,57.763;66.588;72.056,0.202;0.139;0.371,2772;2957;1967,146.556;146.565;146.728,156.792;156.771;156.852
3-204,1468,2048,open,3,146.603,156.799,57.763;66.588;72.056,0.202;0.139;0.371,2772;2957;1967,146.556;146.565;146.728,156.792;156.771;156.852
3-205,1468,2048,open,2,149.546,155.449,67.625;78.514,0.063;0.109,2788;2807,149.538;149.555,155.460;155.438
3-206,1468,2048,open,3,146.699,156.719,57.795;66.549;72.259,0.210;0.131;0.205,2578;2798;1885,146.560;146.568;147.084,156.726;156.712;156.721
3-207,1468,2048,open,2,149.545,155.450,67.608;78.531,0.061;0.109,2921;2919,149.535;149.556,155.472;155.428
3-208,1468,2048,open,3,146.706,156.717,57.796;66.544;72.262,0.207;0.137;0.206,2007;2204;1467,146.561;146.574;147.102,156.731;156.703;156.720
3-209,1468,2048,open,3,146.695,156.723,57.785;66.562;72.236,0.206;0.139;0.193,2620;2844;1900,146.563;146.564;147.073,156.733;156.713;156.727
3-21,1468,2048,open,3,146.675,156.734,57.764;66.578;72.222,0.202;0.149;0.225,2757;2938;1968,146.555;146.538;147.045,156.747;156.716;156.743
3-210,1468,2048,open,3,146.688,156.718,57.763;66.581;72.189,0.201;0.144;0.166,2751;2937;1960,146.563;146.562;147.051,156.736;156.702;156.716
3-211,1468,2048,open,3,146.707,156.714,57.797;66.547;72.258,0.209;0.138;0.195,1925;2106;1406,146.561;146.571;147.112,156.727;156.704;156.711
3-212,1468,2048,open,3,146.682,156.721,57.758;66.584;72.186,0.199;0.149;0.171,2286;2453;1626,146.564;146.558;147.036,156.729;156.708;156.730
3-213,1468,2048,open,3,146.688,156.718,57.763;66.581;72.189,0.201;0.144;0.166,2751;2937;1960,146.563;146.562;147.051,156.736;156.702;156.716
3-214,1468,2048,open,3,146.702,156.720,57.808;66.546;72.285,0.213;0.136;0.243,2211;2461;1665,146.560;146.570;147.084,156.733;156.706;156.722
3-215,1468,2048,open,3,146.562,156.739,57.268;67.073;71.565,0.285;0.260;0.332,2644;2602;1886,146.446;146.443;146.888,156.725;156.787;156.693
3-216,1468,2048,open,2,149.546,155.450,67.608;78.532,0.061;0.110,2921;2921,149.535;149.557,155.472;155.429
3-217,1468,2048,open,3,146.688,156.718,57.763;66.581;72.189,0.201;0.144;0.166,2751;2937;1960,146.563;146.562;147.051,156.736;156.702;156.716
3-218,1468,2048,open,2,149.668,155.448,67.752;78.497,0.205;0.118,2391;2442,149.789;149.549,155.465;155.431
3-219,1468,2048,open,3,146.688,156.718,57.763;66.581;72.189,0.201;0.144;0.166,2751;2937;1960,146.563;146.562;147.051,156.736;156.702;156.716
3-22,1468,2048,open,2,149.598,155.567,67.610;78.520,0.074;0.121,2908;2913,149.581;149.615,155.553;155.581
3-220,1468,2048,open,2,149.653,155.449,67.734;78.499,0.208;0.121,2334;2346,149.753;149.553,155.468;155.431
3-221,1468,2048,open,3,146.702,156.719,57.800;66.546;72.268,0.210;0.130;0.214,2387;2642;1780,146.561;146.568;147.090,156.729;156.706;156.724
3-222,1468,2048,open,2,149.552,155.446,67.635;78.507,0.065;0.107,2671;2711,149.554;149.550,155.460;155.431
3-223,1468,2048,open,3,146.476,156.910,57.788;66.616;72.094,0.221;0.153;0.420,2790;2969;2038,146.435;146.426;146.605,156.907;156.901;156.927
3-23,1468,2048,open,3,146.675,156.734,57.764;66.578;72.222,0.202;0.149;0.225,2757;2938;1968,146.555;146.538;147.045,156.747;156.716;156.743
3-24,1468,2048,open,2,149.598,155.567,67.610;78.520,0.074;0.121,2908;2913,149.581;149.615,155.553;155.581
3-25,1468,2048,open,3,146.675,156.734,57.764;66.578;72.222,0.202;0.149;0.225,2757;2938;1968,146.555;146.538;147.045,156.747;156.716;156.743
3-26-P1,1468,2048,open,3,146.744,156.795,57.115;67.127;71.621,0.379;0.205;0.296,2952;2946;2183,146.543;146.665;147.125,156.796;156.853;156.715
3-26,1468,2048,open,3,146.675,156.734,57.764;66.578;72.222,0.202;0.149;0.225,2757;2938;1968,146.555;146.538;147.045,156.747;156.716;156.743
3-27-P1,1468,2048,open,2,149.614,155.589,67.352;79.154,0.168;0.212,2888;2954,149.666;149.564,155.607;155.571
3-27,1468,2048,open,3,146.675,156.734,57.764;66.578;72.222,0.202;0.149;0.225,2757;2938;1968,146.555;146.538;147.045,156.747;156.716;156.743
3-28-P1,1468,2048,open,2,149.614,155.589,67.352;79.154,0.168;0.212,2888;2954,149.666;149.564,155.607;155.571
3-28,1468,2048,open,3,146.675,156.734,57.764;66.578;72.222,0.202;0.149;0.225,2757;2938;1968,146.555;146.538;147.045,156.747;156.716;156.743
3-29-P1,1468,2048,open,3,146.744,156.795,57.115;67.127;71.621,0.379;0.205;0.296,2952;2946;2183,146.543;146.665;147.125,156.796;156.853;156.715
3-29,1468,2048,open,3,146.685,156.780,57.763;66.586;72.207,0.201;0.139;0.187,2776;2955;1965,146.555;146.567;147.044,156.786;156.767;156.790
3-3-D23,1468,2048,open,3,146.587,156.752,57.189;67.075;71.606,0.291;0.274;0.210,2570;2660;2051,146.716;146.366;146.712,156.743;156.788;156.717
3-3,1468,2048,open,2,149.598,155.567,67.610;78.520,0.074;0.121,2908;2913,149.581;149.615,155.553;155.581
3-30-P1,1468,2048,open,3,146.689,156.691,57.793;66.544;72.260,0.208;0.150;0.221,1812;1996;1346,146.557;146.548;147.076,156.709;156.675;156.689
3-30,1468,2048,open,2,149.599,155.569,67.611;78.521,0.076;0.122,2907;2910,149.582;149.616,155.555;155.583
3-31,1468,2048,open,3,146.685,156.780,57.763;66.586;72.207,0.201;0.139;0.187,2776;2955;1965,146.555;146.567;147.044,156.786;156.767;156.790
3-32,1468,2048,open,3,146.603,156.799,57.763;66.588;72.056,0.202;0.139;0.371,2772;2957;1967,146.556;146.565;146.728,156.792;156.771;156.852
3-33,1468,2048,open,2,149.598,155.570,67.611;78.521,0.075;0.121,2906;2911,149.581;149.615,155.555;155.584
3-34,1468,2048,open,2,149.598,155.570,67.611;78.521,0.075;0.121,2906;2911,149.581;149.615,155.555;155.584
3-35,1468,2048,open,3,146.675,156.734,57.764;66.578;72.222,0.202;0.149;0.225,2757;2938;1968,146.555;146.538;147.045,156.747;156.716;156.743
3-36,1468,2048,open,3,146.675,156.734,57.764;66.578;72.222,0.202;0.149;0.225,2757;2938;1968,146.555;146.538;147.045,156.747;156.716;156.743
3-37,1468,2048,open,3,146.675,156.734,57.764;66.578;72.222,0.202;0.149;0.225,2757;2938;1968,146.555;146.538;147.045,156.747;156.716;156.743
3-38,1468,2048,open,2,149.598,155.567,67.610;78.520,0.074;0.121,2908;2913,149.581;149.615,155.553;155.581
3-39-P1,1468,2048,open,3,146.678,156.731,57.776;66.570;72.228,0.208;0.154;0.216,2718;2912;1955,146.552;146.542;147.055,156.745;156.707;156.746
3-39,1468,2048,open,3,146.675,156.734,57.764;66.578;72.222,0.202;0.149;0.225,2757;2938;1968,146.555;146.538;147.045,156.747;156.716;156.743
3-4-a,1468,2048,open,3,146.675,156.734,57.764;66.578;72.222,0.202;0.149;0.225,2757;2938;1968,146.555;146.538;147.045,156.747;156.716;156.743
3-4-b,1468,2048,open,3,146.675,156.734,57.764;66.578;72.222,0.202;0.149;0.225,2757;2938;1968,146.555;146.538;147.045,156.747;156.716;156.743
3-4-c,1468,2048,open,3,146.675,156.734,57.764;66.578;72.222,0.202;0.149;0.225,2757;2938;1968,146.555;146.538;147.045,156.747;156.716;156.743
3-4-d,1468,2048,open,3,146.675,156.734,57.764;66.578;72.222,0.202;0.149;0.225,2757;2938;1968,146.555;146.538;147.045,156.747;156.716;156.743
3-4-e,1468,2048,open,3,146.675,156.734,57.764;66.578;72.222,0.202;0.149;0.225,2757;2938;1968,146.555;146.538;147.045,156.747;156.716;156.743
3-40,1468,2048,open,3,146.675,156.734,57.764;66.578;72.222,0.202;0.149;0.225,2757;2938;1968,146.555;146.538;147.045,156.747;156.716;156.743
3-41,1468,2048,open,3,146.675,156.734,57.764;66.578;72.222,0.202;0.149;0.225,2757;2938;1968,146.555;146.538;147.045,156.747;156.716;156.743
3-42,1468,2048,open,3,146.675,156.734,57.764;66.578;72.222,0.202;0.149;0.225,2757;2938;1968,146.555;146.538;147.045,156.747;156.716;156.743
3-43,1468,2048,open,3,146.675,156.734,57.764;66.578;72.222,0.202;0.149;0.225,2757;2938;1968,146.555;146.538;147.045,156.747;156.716;156.743
3-44,1468,2048,open,2,149.598,155.567,67.610;78.520,0.074;0.121,2908;2913,149.581;149.615,155.553;155.582
3-45,1468,2048,open,2,149.598,155.567,67.610;78.520,0.074;0.121,2908;2913,149.581;149.615,155.553;155.581
3-46,1468,2048,open,3,146.675,156.734,57.764;66.578;72.222,0.202;0.149;0.225,2757;2938;1968,146.555;146.538;147.045,156.747;156.716;156.743
3-47,1468,2048,open,3,146.675,156.734,57.764;66.578;72.222,0.202;0.149;0.225,2757;2938;1968,146.555;146.538;147.045,156.747;156.716;156.743
3-48,1468,2048,open,3,146.675,156.734,57.764;66.578;72.222,0.202;0.149;0.225,2757;2938;1968,146.555;146.538;147.045,156.747;156.716;156.743
3-49,1468,2048,open,2,149.598,155.567,67.610;78.520,0.074;0.121,2908;2913,149.581;149.615,155.553;155.581
3-5,1468,2048,open,3,146.675,156.734,57.764;66.578;72.222,0.202;0.149;0.225,2757;2938;1968,146.555;146.538;147.045,156.747;156.716;156.743
3-50,1468,2048,open,3,146.675,156.734,57.764;66.578;72.222,0.202;0.149;0.225,2757;2938;1968,146.555;146.538;147.045,156.747;156.716;156.743
3-51,1468,2048,open,3,146.675,156.734,57.764;66.578;72.222,0.202;0.149;0.225,2757;2938;1968,146.555;146.538;147.045,156.747;156.716;156.743
3-52,1468,2048,open,2,149.598,155.567,67.610;78.520,0.074;0.121,2908;2913,149.581;149.615,155.553;155.581
3-53,1468,2048,open,3,146.675,156.734,57.764;66.578;72.222,0.202;0.149;0.225,2757;2938;1968,146.555;146.538;147.045,156.747;156.716;156.743
3-54,1468,2048,open,3,146.675,156.734,57.764;66.578;72.222,0.202;0.149;0.225,2757;2938;1968,146.555;146.538;147.045,156.747;156.716;156.743
3-55,1468,2048,open,3,146.675,156.734,57.764;66.578;72.222,0.202;0.149;0.225,2757;2938;1968,146.555;146.538;147.045,156.747;156.716;156.743
3-56,1468,2048,open,3,146.675,156.734,57.764;66.578;72.222,0.202;0.149;0.225,2757;2938;1968,146.555;146.538;147.045,156.747;156.716;156.743
3-57,1468,2048,open,3,146.675,156.734,57.764;66.578;72.222,0.202;0.149;0.225,2757;2938;1968,146.555;146.538;147.045,156.747;156.716;156.743
3-58,1468,2048,open,2,149.598,155.567,67.610;78.520,0.074;0.121,2908;2913,149.581;149.615,155.553;155.581
3-59,1468,2048,open,2,149.598,155.567,67.610;78.520,0.074;0.121,2908;2913,149.581;149.615,155.553;155.581
3-6,1468,2048,open,3,146.675,156.734,57.764;66.578;72.222,0.202;0.149;0.225,2757;2938;1968,146.555;146.538;147.045,156.747;156.716;156.743
3-60,1468,2048,open,3,146.675,156.734,57.764;66.578;72.222,0.202;0.149;0.225,2757;2938;1968,146.555;146.538;147.045,156.747;156.716;156.743
3-61,1468,2048,open,3,146.675,156.734,57.764;66.578;72.222,0.202;0.149;0.225,2757;2938;1968,146.555;146.538;147.045,156.747;156.716;156.743
3-62,1468,2048,open,2,149.598,155.567,67.610;78.520,0.074;0.121,2908;2913,149.581;149.615,155.553;155.581
3-63,1468,2048,open,3,146.675,156.734,57.764;66.578;72.222,0.202;0.149;0.225,2757;2938;1968,146.555;146.538;147.045,156.747;156.716;156.743
3-64,1468,2048,open,2,149.599,155.569,67.611;78.521,0.076;0.122,2907;2910,149.582;149.616,155.555;155.582
3-65,1468,2048,open,3,146.685,156.780,57.763;66.586;72.207,0.201;0.139;0.187,2776;2955;1965,146.555;146.567;147.044,156.786;156.767;156.790
3-66,1468,2048,open,3,146.603,156.799,57.763;66.588;72.056,0.202;0.139;0.371,2772;2957;1967,146.556;146.565;146.728,156.792;156.771;156.852
3-67,1468,2048,open,3,146.603,156.799,57.763;66.588;72.056,0.202;0.139;0.371,2772;2957;1967,146.556;146.565;146.728,156.792;156.771;156.852
3-68,1468,2048,open,3,146.603,156.799,57.763;66.588;72.056,0.202;0.139;0.371,2772;2957;1967,146.556;146.565;146.728,156.792;156.771;156.852
3-69,1468,2048,open,3,146.675,156.734,57.764;66.578;72.222,0.202;0.149;0.225,2757;2938;1968,146.555;146.538;147.045,156.747;156.716;156.743
3-7,1468,2048,open,3,146.675,156.734,57.764;66.578;72.222,0.202;0.149;0.225,2757;2938;1968,146.555;146.538;147.045,156.747;156.716;156.743
3-70,1468,2048,open,2,149.598,155.567,67.610;78.520,0.074;0.121,2908;2913,149.581;149.615,155.553;155.582
3-71,1468,2048,open,3,146.675,156.734,57.764;66.578;72.222,0.202;0.149;0.225,2757;2938;1968,146.555;146.538;147.045,156.747;156.716;156.743
3-72,1468,2048,open,3,146.675,156.734,57.764;66.578;72.222,0.202;0.149;0.225,2757;2938;1968,146.555;146.538;147.045,156.747;156.716;156.743
3-73,1468,2048,open,3,146.675,156.734,57.764;66.578;72.222,0.202;0.149;0.225,2757;2938;1968,146.555;146.538;147.045,156.747;156.716;156.743
3-74,1468,2048,open,2,149.598,155.567,67.610;78.520,0.074;0.121,2908;2913,149.581;149.615,155.553;155.581
3-75,1468,2048,open,3,146.675,156.734,57.764;66.578;72.222,0.202;0.149;0.225,2757;2938;1968,146.555;146.538;147.045,156.747;156.716;156.743
3-76,1468,2048,open,3,146.675,156.734,57.764;66.578;72.222,0.202;0.149;0.225,2757;2938;1968,146.555;146.538;147.045,156.747;156.716;156.743
3-77,1468,2048,open,3,146.675,156.734,57.764;66.578;72.222,0.202;0.149;0.225,2757;2938;1968,146.555;146.538;147.045,156.747;156.716;156.743
3-78,1468,2048,open,2,149.598,155.567,67.610;78.520,0.074;0.121,2908;2913,149.581;149.615,155.553;155.581
3-79,1468,2048,open,3,146.675,156.734,57.764;66.578;72.222,0.202;0.149;0.225,2757;2938;1968,146.555;146.538;147.045,156.747;156.716;156.743
3-8,1468,2048,open,2,149.598,155.567,67.610;78.520,0.074;0.121,2908;2913,149.581;149.615,155.553;155.581
3-80,1468,2048,open,2,149.598,155.567,67.610;78.520,0.074;0.121,2908;2913,149.581;149.615,155.553;155.581
3-81,1468,2048,open,3,146.675,156.734,57.764;66.578;72.222,0.202;0.149;0.225,2757;2938;1968,146.555;146.538;147.045,156.747;156.716;156.743
3-82,1468,2048,open,3,146.675,156.734,57.764;66.578;72.222,0.202;0.149;0.225,2757;2938;1968,146.555;146.538;147.045,156.747;156.716;156.743
3-83,1468,2048,open,2,149.598,155.567,67.610;78.520,0.074;0.121,2908;2913,149.581;149.615,155.553;155.581
3-84,1468,2048,open,3,146.675,156.734,57.764;66.578;72.222,0.202;0.149;0.225,2757;2938;1968,146.555;146.538;147.045,156.747;156.716;156.743
3-85,1468,2048,open,3,146.675,156.734,57.764;66.578;72.222,0.202;0.149;0.225,2757;2938;1968,146.555;146.538;147.045,156.747;156.716;156.743
3-86,1468,2048,open,3,146.675,156.734,57.764;66.578;72.222,0.202;0.149;0.225,2757;2938;1968,146.555;146.538;147.045,156.747;156.716;156.743
3-87,1468,2048,open,3,146.675,156.734,57.764;66.578;72.222,0.202;0.149;0.225,2757;2938;1968,146.555;146.538;147.045,156.747;156.716;156.743
3-88,1468,2048,open,3,146.675,156.734,57.764;66.578;72.222,0.202;0.149;0.225,2757;2938;1968,146.555;146.538;147.045,156.747;156.716;156.743
3-89,1468,2048,open,3,146.675,156.734,57.764;66.578;72.222,0.202;0.149;0.225,2757;2938;1968,146.555;146.538;147.045,156.747;156.716;156.743
3-9,1468,2048,open,3,146.675,156.734,57.764;66.578;72.222,0.202;0.149;0.225,2757;2938;1968,146.555;146.538;147.045,156.747;156.716;156.743
3-90,1468,2048,open,3,146.675,156.734,57.764;66.578;72.222,0.202;0.149;0.225,2757;2938;1968,146.555;146.538;147.045,156.747;156.716;156.743
3-91,1468,2048,open,3,146.666,156.733,57.736;66.601;72.161,0.193;0.160;0.169,2759;2915;1916,146.562;146.533;147.018,156.746;156.721;156.730
3-92,1468,2048,open,3,146.675,156.734,57.764;66.578;72.222,0.202;0.149;0.225,2757;2938;1968,146.555;146.538;147.045,156.747;156.716;156.743
3-93,1468,2048,open,3,146.675,156.734,57.764;66.578;72.222,0.202;0.149;0.225,2757;2938;1968,146.555;146.538;147.045,156.747;156.716;156.743
3-94,1468,2048,open,3,146.675,156.734,57.764;66.578;72.222,0.202;0.149;0.225,2757;2938;1968,146.555;146.538;147.045,156.747;156.716;156.743
3-95,1468,2048,open,3,146.675,156.734,57.764;66.578;72.222,0.202;0.149;0.225,2757;2938;1968,146.555;146.538;147.045,156.747;156.716;156.743
3-96,1468,2048,open,3,146.675,156.734,57.764;66.578;72.222,0.202;0.149;0.225,2757;2938;1968,146.555;146.538;147.045,156.747;156.716;156.743
3-97,1468,2048,open,3,146.685,156.780,57.763;66.586;72.207,0.201;0.139;0.187,2776;2955;1965,146.555;146.567;147.044,156.786;156.767;156.790
3-98,1468,2048,open,2,149.599,155.569,67.611;78.521,0.076;0.122,2907;2910,149.582;149.616,155.555;155.582
3-99,1468,2048,open,2,149.599,155.569,67.611;78.521,0.076;0.122,2907;2910,149.582;149.616,155.555;155.582
4-1,1468,2048,open,3,146.693,156.784,57.765;66.587;72.224,0.201;0.138;0.197,2776;2957;1974,146.556;146.565;147.076,156.793;156.772;156.788
4-10,1468,2048,open,2,146.301,155.566,67.736;78.534,0.198;0.115,2890;2927,146.180;146.420,155.542;155.589
4-100,1468,2048,open,3,146.653,156.726,57.768;66.575;72.190,0.201;0.144;0.203,2748;2938;1978,146.542;146.528;146.993,156.739;156.707;156.737
4-101,1468,2048,open,3,146.693,156.784,57.765;66.587;72.224,0.201;0.138;0.197,2776;2957;1974,146.556;146.565;147.076,156.793;156.772;156.788
4-102,1468,2048,open,3,146.693,156.784,57.765;66.587;72.224,0.201;0.138;0.197,2776;2957;1974,146.556;146.565;147.076,156.793;156.772;156.788
4-103,1468,2048,open,3,146.693,156.784,57.765;66.587;72.224,0.201;0.138;0.197,2776;2957;1974,146.556;146.565;147.076,156.793;156.772;156.788
4-104,1468,2048,open,3,146.693,156.784,57.765;66.587;72.224,0.201;0.138;0.197,2776;2957;1974,146.556;146.565;147.076,156.793;156.772;156.788
4-105,1468,2048,open,3,146.693,156.784,57.765;66.587;72.224,0.201;0.138;0.197,2776;2957;1974,146.556;146.565;147.076,156.793;156.772;156.788
4-106,1468,2048,open,3,146.693,156.784,57.765;66.587;72.224,0.201;0.138;0.197,2776;2957;1974,146.556;146.565;147.076,156.793;156.772;156.788
4-107,1468,2048,open,3,146.693,156.784,57.765;66.587;72.224,0.201;0.138;0.197,2776;2957;1974,146.556;146.565;147.076,156.793;156.772;156.788
4-108,1468,2048,open,2,146.301,155.566,67.736;78.534,0.198;0.115,2890;2927,146.180;146.420,155.542;155.589
4-109,1468,2048,open,2,146.156,155.570,67.341;79.160,0.292;0.207,2893;2960,145.852;146.453,155.581;155.558
4-11,1468,2048,open,3,146.693,156.784,57.765;66.587;72.224,0.201;0.138;0.197,2776;2957;1974,146.556;146.565;147.076,156.793;156.772;156.788
4-110,1468,2048,open,3,146.693,156.784,57.765;66.587;72.224,0.201;0.138;0.197,2776;2957;1974,146.556;146.565;147.076,156.793;156.772;156.788
4-111,1468,2048,open,3,146.693,156.784,57.765;66.587;72.224,0.201;0.138;0.197,2776;2957;1974,146.556;146.565;147.076,156.793;156.772;156.788
4-112,1468,2048,open,3,146.693,156.784,57.765;66.587;72.224,0.201;0.138;0.197,2776;2957;1974,146.556;146.565;147.076,156.793;156.772;156.788
4-113,1468,2048,open,3,146.693,156.784,57.765;66.587;72.224,0.201;0.138;0.197,2776;2957;1974,146.556;146.565;147.076,156.793;156.772;156.788
4-114,1468,2048,open,3,146.693,156.784,57.765;66.587;72.224,0.201;0.138;0.197,2776;2957;1974,146.556;146.565;147.076,156.793;156.772;156.788
4-115,1468,2048,open,3,146.693,156.784,57.765;66.587;72.224,0.201;0.138;0.197,2776;2957;1974,146.556;146.565;147.076,156.793;156.772;156.788
4-116,1468,2048,open,3,146.693,156.784,57.765;66.587;72.224,0.201;0.138;0.197,2776;2957;1974,146.556;146.565;147.076,156.793;156.772;156.788
4-117,1468,2048,open,2,146.301,155.566,67.736;78.534,0.198;0.115,2890;2927,146.180;146.420,155.542;155.589
4-118,1468,2048,open,3,146.693,156.784,57.765;66.587;72.224,0.201;0.138;0.197,2776;2957;1974,146.556;146.565;147.076,156.793;156.772;156.788
4-119,1468,2048,open,3,146.693,156.784,57.765;66.587;72.224,0.201;0.138;0.197,2776;2957;1974,146.556;146.565;147.076,156.793;156.772;156.788
4-12,1468,2048,open,2,146.301,155.566,67.736;78.534,0.198;0.115,2890;2927,146.180;146.420,155.542;155.589
4-120,1468,2048,open,3,146.693,156.784,57.765;66.587;72.224,0.201;0.138;0.197,2776;2957;1974,146.556;146.565;147.076,156.793;156.772;156.788
4-121,1468,2048,open,3,146.693,156.784,57.765;66.587;72.224,0.201;0.138;0.197,2776;2957;1974,146.556;146.565;147.076,156.793;156.772;156.788
4-122,1468,2048,open,3,146.693,156.784,57.765;66.587;72.224,0.201;0.138;0.197,2776;2957;1974,146.556;146.565;147.076,156.793;156.772;156.788
4-123,1468,2048,open,2,146.301,155.566,67.736;78.534,0.198;0.115,2890;2927,146.180;146.420,155.542;155.589
4-124,1468,2048,open,3,146.693,156.784,57.765;66.587;72.224,0.201;0.138;0.197,2776;2957;1974,146.556;146.565;147.076,156.793;156.772;156.788
4-125,1468,2048,open,2,146.301,155.566,67.736;78.534,0.198;0.115,2890;2927,146.180;146.420,155.542;155.589
4-126,1468,2048,open,2,146.301,155.566,67.736;78.534,0.198;0.115,2890;2927,146.180;146.420,155.542;155.589
4-127,1468,2048,open,3,146.693,156.784,57.765;66.587;72.224,0.201;0.138;0.197,2776;2957;1974,146.556;146.565;147.076,156.793;156.772;156.788
4-128,1468,2048,open,3,146.693,156.784,57.765;66.587;72.224,0.201;0.138;0.197,2776;2957;1974,146.556;146.565;147.076,156.793;156.772;156.788
4-129,1468,2048,open,2,146.301,155.566,67.736;78.534,0.198;0.115,2890;2927,146.180;146.420,155.542;155.589
4-13,1468,2048,open,3,146.693,156.784,57.765;66.587;72.224,0.201;0.138;0.197,2776;2957;1974,146.556;146.565;147.076,156.793;156.772;156.788
4-130,1468,2048,open,3,146.693,156.784,57.765;66.587;72.224,0.201;0.138;0.197,2776;2957;1974,146.556;146.565;147.076,156.793;156.772;156.788
4-131,1468,2048,open,3,146.653,156.726,57.768;66.575;72.190,0.201;0.144;0.203,2748;2938;1978,146.542;146.528;146.993,156.739;156.707;156.737
4-132,1468,2048,open,3,146.653,156.726,57.768;66.575;72.190,0.201;0.144;0.203,2748;2938;1978,146.542;146.528;146.993,156.739;156.707;156.737
4-133,1468,2048,open,2,146.301,155.566,67.736;78.534,0.198;0.115,2890;2927,146.180;146.420,155.542;155.589
4-134,1468,2048,open,3,146.653,156.726,57.768;66.575;72.190,0.201;0.144;0.203,2748;2938;1978,146.542;146.528;146.993,156.739;156.707;156.737
4-135,1468,2048,open,3,146.693,156.784,57.765;66.587;72.224,0.201;0.138;0.197,2776;2957;1974,146.556;146.565;147.076,156.793;156.772;156.788
4-136,1468,2048,open,3,146.693,156.784,57.765;66.587;72.224,0.201;0.138;0.197,2776;2957;1974,146.556;146.565;147.076,156.793;156.772;156.788
4-137,1468,2048,open,3,146.762,156.791,57.114;67.097;71.611,0.377;0.191;0.315,2953;2943;2186,146.539;146.731;147.105,156.796;156.851;156.705
4-138,1468,2048,open,3,146.693,156.784,57.765;66.587;72.224,0.201;0.138;0.197,2776;2957;1974,146.556;146.565;147.076,156.793;156.772;156.788
4-139,1468,2048,open,2,146.301,155.566,67.736;78.534,0.198;0.115,2890;2927,146.180;146.420,155.542;155.589
4-14,1468,2048,open,3,146.693,156.784,57.765;66.587;72.224,0.201;0.138;0.197,2776;2957;1974,146.556;146.565;147.076,156.793;156.772;156.788
4-140,1468,2048,open,3,146.693,156.784,57.765;66.587;72.224,0.201;0.138;0.197,2776;2957;1974,146.556;146.565;147.076,156.793;156.772;156.788
4-141,1468,2048,open,3,146.693,156.784,57.765;66.587;72.224,0.201;0.138;0.197,2776;2957;1974,146.556;146.565;147.076,156.793;156.772;156.788
4-142,1468,2048,open,3,146.762,156.791,57.114;67.097;71.611,0.377;0.191;0.315,2953;2943;2186,146.539;146.731;147.105,156.796;156.851;156.705
4-143,1468,2048,open,3,146.693,156.784,57.765;66.587;72.224,0.201;0.138;0.197,2776;2957;1974,146.556;146.565;147.076,156.793;156.772;156.788
4-144,1468,2048,open,3,146.693,156.784,57.765;66.587;72.224,0.201;0.138;0.197,2776;2957;1974,146.556;146.565;147.076,156.793;156.772;156.788
4-145,1468,2048,open,3,146.693,156.784,57.765;66.587;72.224,0.201;0.138;0.197,2776;2957;1974,146.556;146.565;147.076,156.793;156.772;156.788
4-146,1468,2048,open,3,146.693,156.784,57.765;66.587;72.224,0.201;0.138;0.197,2776;2957;1974,146.556;146.565;147.076,156.793;156.772;156.788
4-147,1468,2048,open,3,146.693,156.784,57.765;66.587;72.224,0.201;0.138;0.197,2776;2957;1974,146.556;146.565;147.076,156.793;156.772;156.788
4-148,1468,2048,open,3,146.693,156.784,57.765;66.587;72.224,0.201;0.138;0.197,2776;2957;1974,146.556;146.565;147.076,156.793;156.772;156.788
4-149,1468,2048,open,3,146.693,156.784,57.765;66.587;72.224,0.201;0.138;0.197,2776;2957;1974,146.556;146.565;147.076,156.793;156.772;156.788
4-15-P3,1468,2048,open,3,146.473,156.854,57.759;66.639;72.036,0.206;0.164;0.352,2782;2949;2021,146.439;146.431;146.581,156.841;156.842;156.891
4-15,1468,2048,open,3,146.693,156.784,57.765;66.587;72.224,0.201;0.138;0.197,2776;2957;1974,146.556;146.565;147.076,156.793;156.772;156.788
4-150,1468,2048,open,3,146.693,156.784,57.765;66.587;72.224,0.201;0.138;0.197,2776;2957;1974,146.556;146.565;147.076,156.793;156.772;156.788
4-151,1468,2048,open,3,146.693,156.784,57.765;66.587;72.224,0.201;0.138;0.197,2776;2957;1974,146.556;146.565;147.076,156.793;156.772;156.788
4-152,1468,2048,open,3,146.693,156.784,57.765;66.587;72.224,0.201;0.138;0.197,2776;2957;1974,146.556;146.565;147.076,156.793;156.772;156.788
4-153,1468,2048,open,3,146.693,156.784,57.765;66.587;72.224,0.201;0.138;0.197,2776;2957;1974,146.556;146.565;147.076,156.793;156.772;156.788
4-154,1468,2048,open,3,146.693,156.784,57.765;66.587;72.224,0.201;0.138;0.197,2776;2957;1974,146.556;146.565;147.076,156.793;156.772;156.788
4-155,1468,2048,open,3,146.693,156.784,57.765;66.587;72.224,0.201;0.138;0.197,2776;2957;1974,146.556;146.565;147.076,156.793;156.772;156.788
4-156,1468,2048,open,3,146.693,156.784,57.765;66.587;72.224,0.201;0.138;0.197,2776;2957;1974,146.556;146.565;147.076,156.793;156.772;156.788
4-157,1468,2048,open,3,146.693,156.784,57.765;66.587;72.224,0.201;0.138;0.197,2776;2957;1974,146.556;146.565;147.076,156.793;156.772;156.788
4-158,1468,2048,open,3,146.693,156.784,57.765;66.587;72.224,0.201;0.138;0.197,2776;2957;1974,146.556;146.565;147.076,156.793;156.772;156.788
4-159,1468,2048,open,2,146.301,155.566,67.736;78.534,0.198;0.115,2890;2927,146.180;146.420,155.542;155.589
4-16,1468,2048,open,2,146.301,155.566,67.736;78.534,0.198;0.115,2890;2927,146.180;146.420,155.542;155.589
4-160,1468,2048,open,3,146.693,156.784,57.765;66.587;72.224,0.201;0.138;0.197,2776;2957;1974,146.556;146.565;147.076,156.793;156.772;156.788
4-161,1468,2048,open,3,146.693,156.784,57.765;66.587;72.224,0.201;0.138;0.197,2776;2957;1974,146.556;146.565;147.076,156.793;156.772;156.788
4-162,1468,2048,open,2,146.301,155.566,67.736;78.534,0.198;0.115,2890;2927,146.180;146.420,155.542;155.589
4-163,1468,2048,open,3,146.693,156.784,57.765;66.587;72.224,0.201;0.138;0.197,2776;2957;1974,146.556;146.565;147.076,156.793;156.772;156.788
4-164,1468,2048,open,3,146.693,156.784,57.765;66.587;72.224,0.201;0.138;0.197,2776;2957;1974,146.556;146.565;147.076,156.793;156.772;156.788
4-165,1468,2048,open,3,146.693,156.784,57.765;66.587;72.224,0.201;0.138;0.197,2776;2957;1974,146.556;146.565;147.076,156.793;156.772;156.788
4-166,1468,2048,open,3,146.653,156.726,57.768;66.575;72.190,0.201;0.144;0.203,2748;2938;1978,146.542;146.528;146.993,156.739;156.707;156.737
4-167,1468,2048,open,3,146.653,156.726,57.768;66.575;72.190,0.201;0.144;0.203,2748;2938;1978,146.542;146.528;146.993,156.739;156.707;156.737
4-168,1468,2048,open,2,146.156,155.570,67.341;79.160,0.292;0.207,2893;2960,145.852;146.453,155.581;155.558
4-169,1468,2048,open,3,146.693,156.784,57.765;66.587;72.224,0.201;0.138;0.197,2776;2957;1974,146.556;146.565;147.076,156.793;156.772;156.788
4-17,1468,2048,open,2,146.301,155.566,67.736;78.534,0.198;0.115,2890;2927,146.180;146.420,155.542;155.589
4-170,1468,2048,open,3,146.693,156.784,57.765;66.587;72.224,0.201;0.138;0.197,2776;2957;1974,146.556;146.565;147.076,156.793;156.772;156.788
4-171,1468,2048,open,3,146.693,156.784,57.765;66.587;72.224,0.201;0.138;0.197,2776;2957;1974,146.556;146.565;147.076,156.793;156.772;156.788
4-172,1468,2048,open,3,146.693,156.784,57.765;66.587;72.224,0.201;0.138;0.197,2776;2957;1974,146.556;146.565;147.076,156.793;156.772;156.788
4-173,1468,2048,open,3,146.693,156.784,57.765;66.587;72.224,0.201;0.138;0.197,2776;2957;1974,146.556;146.565;147.076,156.793;156.772;156.788
4-174,1468,2048,open,3,146.693,156.784,57.765;66.587;72.224,0.201;0.138;0.197,2776;2957;1974,146.556;146.565;147.076,156.793;156.772;156.788
4-175,1468,2048,open,3,146.693,156.784,57.765;66.587;72.224,0.201;0.138;0.197,2776;2957;1974,146.556;146.565;147.076,156.793;156.772;156.788
4-176,1468,2048,open,3,146.693,156.784,57.765;66.587;72.224,0.201;0.138;0.197,2776;2957;1974,146.556;146.565;147.076,156.793;156.772;156.788
4-177,1468,2048,open,3,146.693,156.784,57.765;66.587;72.224,0.201;0.138;0.197,2776;2957;1974,146.556;146.565;147.076,156.793;156.772;156.788
4-178,1468,2048,open,3,146.693,156.784,57.765;66.587;72.224,0.201;0.138;0.197,2776;2957;1974,146.556;146.565;147.076,156.793;156.772;156.788
4-179,1468,2048,open,3,146.693,156.784,57.765;66.587;72.224,0.201;0.138;0.197,2776;2957;1974,146.556;146.565;147.076,156.793;156.772;156.788
4-18,1468,2048,open,2,146.301,155.566,67.736;78.534,0.198;0.115,2890;2927,146.180;146.420,155.542;155.589
4-180,1468,2048,open,3,146.693,156.784,57.765;66.587;72.224,0.201;0.138;0.197,2776;2957;1974,146.556;146.565;147.076,156.793;156.772;156.788
4-181,1468,2048,open,3,146.693,156.784,57.765;66.587;72.224,0.201;0.138;0.197,2776;2957;1974,146.556;146.565;147.076,156.793;156.772;156.788
4-182,1468,2048,open,3,146.693,156.784,57.765;66.587;72.224,0.201;0.138;0.197,2776;2957;1974,146.556;146.565;147.076,156.793;156.772;156.788
4-183,1468,2048,open,3,146.693,156.784,57.765;66.587;72.224,0.201;0.138;0.197,2776;2957;1974,146.556;146.565;147.076,156.793;156.772;156.788
4-184,1468,2048,open,3,146.693,156.784,57.765;66.587;72.224,0.201;0.138;0.197,2776;2957;1974,146.556;146.565;147.076,156.793;156.772;156.788
4-185,1468,2048,open,3,146.693,156.784,57.765;66.587;72.224,0.201;0.138;0.197,2776;2957;1974,146.556;146.565;147.076,156.793;156.772;156.788
4-186,1468,2048,open,3,146.693,156.784,57.765;66.587;72.224,0.201;0.138;0.197,2776;2957;1974,146.556;146.565;147.076,156.793;156.772;156.788
4-187,1468,2048,open,3,146.693,156.784,57.765;66.587;72.224,0.201;0.138;0.197,2776;2957;1974,146.556;146.565;147.076,156.793;156.772;156.788
4-188,1468,2048,open,3,146.762,156.791,57.114;67.097;71.611,0.377;0.191;0.315,2953;2943;2186,146.539;146.731;147.105,156.796;156.851;156.705
4-189,1468,2048,open,3,146.693,156.784,57.765;66.587;72.224,0.201;0.138;0.197,2776;2957;1974,146.556;146.565;147.076,156.793;156.772;156.788
4-19,1468,2048,open,3,146.693,156.784,57.765;66.587;72.224,0.201;0.138;0.197,2776;2957;1974,146.556;146.565;147.076,156.793;156.772;156.788
4-190,1468,2048,open,3,146.693,156.784,57.765;66.587;72.224,0.201;0.138;0.197,2776;2957;1974,146.556;146.565;147.076,156.793;156.772;156.788
4-191,1468,2048,open,2,146.301,155.566,67.736;78.534,0.198;0.115,2890;2927,146.180;146.420,155.542;155.589
4-192,1468,2048,open,3,146.693,156.784,57.765;66.587;72.224,0.201;0.138;0.197,2776;2957;1974,146.556;146.565;147.076,156.793;156.772;156.788
4-193,1468,2048,open,3,146.693,156.784,57.765;66.587;72.224,0.201;0.138;0.197,2776;2957;1974,146.556;146.565;147.076,156.793;156.772;156.788
4-194,1468,2048,open,3,146.693,156.784,57.765;66.587;72.224,0.201;0.138;0.197,2776;2957;1974,146.556;146.565;147.076,156.793;156.772;156.788
4-195,1468,2048,open,2,146.301,155.566,67.736;78.534,0.198;0.115,2890;2927,146.180;146.420,155.542;155.589
4-196,1468,2048,open,3,146.693,156.784,57.765;66.587;72.224,0.201;0.138;0.197,2776;2957;1974,146.556;146.565;147.076,156.793;156.772;156.788
4-197,1468,2048,open,2,146.301,155.566,67.736;78.534,0.198;0.115,2890;2927,146.180;146.420,155.542;155.589
4-198,1468,2048,open,2,146.301,155.566,67.736;78.534,0.198;0.115,2890;2927,146.180;146.420,155.542;155.589
4-199,1468,2048,open,2,146.301,155.566,67.736;78.534,0.198;0.115,2890;2927,146.180;146.420,155.542;155.589
4-2,1468,2048,open,2,146.301,155.566,67.736;78.534,0.198;0.115,2890;2927,146.180;146.420,155.542;155.589
4-20,1468,2048,open,3,146.693,156.784,57.765;66.587;72.224,0.201;0.138;0.197,2776;2957;1974,146.556;146.565;147.076,156.793;156.772;156.788
4-200,1468,2048,open,3,146.653,156.726,57.768;66.575;72.190,0.201;0.144;0.203,2748;2938;1978,146.542;146.528;146.993,156.739;156.707;156.737
4-201,1468,2048,open,3,146.653,156.726,57.768;66.575;72.190,0.201;0.144;0.203,2748;2938;1978,146.542;146.528;146.993,156.739;156.707;156.737
4-202,1468,2048,open,2,146.301,155.566,67.736;78.534,0.198;0.115,2890;2927,146.180;146.420,155.542;155.589
4-203,1468,2048,open,3,146.693,156.784,57.765;66.587;72.224,0.201;0.138;0.197,2776;2957;1974,146.556;146.565;147.076,156.793;156.772;156.788
4-204,1468,2048,open,3,146.693,156.784,57.765;66.587;72.224,0.201;0.138;0.197,2776;2957;1974,146.556;146.565;147.076,156.793;156.772;156.788
4-205,1468,2048,open,3,146.691,156.718,57.764;66.581;72.204,0.201;0.143;0.176,2752;2938;1966,146.563;146.564;147.059,156.735;156.702;156.720
4-206,1468,2048,open,2,146.301,155.566,67.736;78.534,0.198;0.114,2890;2927,146.180;146.420,155.542;155.589
4-207,1468,2048,open,3,146.690,156.719,57.764;66.580;72.204,0.201;0.144;0.176,2752;2938;1966,146.563;146.563;147.059,156.735;156.702;156.720
4-208,1468,2048,open,3,146.690,156.719,57.764;66.580;72.204,0.201;0.144;0.176,2752;2938;1966,146.563;146.563;147.059,156.735;156.702;156.720
4-209,1468,2048,open,3,146.690,156.719,57.764;66.580;72.204,0.201;0.144;0.176,2752;2938;1966,146.563;146.563;147.059,156.735;156.702;156.720
4-21,1468,2048,open,3,146.693,156.784,57.765;66.587;72.224,0.201;0.138;0.197,2776;2957;1974,146.556;146.565;147.076,156.793;156.772;156.788
4-210,1468,2048,open,2,146.301,155.565,67.736;78.534,0.198;0.115,2890;2926,146.180;146.421,155.542;155.589
4-211,1468,2048,open,2,146.300,155.565,67.736;78.533,0.198;0.114,2890;2924,146.180;146.419,155.542;155.587
4-212,1468,2048,open,2,146.301,155.565,67.736;78.533,0.198;0.114,2890;2925,146.180;146.419,155.542;155.587
4-213,1468,2048,open,3,146.690,156.719,57.764;66.580;72.204,0.201;0.144;0.176,2752;2938;1966,146.563;146.563;147.059,156.735;156.702;156.720
4-214,1468,2048,open,3,146.690,156.719,57.764;66.580;72.204,0.201;0.144;0.176,2752;2938;1966,146.563;146.563;147.059,156.735;156.702;156.720
4-215,1468,2048,open,2,146.301,155.566,67.736;78.534,0.198;0.114,2890;2927,146.180;146.421,155.542;155.590
4-216,1468,2048,open,3,146.690,156.719,57.764;66.580;72.204,0.201;0.144;0.176,2752;2938;1966,146.563;146.563;147.059,156.735;156.702;156.720
4-217,1468,2048,open,3,146.690,156.719,57.764;66.580;72.204,0.201;0.144;0.176,2752;2938;1966,146.563;146.563;147.059,156.735;156.702;156.720
4-218,1468,2048,open,3,146.690,156.719,57.764;66.580;72.204,0.201;0.144;0.176,2752;2938;1966,146.563;146.563;147.059,156.735;156.702;156.720
4-219,1468,2048,open,3,146.690,156.719,57.764;66.580;72.204,0.201;0.144;0.176,2752;2938;1966,146.563;146.563;147.059,156.735;156.702;156.720
4-22,1468,2048,open,3,146.693,156.784,57.765;66.587;72.224,0.201;0.138;0.197,2776;2957;1974,146.556;146.565;147.076,156.793;156.772;156.788
4-220,1468,2048,open,3,146.690,156.719,57.764;66.580;72.204,0.201;0.144;0.176,2752;2938;1966,146.563;146.563;147.059,156.735;156.702;156.720
4-221,1468,2048,open,2,146.301,155.565,67.736;78.534,0.198;0.115,2890;2927,146.180;146.420,155.542;155.587
4-222,1468,2048,open,3,146.690,156.719,57.764;66.580;72.204,0.201;0.144;0.176,2752;2938;1966,146.563;146.563;147.059,156.735;156.702;156.720
4-223,1468,2048,open,3,146.683,156.786,57.766;66.571;72.216,0.204;0.134;0.209,2752;2925;1958,146.557;146.567;147.034,156.795;156.768;156.803
4-224,1468,2048,open,3,146.476,156.910,57.788;66.616;72.094,0.221;0.153;0.420,2790;2969;2038,146.435;146.426;146.605,156.907;156.901;156.927
4-225,1468,2048,open,3,146.683,156.786,57.766;66.571;72.216,0.204;0.134;0.209,2752;2925;1958,146.557;146.567;147.034,156.795;156.768;156.803
4-23,1468,2048,open,3,146.693,156.784,57.765;66.587;72.224,0.201;0.138;0.197,2776;2957;1974,146.556;146.565;147.076,156.793;156.772;156.788
4-24,1468,2048,open,2,146.301,155.566,67.736;78.534,0.198;0.115,2890;2927,146.180;146.420,155.542;155.589
4-25,1468,2048,open,3,146.693,156.784,57.765;66.587;72.224,0.201;0.138;0.197,2776;2957;1974,146.556;146.565;147.076,156.793;156.772;156.788
4-26,1468,2048,open,2,146.301,155.566,67.736;78.534,0.198;0.115,2890;2927,146.180;146.420,155.542;155.589
4-27,1468,2048,open,3,146.693,156.784,57.765;66.587;72.224,0.201;0.138;0.197,2776;2957;1974,146.556;146.565;147.076,156.793;156.772;156.788
4-28,1468,2048,open,3,146.693,156.784,57.765;66.587;72.224,0.201;0.138;0.197,2776;2957;1974,146.556;146.565;147.076,156.793;156.772;156.788
4-29,1468,2048,open,3,146.693,156.784,57.765;66.587;72.224,0.201;0.138;0.197,2776;2957;1974,146.556;146.565;147.076,156.793;156.772;156.788
4-3,1468,2048,open,3,146.693,156.784,57.765;66.587;72.224,0.201;0.138;0.197,2776;2957;1974,146.556;146.565;147.076,156.793;156.772;156.788
4-30,1468,2048,open,2,146.301,155.566,67.736;78.534,0.198;0.115,2890;2927,146.180;146.420,155.542;155.589
4-31,1468,2048,open,3,146.653,156.726,57.768;66.575;72.190,0.201;0.144;0.203,2748;2938;1978,146.542;146.528;146.993,156.739;156.707;156.737
4-32,1468,2048,open,3,146.653,156.726,57.768;66.575;72.190,0.201;0.144;0.203,2748;2938;1978,146.542;146.528;146.993,156.739;156.707;156.737
4-33,1468,2048,open,3,146.693,156.784,57.765;66.587;72.224,0.201;0.138;0.197,2776;2957;1974,146.556;146.565;147.076,156.793;156.772;156.788
4-34-P1,1468,2048,open,3,146.683,156.786,57.766;66.571;72.216,0.204;0.134;0.209,2752;2925;1958,146.557;146.567;147.034,156.795;156.768;156.803
4-34,1468,2048,open,3,146.693,156.784,57.765;66.587;72.224,0.201;0.138;0.197,2776;2957;1974,146.556;146.565;147.076,156.793;156.772;156.788
4-35-P1,1468,2048,open,2,146.302,155.565,67.743;78.528,0.190;0.118,2853;2904,146.177;146.424,155.546;155.584
4-35,1468,2048,open,3,146.693,156.784,57.765;66.587;72.224,0.201;0.138;0.197,2776;2957;1974,146.556;146.565;147.076,156.793;156.772;156.788
4-36-P1,1468,2048,open,2,146.301,155.565,67.743;78.528,0.190;0.118,2853;2904,146.177;146.424,155.546;155.584
4-36,1468,2048,open,3,146.693,156.784,57.765;66.587;72.224,0.201;0.138;0.197,2776;2957;1974,146.556;146.565;147.076,156.793;156.772;156.788
4-37-P1,1468,2048,open,3,146.683,156.786,57.766;66.571;72.216,0.204;0.134;0.209,2752;2925;1958,146.557;146.567;147.034,156.795;156.768;156.803
4-37,1468,2048,open,3,146.762,156.791,57.114;67.097;71.611,0.377;0.191;0.315,2953;2943;2186,146.539;146.731;147.105,156.796;156.851;156.705
4-38-P1,1468,2048,open,3,146.589,156.714,57.798;66.543;72.099,0.212;0.146;0.385,2265;2516;1693,146.550;146.543;146.709,156.707;156.676;156.778
4-38,1468,2048,open,2,146.301,155.566,67.736;78.534,0.198;0.115,2890;2927,146.180;146.420,155.542;155.589
4-39,1468,2048,open,3,146.693,156.784,57.765;66.587;72.224,0.201;0.138;0.197,2776;2957;1974,146.556;146.565;147.076,156.793;156.772;156.788
4-4-D23,1468,2048,open,3,146.713,156.748,57.263;67.049;71.588,0.233;0.291;0.317,2283;2414;1875,146.701;146.591;146.885,156.745;156.789;156.698
4-4,1468,2048,open,3,146.693,156.784,57.765;66.587;72.224,0.201;0.138;0.197,2776;2957;1974,146.556;146.565;147.076,156.793;156.772;156.788
4-40-P1,1468,2048,open,3,146.762,156.791,57.114;67.097;71.611,0.377;0.191;0.315,2953;2943;2186,146.539;146.731;147.105,156.796;156.851;156.705
4-40,1468,2048,open,3,146.693,156.784,57.765;66.587;72.224,0.201;0.138;0.197,2776;2957;1974,146.556;146.565;147.076,156.793;156.772;156.788
4-41-P3,1468,2048,open,3,146.702,156.703,57.356;67.200;71.644,0.124;0.200;0.309,2964;2975;2352,146.520;146.641;147.009,156.705;156.764;156.622
4-41,1468,2048,open,3,146.693,156.784,57.765;66.587;72.224,0.201;0.138;0.197,2776;2957;1974,146.556;146.565;147.076,156.793;156.772;156.788
4-42,1468,2048,open,2,146.301,155.566,67.736;78.534,0.198;0.115,2890;2927,146.180;146.420,155.542;155.589
4-43,1468,2048,open,2,146.301,155.566,67.736;78.534,0.198;0.115,2890;2927,146.180;146.420,155.542;155.589
4-44,1468,2048,open,3,146.693,156.784,57.765;66.587;72.224,0.201;0.138;0.197,2776;2957;1974,146.556;146.565;147.076,156.793;156.772;156.788
4-45,1468,2048,open,3,146.693,156.784,57.765;66.587;72.224,0.201;0.138;0.197,2776;2957;1974,146.556;146.565;147.076,156.793;156.772;156.788
4-46,1468,2048,open,3,146.693,156.784,57.765;66.587;72.224,0.201;0.138;0.197,2776;2957;1974,146.556;146.565;147.076,156.793;156.772;156.788
4-47,1468,2048,open,2,146.301,155.566,67.736;78.534,0.198;0.115,2890;2927,146.180;146.420,155.542;155.589
4-48,1468,2048,open,3,146.693,156.784,57.765;66.587;72.224,0.201;0.138;0.197,2776;2957;1974,146.556;146.565;147.076,156.793;156.772;156.788
4-49,1468,2048,open,3,146.693,156.784,57.765;66.587;72.224,0.201;0.138;0.197,2776;2957;1974,146.556;146.565;147.076,156.793;156.772;156.788
4-5,1468,2048,open,3,146.693,156.784,57.765;66.587;72.224,0.201;0.138;0.197,2776;2957;1974,146.556;146.565;147.076,156.793;156.772;156.788
4-50,1468,2048,open,3,146.693,156.784,57.765;66.587;72.224,0.201;0.138;0.197,2776;2957;1974,146.556;146.565;147.076,156.793;156.772;156.788
4-51,1468,2048,open,2,146.301,155.566,67.736;78.534,0.198;0.115,2890;2927,146.180;146.420,155.542;155.589
4-52,1468,2048,open,3,146.693,156.784,57.765;66.587;72.224,0.201;0.138;0.197,2776;2957;1974,146.556;146.565;147.076,156.793;156.772;156.788
4-53,1468,2048,open,2,146.301,155.566,67.736;78.534,0.198;0.115,2890;2927,146.180;146.420,155.542;155.589
4-54,1468,2048,open,2,146.301,155.566,67.736;78.534,0.198;0.115,2890;2927,146.180;146.420,155.542;155.589
4-55,1468,2048,open,3,146.693,156.784,57.765;66.587;72.224,0.201;0.138;0.197,2776;2957;1974,146.556;146.565;147.076,156.793;156.772;156.788
4-56,1468,2048,open,3,146.693,156.784,57.765;66.587;72.224,0.201;0.138;0.197,2776;2957;1974,146.556;146.565;147.076,156.793;156.772;156.788
4-57,1468,2048,open,3,146.693,156.784,57.765;66.587;72.224,0.201;0.138;0.197,2776;2957;1974,146.556;146.565;147.076,156.793;156.772;156.788
4-58,1468,2048,open,3,146.693,156.784,57.765;66.587;72.224,0.201;0.138;0.197,2776;2957;1974,146.556;146.565;147.076,156.793;156.772;156.788
4-59,1468,2048,open,3,146.693,156.784,57.765;66.587;72.224,0.201;0.138;0.197,2776;2957;1974,146.556;146.565;147.076,156.793;156.772;156.788
4-6,1468,2048,open,3,146.693,156.784,57.765;66.587;72.224,0.201;0.138;0.197,2776;2957;1974,146.556;146.565;147.076,156.793;156.772;156.788
4-60,1468,2048,open,3,146.693,156.784,57.765;66.587;72.224,0.201;0.138;0.197,2776;2957;1974,146.556;146.565;147.076,156.793;156.772;156.788
4-61,1468,2048,open,2,146.301,155.566,67.736;78.534,0.198;0.115,2890;2927,146.180;146.420,155.542;155.589
4-62,1468,2048,open,3,146.693,156.784,57.765;66.587;72.224,0.201;0.138;0.197,2776;2957;1974,146.556;146.565;147.076,156.793;156.772;156.788
4-63,1468,2048,open,2,146.301,155.566,67.736;78.534,0.198;0.115,2890;2927,146.180;146.420,155.542;155.589
4-64,1468,2048,open,3,146.653,156.726,57.768;66.575;72.190,0.201;0.144;0.203,2748;2938;1978,146.542;146.528;146.993,156.739;156.707;156.737
4-65,1468,2048,open,3,146.653,156.726,57.768;66.575;72.190,0.201;0.144;0.203,2748;2938;1978,146.542;146.528;146.993,156.739;156.707;156.737
4-66,1468,2048,open,3,146.653,156.726,57.768;66.575;72.190,0.201;0.144;0.203,2748;2938;1978,146.542;146.528;146.993,156.739;156.707;156.737
4-67,1468,2048,open,3,146.693,156.784,57.765;66.587;72.224,0.201;0.138;0.197,2776;2957;1974,146.556;146.565;147.076,156.793;156.772;156.788
4-68,1468,2048,open,2,146.301,155.566,67.736;78.534,0.198;0.115,2890;2927,146.180;146.420,155.542;155.589
4-69,1468,2048,open,3,146.693,156.784,57.765;66.587;72.224,0.201;0.138;0.197,2776;2957;1974,146.556;146.565;147.076,156.793;156.772;156.788
4-7-D23,1468,2048,open,3,146.762,156.791,57.114;67.097;71.611,0.377;0.191;0.315,2953;2943;2186,146.539;146.731;147.105,156.796;156.851;156.705
4-7,1468,2048,open,3,146.693,156.784,57.765;66.587;72.224,0.201;0.138;0.197,2776;2957;1974,146.556;146.565;147.076,156.793;156.772;156.788
4-70,1468,2048,open,2,146.301,155.566,67.736;78.534,0.198;0.115,2890;2926,146.180;146.420,155.542;155.589
4-71,1468,2048,open,3,146.693,156.784,57.765;66.587;72.224,0.201;0.138;0.197,2776;2957;1974,146.556;146.565;147.076,156.793;156.772;156.788
4-72,1468,2048,open,3,146.693,156.784,57.765;66.587;72.224,0.201;0.138;0.197,2776;2957;1974,146.556;146.565;147.076,156.793;156.772;156.788
4-73,1468,2048,open,3,146.693,156.784,57.765;66.587;72.224,0.201;0.138;0.197,2776;2957;1974,146.556;146.565;147.076,156.793;156.772;156.788
4-74,1468,2048,open,3,146.693,156.784,57.765;66.587;72.224,0.201;0.138;0.197,2776;2957;1974,146.556;146.565;147.076,156.793;156.772;156.788
4-75,1468,2048,open,3,146.693,156.784,57.765;66.587;72.224,0.201;0.138;0.197,2776;2957;1974,146.556;146.565;147.076,156.793;156.772;156.788
4-76,1468,2048,open,3,146.693,156.784,57.765;66.587;72.224,0.201;0.138;0.197,2776;2957;1974,146.556;146.565;147.076,156.793;156.772;156.788
4-77,1468,2048,open,3,146.693,156.784,57.765;66.587;72.224,0.201;0.138;0.197,2776;2957;1974,146.556;146.565;147.076,156.793;156.772;156.788
4-78,1468,2048,open,2,146.301,155.566,67.736;78.534,0.198;0.115,2890;2927,146.180;146.420,155.542;155.589
4-79,1468,2048,open,2,146.156,155.570,67.341;79.160,0.292;0.207,2893;2960,145.852;146.453,155.581;155.558
4-8,1468,2048,open,3,146.693,156.784,57.765;66.587;72.224,0.201;0.138;0.197,2776;2957;1974,146.556;146.565;147.076,156.793;156.772;156.788
4-80,1468,2048,open,3,146.693,156.784,57.765;66.587;72.224,0.201;0.138;0.197,2776;2957;1974,146.556;146.565;147.076,156.793;156.772;156.788
4-81,1468,2048,open,3,146.693,156.784,57.765;66.587;72.224,0.201;0.138;0.197,2776;2957;1974,146.556;146.565;147.076,156.793;156.772;156.788
4-82,1468,2048,open,3,146.693,156.784,57.765;66.587;72.224,0.201;0.138;0.197,2776;2957;1974,146.556;146.565;147.076,156.793;156.772;156.788
4-83,1468,2048,open,3,146.693,156.784,57.765;66.587;72.224,0.201;0.138;0.197,2776;2957;1974,146.556;146.565;147.076,156.793;156.772;156.788
4-84,1468,2048,open,3,146.693,156.784,57.765;66.587;72.224,0.201;0.138;0.197,2776;2957;1974,146.556;146.565;147.076,156.793;156.772;156.788
4-85,1468,2048,open,2,146.301,155.566,67.736;78.534,0.198;0.115,2890;2927,146.180;146.420,155.542;155.589
4-86,1468,2048,open,3,146.693,156.784,57.765;66.587;72.224,0.201;0.138;0.197,2776;2957;1974,146.556;146.565;147.076,156.793;156.772;156.788
4-87,1468,2048,open,3,146.693,156.784,57.765;66.587;72.224,0.201;0.138;0.197,2776;2957;1974,146.556;146.565;147.076,156.793;156.772;156.788
4-88,1468,2048,open,2,146.301,155.566,67.736;78.534,0.198;0.115,2890;2927,146.180;146.420,155.542;155.589
4-89,1468,2048,open,3,146.693,156.784,57.765;66.587;72.224,0.201;0.138;0.197,2776;2957;1974,146.556;146.565;147.076,156.793;156.772;156.788
4-9,1468,2048,open,3,146.693,156.784,57.765;66.587;72.224,0.201;0.138;0.197,2776;2957;1974,146.556;146.565;147.076,156.793;156.772;156.788
4-90,1468,2048,open,3,146.693,156.784,57.765;66.587;72.224,0.201;0.138;0.197,2776;2957;1974,146.556;146.565;147.076,156.793;156.772;156.788
4-91,1468,2048,open,3,146.693,156.784,57.765;66.587;72.224,0.201;0.138;0.197,2776;2957;1974,146.556;146.565;147.076,156.793;156.772;156.788
4-92,1468,2048,open,3,146.693,156.784,57.765;66.587;72.224,0.201;0.138;0.197,2776;2957;1974,146.556;146.565;147.076,156.793;156.772;156.788
4-93,1468,2048,open,3,146.693,156.784,57.765;66.587;72.224,0.201;0.138;0.197,2776;2957;1974,146.556;146.565;147.076,156.793;156.772;156.788
4-94,1468,2048,open,2,146.301,155.566,67.736;78.534,0.198;0.115,2890;2927,146.180;146.420,155.542;155.589
4-95,1468,2048,open,2,146.301,155.566,67.736;78.534,0.198;0.115,2890;2927,146.180;146.420,155.542;155.589
4-96,1468,2048,open,2,146.301,155.566,67.736;78.534,0.198;0.115,2890;2926,146.180;146.420,155.542;155.589
4-97,1468,2048,open,3,146.693,156.784,57.765;66.587;72.224,0.201;0.138;0.197,2776;2957;1974,146.556;146.565;147.076,156.793;156.772;156.788
4-98,1468,2048,open,2,146.301,155.566,67.736;78.534,0.198;0.115,2890;2927,146.180;146.420,155.542;155.589
4-99,1468,2048,open,3,146.653,156.726,57.768;66.575;72.190,0.201;0.144;0.203,2748;2938;1978,146.542;146.528;146.993,156.739;156.707;156.737
5-1-P2,1468,2048,open,3,146.755,156.768,57.107;67.107;71.617,0.371;0.194;0.319,2952;2936;2167,146.527;146.726;147.106,156.770;156.826;156.687
5-1,1468,2048,open,3,146.755,156.800,57.115;67.096;71.611,0.376;0.191;0.309,2954;2943;2182,146.534;146.729;147.089,156.793;156.855;156.735
5-10,1468,2048,open,3,146.755,156.800,57.115;67.096;71.611,0.376;0.191;0.309,2954;2943;2182,146.534;146.729;147.089,156.793;156.855;156.735
5-100,1468,2048,open,2,146.145,155.589,67.337;79.156,0.283;0.212,2892;2955,145.838;146.444,155.604;155.574
5-101,1468,2048,open,3,146.762,156.791,57.114;67.097;71.611,0.377;0.191;0.315,2953;2943;2186,146.539;146.731;147.105,156.796;156.851;156.705
5-102,1468,2048,open,3,146.762,156.791,57.114;67.097;71.611,0.377;0.191;0.315,2953;2943;2186,146.539;146.731;147.105,156.796;156.851;156.705
5-103,1468,2048,open,3,146.755,156.800,57.115;67.096;71.611,0.376;0.191;0.309,2954;2943;2182,146.534;146.729;147.089,156.793;156.855;156.735
5-104,1468,2048,open,3,146.755,156.800,57.115;67.096;71.611,0.376;0.191;0.309,2954;2943;2182,146.534;146.729;147.089,156.793;156.855;156.735
5-105,1468,2048,open,3,146.755,156.800,57.115;67.096;71.611,0.376;0.191;0.309,2954;2943;2182,146.534;146.729;147.089,156.793;156.855;156.735
5-106,1468,2048,open,2,146.156,155.570,67.341;79.160,0.292;0.207,2893;2960,145.852;146.453,155.581;155.558
5-107,1468,2048,open,3,146.755,156.800,57.115;67.096;71.611,0.376;0.191;0.309,2954;2943;2182,146.534;146.729;147.089,156.793;156.855;156.735
5-108,1468,2048,open,3,146.755,156.800,57.115;67.096;71.611,0.376;0.191;0.309,2954;2943;2182,146.534;146.729;147.089,156.793;156.855;156.735
5-109,1468,2048,open,3,146.755,156.800,57.115;67.096;71.611,0.376;0.191;0.309,2954;2943;2182,146.534;146.729;147.089,156.793;156.855;156.735
5-11,1468,2048,open,3,146.755,156.800,57.115;67.096;71.611,0.376;0.191;0.309,2954;2943;2182,146.534;146.729;147.089,156.793;156.855;156.735
5-110,1468,2048,open,2,146.156,155.570,67.341;79.160,0.292;0.207,2893;2960,145.852;146.453,155.581;155.558
5-111,1468,2048,open,3,146.755,156.800,57.115;67.096;71.611,0.376;0.191;0.309,2954;2943;2182,146.534;146.729;147.089,156.793;156.855;156.735
5-112,1468,2048,open,3,146.755,156.800,57.115;67.096;71.611,0.376;0.191;0.309,2954;2943;2182,146.534;146.729;147.089,156.793;156.855;156.735
5-113,1468,2048,open,3,146.755,156.800,57.115;67.096;71.611,0.376;0.191;0.309,2954;2943;2182,146.534;146.729;147.089,156.793;156.855;156.735
5-114,1468,2048,open,3,146.755,156.800,57.115;67.096;71.611,0.376;0.191;0.309,2954;2943;2182,146.534;146.729;147.089,156.793;156.855;156.735
5-115,1468,2048,open,2,146.156,155.570,67.341;79.160,0.292;0.207,2893;2960,145.852;146.453,155.581;155.558
5-116,1468,2048,open,3,146.755,156.800,57.115;67.096;71.611,0.376;0.191;0.309,2954;2943;2182,146.534;146.729;147.089,156.793;156.855;156.735
5-117,1468,2048,open,3,146.762,156.791,57.114;67.097;71.611,0.377;0.191;0.315,2953;2943;2186,146.539;146.731;147.105,156.796;156.851;156.705
5-118,1468,2048,open,2,146.156,155.570,67.341;79.160,0.292;0.207,2893;2960,145.852;146.453,155.581;155.558
5-119,1468,2048,open,2,146.156,155.570,67.341;79.160,0.292;0.207,2893;2960,145.852;146.453,155.581;155.558
5-12,1468,2048,open,3,146.755,156.800,57.115;67.096;71.611,0.376;0.191;0.309,2954;2943;2182,146.534;146.729;147.089,156.793;156.855;156.735
5-120,1468,2048,open,3,146.755,156.800,57.115;67.096;71.611,0.376;0.191;0.309,2954;2943;2182,146.534;146.729;147.089,156.793;156.855;156.735
5-121,1468,2048,open,2,146.156,155.570,67.341;79.160,0.292;0.207,2893;2960,145.852;146.453,155.581;155.558
5-122,1468,2048,open,3,146.755,156.800,57.115;67.096;71.611,0.376;0.191;0.309,2954;2943;2182,146.534;146.729;147.089,156.793;156.855;156.735
5-123,1468,2048,open,2,146.156,155.570,67.341;79.160,0.292;0.207,2893;2960,145.852;146.453,155.581;155.558
5-124,1468,2048,open,2,146.156,155.570,67.341;79.160,0.292;0.207,2893;2960,145.852;146.453,155.581;155.558
5-125,1468,2048,open,2,146.156,155.570,67.341;79.160,0.292;0.207,2893;2960,145.852;146.453,155.581;155.558
5-126,1468,2048,open,3,146.755,156.800,57.115;67.096;71.611,0.376;0.191;0.309,2954;2943;2182,146.534;146.729;147.089,156.793;156.855;156.735
5-127,1468,2048,open,3,146.755,156.800,57.115;67.096;71.611,0.376;0.191;0.309,2954;2943;2182,146.534;146.729;147.089,156.793;156.855;156.735
5-128,1468,2048,open,3,146.755,156.800,57.115;67.096;71.611,0.376;0.191;0.309,2954;2943;2182,146.534;146.729;147.089,156.793;156.855;156.735
5-129,1468,2048,open,3,146.762,156.791,57.114;67.097;71.611,0.377;0.191;0.315,2953;2943;2186,146.539;146.731;147.105,156.796;156.851;156.705
5-13,1468,2048,open,2,146.156,155.570,67.341;79.160,0.292;0.207,2893;2960,145.852;146.453,155.581;155.558
5-130,1468,2048,open,2,146.156,155.570,67.341;79.160,0.292;0.207,2893;2960,145.852;146.453,155.581;155.558
5-131,1468,2048,open,3,146.755,156.800,57.115;67.096;71.611,0.376;0.191;0.309,2954;2943;2182,146.534;146.729;147.089,156.793;156.855;156.735
5-132,1468,2048,open,3,146.762,156.697,57.102;67.149;71.638,0.368;0.199;0.301,2936;2964;2314,146.522;146.736;147.099,156.706;156.758;156.606
5-133,1468,2048,open,2,146.145,155.589,67.337;79.156,0.283;0.212,2892;2955,145.838;146.444,155.604;155.574
5-134,1468,2048,open,3,146.749,156.729,57.109;67.109;71.620,0.374;0.196;0.317,2952;2922;2157,146.528;146.716;147.097,156.736;156.795;156.631
5-135,1468,2048,open,2,146.156,155.570,67.341;79.160,0.292;0.207,2893;2960,145.852;146.453,155.581;155.558
5-136,1468,2048,open,3,146.762,156.791,57.114;67.097;71.611,0.377;0.191;0.315,2953;2943;2186,146.539;146.731;147.105,156.796;156.851;156.705
5-137,1468,2048,open,3,146.755,156.800,57.115;67.096;71.611,0.376;0.191;0.309,2954;2943;2182,146.534;146.729;147.089,156.793;156.855;156.735
5-138,1468,2048,open,3,146.755,156.800,57.115;67.096;71.611,0.376;0.191;0.309,2954;2943;2182,146.534;146.729;147.089,156.793;156.855;156.735
5-139,1468,2048,open,3,146.755,156.800,57.115;67.096;71.611,0.376;0.191;0.309,2954;2943;2182,146.534;146.729;147.089,156.793;156.855;156.735
5-14,1468,2048,open,3,146.755,156.800,57.115;67.096;71.611,0.376;0.191;0.309,2954;2943;2182,146.534;146.729;147.089,156.793;156.855;156.735
5-140,1468,2048,open,2,146.156,155.570,67.341;79.160,0.292;0.207,2893;2960,145.852;146.453,155.581;155.558
5-141,1468,2048,open,3,146.755,156.800,57.115;67.096;71.611,0.376;0.191;0.309,2954;2943;2182,146.534;146.729;147.089,156.793;156.855;156.735
5-142,1468,2048,open,3,146.755,156.800,57.115;67.096;71.611,0.376;0.191;0.309,2954;2943;2182,146.534;146.729;147.089,156.793;156.855;156.735
5-143,1468,2048,open,3,146.755,156.800,57.115;67.096;71.611,0.376;0.191;0.309,2954;2943;2182,146.534;146.729;147.089,156.793;156.855;156.735
5-144,1468,2048,open,3,146.755,156.800,57.115;67.096;71.611,0.376;0.191;0.309,2954;2943;2182,146.534;146.729;147.089,156.793;156.855;156.735
5-145,1468,2048,open,2,146.156,155.570,67.341;79.160,0.292;0.207,2893;2960,145.852;146.453,155.581;155.558
5-146,1468,2048,open,2,146.156,155.570,67.341;79.160,0.292;0.207,2893;2960,145.852;146.453,155.581;155.558
5-147,1468,2048,open,3,146.755,156.800,57.115;67.096;71.611,0.376;0.191;0.309,2954;2943;2182,146.534;146.729;147.089,156.793;156.855;156.735
5-148,1468,2048,open,2,146.156,155.570,67.341;79.160,0.292;0.207,2893;2960,145.852;146.453,155.581;155.558
5-149,1468,2048,open,3,146.755,156.800,57.115;67.096;71.611,0.376;0.191;0.309,2954;2943;2182,146.534;146.729;147.089,156.793;156.855;156.735
5-15,1468,2048,open,3,146.755,156.800,57.115;67.096;71.611,0.376;0.191;0.309,2954;2943;2182,146.534;146.729;147.089,156.793;156.855;156.735
5-150,1468,2048,open,2,146.156,155.570,67.341;79.160,0.292;0.207,2893;2960,145.852;146.453,155.581;155.558
5-151,1468,2048,open,3,146.755,156.800,57.115;67.096;71.611,0.376;0.191;0.309,2954;2943;2182,146.534;146.729;147.089,156.793;156.855;156.735
5-152,1468,2048,open,2,146.156,155.570,67.341;79.160,0.292;0.207,2893;2960,145.852;146.453,155.581;155.558
5-153,1468,2048,open,3,146.755,156.800,57.115;67.096;71.611,0.376;0.191;0.309,2954;2943;2182,146.534;146.729;147.089,156.793;156.855;156.735
5-154,1468,2048,open,2,146.156,155.570,67.341;79.160,0.292;0.207,2893;2960,145.852;146.453,155.581;155.558
5-155,1468,2048,open,3,146.755,156.800,57.115;67.096;71.611,0.376;0.191;0.309,2954;2943;2182,146.534;146.729;147.089,156.793;156.855;156.735
5-156,1468,2048,open,3,146.755,156.800,57.115;67.096;71.611,0.376;0.191;0.309,2954;2943;2182,146.534;146.729;147.089,156.793;156.855;156.735
5-157,1468,2048,open,3,146.755,156.800,57.115;67.096;71.611,0.376;0.191;0.309,2954;2943;2182,146.534;146.729;147.089,156.793;156.855;156.735
5-158,1468,2048,open,2,146.156,155.570,67.341;79.160,0.292;0.207,2893;2960,145.852;146.453,155.581;155.558
5-159,1468,2048,open,2,146.156,155.570,67.341;79.160,0.292;0.207,2893;2960,145.852;146.453,155.581;155.558
5-16,1468,2048,open,2,146.156,155.570,67.341;79.160,0.292;0.207,2893;2960,145.852;146.453,155.581;155.558
5-160,1468,2048,open,3,146.755,156.800,57.115;67.096;71.611,0.376;0.191;0.309,2954;2943;2182,146.534;146.729;147.089,156.793;156.855;156.735
5-161,1468,2048,open,2,146.303,155.565,67.721;78.564,0.203;0.116,2892;2904,146.178;146.427,155.540;155.589
5-162,1468,2048,open,3,146.755,156.800,57.115;67.096;71.611,0.376;0.191;0.309,2954;2943;2182,146.534;146.729;147.089,156.793;156.855;156.735
5-163,1468,2048,open,3,146.755,156.800,57.115;67.096;71.611,0.376;0.191;0.309,2954;2943;2182,146.534;146.729;147.089,156.793;156.855;156.735
5-164,1468,2048,open,3,146.755,156.800,57.115;67.096;71.611,0.376;0.191;0.309,2954;2943;2182,146.534;146.729;147.089,156.793;156.855;156.735
5-165,1468,2048,open,3,146.749,156.729,57.109;67.109;71.620,0.374;0.196;0.317,2952;2922;2157,146.528;146.716;147.097,156.736;156.795;156.631
5-166,1468,2048,open,3,146.762,156.697,57.102;67.149;71.638,0.368;0.199;0.301,2936;2964;2314,146.522;146.736;147.099,156.706;156.758;156.606
5-167,1468,2048,open,2,146.145,155.589,67.337;79.156,0.283;0.212,2892;2955,145.838;146.444,155.604;155.574
5-168,1468,2048,open,2,146.145,155.589,67.337;79.156,0.283;0.212,2892;2955,145.838;146.444,155.604;155.574
5-169,1468,2048,open,3,146.762,156.791,57.114;67.097;71.611,0.377;0.191;0.315,2953;2943;2186,146.539;146.731;147.105,156.796;156.851;156.705
5-17,1468,2048,open,3,146.755,156.800,57.115;67.096;71.611,0.376;0.191;0.309,2954;2943;2182,146.534;146.729;147.089,156.793;156.855;156.735
5-170,1468,2048,open,3,146.762,156.791,57.114;67.097;71.611,0.377;0.191;0.315,2953;2943;2186,146.539;146.731;147.105,156.796;156.851;156.705
5-171,1468,2048,open,2,146.156,155.570,67.341;79.160,0.292;0.207,2893;2960,145.852;146.453,155.581;155.558
5-172,1468,2048,open,3,146.755,156.800,57.115;67.096;71.611,0.376;0.191;0.309,2954;2943;2182,146.534;146.729;147.089,156.793;156.855;156.735
5-173,1468,2048,open,3,146.755,156.800,57.115;67.096;71.611,0.376;0.191;0.309,2954;2943;2182,146.534;146.729;147.089,156.793;156.855;156.735
5-174,1468,2048,open,3,146.755,156.800,57.115;67.096;71.611,0.376;0.191;0.309,2954;2943;2182,146.534;146.729;147.089,156.793;156.855;156.735
5-175,1468,2048,open,3,146.755,156.800,57.115;67.096;71.611,0.376;0.191;0.309,2954;2943;2182,146.534;146.729;147.089,156.793;156.855;156.735
5-176,1468,2048,open,3,146.755,156.800,57.115;67.096;71.611,0.376;0.191;0.309,2954;2943;2182,146.534;146.729;147.089,156.793;156.855;156.735
5-177,1468,2048,open,3,146.755,156.800,57.115;67.096;71.611,0.376;0.191;0.309,2954;2943;2182,146.534;146.729;147.089,156.793;156.855;156.735
5-178,1468,2048,open,3,146.755,156.800,57.115;67.096;71.611,0.376;0.191;0.309,2954;2943;2182,146.534;146.729;147.089,156.793;156.855;156.735
5-179,1468,2048,open,3,146.755,156.800,57.115;67.096;71.611,0.376;0.191;0.309,2954;2943;2182,146.534;146.729;147.089,156.793;156.855;156.735
5-18,1468,2048,open,2,146.156,155.570,67.341;79.160,0.292;0.207,2893;2960,145.852;146.453,155.581;155.558
5-180,1468,2048,open,3,146.762,156.791,57.114;67.097;71.611,0.377;0.191;0.315,2953;2943;2186,146.539;146.731;147.105,156.796;156.851;156.705
5-181,1468,2048,open,3,146.755,156.800,57.115;67.096;71.611,0.376;0.191;0.309,2954;2943;2182,146.534;146.729;147.089,156.793;156.855;156.735
5-182,1468,2048,open,2,146.156,155.570,67.341;79.160,0.292;0.207,2893;2960,145.852;146.453,155.581;155.558
5-183,1468,2048,open,2,146.156,155.570,67.341;79.160,0.292;0.207,2893;2960,145.852;146.453,155.581;155.558
5-184,1468,2048,open,2,146.303,155.562,67.721;78.562,0.204;0.118,2894;2904,146.179;146.427,155.538;155.586
5-185,1468,2048,open,2,146.156,155.570,67.341;79.160,0.292;0.207,2893;2960,145.852;146.453,155.581;155.558
5-186,1468,2048,open,3,146.755,156.800,57.115;67.096;71.611,0.376;0.191;0.309,2954;2943;2182,146.534;146.729;147.089,156.793;156.855;156.735
5-187,1468,2048,open,2,146.156,155.570,67.341;79.160,0.292;0.207,2893;2960,145.852;146.453,155.581;155.558
5-188,1468,2048,open,2,146.156,155.570,67.341;79.160,0.292;0.207,2893;2960,145.852;146.453,155.581;155.558
5-189,1468,2048,open,3,146.755,156.800,57.115;67.096;71.611,0.376;0.191;0.309,2954;2943;2182,146.534;146.729;147.089,156.793;156.855;156.735
5-19,1468,2048,open,3,146.755,156.800,57.115;67.096;71.611,0.376;0.191;0.309,2954;2943;2182,146.534;146.729;147.089,156.793;156.855;156.735
5-190,1468,2048,open,3,146.755,156.800,57.115;67.096;71.611,0.376;0.191;0.309,2954;2943;2182,146.534;146.729;147.089,156.793;156.855;156.735
5-191,1468,2048,open,3,146.755,156.800,57.115;67.096;71.611,0.376;0.191;0.309,2954;2943;2182,146.534;146.729;147.089,156.793;156.855;156.735
5-192,1468,2048,open,3,146.755,156.800,57.115;67.096;71.611,0.376;0.191;0.309,2954;2943;2182,146.534;146.729;147.089,156.793;156.855;156.735
5-193,1468,2048,open,2,146.156,155.570,67.341;79.160,0.292;0.207,2893;2960,145.852;146.453,155.581;155.558
5-194,1468,2048,open,2,146.156,155.570,67.341;79.160,0.292;0.207,2893;2960,145.852;146.453,155.581;155.558
5-195,1468,2048,open,3,146.755,156.800,57.115;67.096;71.611,0.376;0.191;0.309,2954;2943;2182,146.534;146.729;147.089,156.793;156.855;156.735
5-196,1468,2048,open,3,146.755,156.800,57.115;67.096;71.611,0.376;0.191;0.309,2954;2943;2182,146.534;146.729;147.089,156.793;156.855;156.735
5-197,1468,2048,open,3,146.755,156.800,57.115;67.096;71.611,0.376;0.191;0.309,2954;2943;2182,146.534;146.729;147.089,156.793;156.855;156.735
5-198,1468,2048,open,3,146.755,156.800,57.115;67.096;71.611,0.376;0.191;0.309,2954;2943;2182,146.534;146.729;147.089,156.793;156.855;156.735
5-199,1468,2048,open,2,146.156,155.570,67.341;79.160,0.292;0.207,2893;2960,145.852;146.453,155.581;155.558
5-2-P2,1468,2048,open,2,146.303,155.565,67.721;78.564,0.203;0.116,2892;2903,146.178;146.427,155.540;155.590
5-2,1468,2048,open,3,146.755,156.800,57.115;67.096;71.611,0.376;0.191;0.309,2954;2943;2182,146.534;146.729;147.089,156.793;156.855;156.735
5-20,1468,2048,open,3,146.755,156.800,57.115;67.096;71.611,0.376;0.191;0.309,2954;2943;2182,146.534;146.729;147.089,156.793;156.855;156.735
5-200,1468,2048,open,3,146.749,156.729,57.109;67.109;71.620,0.374;0.196;0.317,2952;2922;2157,146.528;146.716;147.097,156.736;156.795;156.631
5-201,1468,2048,open,2,146.145,155.589,67.337;79.156,0.283;0.212,2892;2955,145.838;146.444,155.604;155.574
5-202,1468,2048,open,2,146.145,155.589,67.337;79.156,0.283;0.212,2892;2955,145.838;146.444,155.604;155.574
5-203,1468,2048,open,3,146.762,156.791,57.114;67.097;71.611,0.377;0.191;0.315,2953;2943;2186,146.539;146.731;147.105,156.796;156.851;156.705
5-204,1468,2048,open,3,146.762,156.791,57.114;67.097;71.611,0.377;0.191;0.315,2953;2943;2186,146.539;146.731;147.105,156.796;156.851;156.705
5-205,1468,2048,open,2,146.346,155.576,67.198;79.026,0.188;0.254,1660;1671,146.102;146.588,155.591;155.561
5-206,1468,2048,open,3,146.585,156.754,57.165;67.107;71.601,0.308;0.277;0.218,1363;1399;1070,146.684;146.400;146.701,156.741;156.779;156.736
5-207,1468,2048,open,2,146.295,155.571,67.200;78.935,0.187;0.251,1712;1803,146.100;146.479,155.586;155.557
5-208,1468,2048,open,3,146.670,156.731,57.197;67.130;71.717,0.314;0.259;0.163,1724;1856;1462,146.507;146.627;146.917,156.737;156.766;156.679
5-209,1468,2048,open,2,146.345,155.571,67.207;79.021,0.182;0.252,1697;1760,146.104;146.578,155.590;155.553
5-21,1468,2048,open,2,146.156,155.570,67.341;79.160,0.292;0.207,2893;2960,145.852;146.453,155.581;155.558
5-210,1468,2048,open,3,146.677,156.734,57.287;67.180;71.683,0.240;0.210;0.259,2346;2393;1860,146.414;146.680;147.005,156.737;156.785;156.665
5-211,1468,2048,open,3,146.627,156.745,57.352;67.048;71.666,0.146;0.293;0.165,1845;1903;1462,146.525;146.573;146.825,156.745;156.782;156.696
5-212,1468,2048,open,3,146.529,156.743,57.285;67.024;71.538,0.245;0.270;0.341,2085;2042;1510,146.405;146.392;146.884,156.729;156.782;156.710
5-213,1468,2048,open,3,146.594,156.751,57.292;67.017;71.572,0.231;0.265;0.305,1799;1764;1287,146.425;146.585;146.841,156.726;156.788;156.734
5-214,1468,2048,open,3,146.667,156.744,57.229;67.123;71.569,0.231;0.267;0.318,1470;1559;1202,146.766;146.415;146.873,156.741;156.772;156.711
5-215,1468,2048,open,2,146.342,155.577,67.257;78.937,0.213;0.254,1558;1602,146.212;146.469,155.597;155.557
5-216,1468,2048,open,3,146.600,156.742,57.227;67.089;71.602,0.267;0.248;0.325,2074;2051;1479,146.291;146.606;147.025,156.728;156.796;156.687
5-217,1468,2048,open,2,146.285,155.571,67.457;78.903,0.349;0.243,2228;2324,146.107;146.455,155.587;155.556
5-218,1468,2048,open,2,146.289,155.570,67.458;78.926,0.348;0.249,2193;2210,146.107;146.471,155.589;155.551
5-219,1468,2048,open,2,146.241,155.565,67.366;78.930,0.328;0.254,2322;2412,145.968;146.505,155.577;155.553
5-22,1468,2048,open,3,146.755,156.800,57.115;67.096;71.611,0.376;0.191;0.309,2954;2943;2182,146.534;146.729;147.089,156.793;156.855;156.735
5-220,1468,2048,open,2,146.396,155.574,67.312;78.906,0.199;0.242,1611;1668,146.327;146.462,155.591;155.559
5-221,1468,2048,open,2,146.412,155.574,67.318;78.926,0.190;0.246,1609;1671,146.378;146.444,155.586;155.562
5-222,1468,2048,open,3,146.605,156.749,57.356;66.968;71.591,0.150;0.270;0.324,1898;1845;1353,146.533;146.507;146.839,156.725;156.794;156.721
5-223,1468,2048,open,2,149.520,155.469,67.603;78.512,0.067;0.113,2907;2917,149.511;149.530,155.478;155.461
5-23,1468,2048,open,3,146.755,156.800,57.115;67.096;71.611,0.376;0.191;0.309,2954;2943;2182,146.534;146.729;147.089,156.793;156.855;156.735
5-24,1468,2048,open,3,146.755,156.800,57.115;67.096;71.611,0.376;0.191;0.309,2954;2943;2182,146.534;146.729;147.089,156.793;156.855;156.735
5-25,1468,2048,open,3,146.755,156.800,57.115;67.096;71.611,0.376;0.191;0.309,2954;2943;2182,146.534;146.729;147.089,156.793;156.855;156.735
5-26,1468,2048,open,3,146.755,156.800,57.115;67.096;71.611,0.376;0.191;0.309,2954;2943;2182,146.534;146.729;147.089,156.793;156.855;156.735
5-27,1468,2048,open,2,146.303,155.562,67.721;78.562,0.204;0.118,2894;2904,146.179;146.427,155.538;155.586
5-28,1468,2048,open,2,146.156,155.570,67.341;79.160,0.292;0.207,2893;2960,145.852;146.453,155.581;155.558
5-29,1468,2048,open,2,146.156,155.570,67.341;79.160,0.292;0.207,2893;2960,145.852;146.453,155.581;155.558
5-3-P2,1468,2048,open,3,146.755,156.800,57.115;67.096;71.611,0.376;0.191;0.309,2954;2943;2182,146.534;146.729;147.089,156.793;156.855;156.735
5-3,1468,2048,open,2,146.156,155.570,67.341;79.160,0.292;0.207,2893;2960,145.852;146.453,155.581;155.558
5-30,1468,2048,open,3,146.762,156.697,57.102;67.149;71.638,0.368;0.199;0.301,2936;2964;2314,146.522;146.736;147.099,156.706;156.758;156.606
5-31,1468,2048,open,3,146.762,156.697,57.102;67.149;71.638,0.368;0.199;0.301,2936;2964;2314,146.522;146.736;147.099,156.706;156.758;156.606
5-32,1468,2048,open,3,146.749,156.729,57.109;67.109;71.620,0.374;0.196;0.317,2952;2922;2157,146.528;146.716;147.097,156.736;156.795;156.631
5-33,1468,2048,open,3,146.762,156.791,57.114;67.097;71.611,0.377;0.191;0.315,2953;2943;2186,146.539;146.731;147.105,156.796;156.851;156.705
5-34,1468,2048,open,3,146.762,156.791,57.114;67.097;71.611,0.377;0.191;0.315,2953;2943;2186,146.539;146.731;147.105,156.796;156.851;156.705
5-35,1468,2048,open,2,146.156,155.570,67.341;79.160,0.292;0.207,2893;2960,145.852;146.453,155.581;155.558
5-36,1468,2048,open,3,146.762,156.791,57.114;67.097;71.611,0.377;0.191;0.315,2953;2943;2186,146.539;146.731;147.105,156.796;156.851;156.705
5-37,1468,2048,open,3,146.755,156.800,57.115;67.096;71.611,0.376;0.191;0.309,2954;2943;2182,146.534;146.729;147.089,156.793;156.855;156.735
5-38,1468,2048,open,3,146.755,156.800,57.115;67.096;71.611,0.376;0.191;0.309,2954;2943;2182,146.534;146.729;147.089,156.793;156.855;156.735
5-39,1468,2048,open,3,146.755,156.800,57.115;67.096;71.611,0.376;0.191;0.309,2954;2943;2182,146.534;146.729;147.089,156.793;156.855;156.735
5-4-P2,1468,2048,open,3,146.762,156.791,57.114;67.097;71.611,0.377;0.191;0.315,2953;2943;2186,146.539;146.731;147.105,156.796;156.851;156.705
5-4,1468,2048,open,3,146.755,156.800,57.115;67.096;71.611,0.376;0.191;0.309,2954;2943;2182,146.534;146.729;147.089,156.793;156.855;156.735
5-40,1468,2048,open,3,146.755,156.800,57.115;67.096;71.611,0.376;0.191;0.309,2954;2943;2182,146.534;146.729;147.089,156.793;156.855;156.735
5-41,1468,2048,open,3,146.755,156.800,57.115;67.096;71.611,0.376;0.191;0.309,2954;2943;2182,146.534;146.729;147.089,156.793;156.855;156.735
5-42,1468,2048,open,3,146.755,156.800,57.115;67.096;71.611,0.376;0.191;0.309,2954;2943;2182,146.534;146.729;147.089,156.793;156.855;156.735
5-43,1468,2048,open,3,146.755,156.800,57.115;67.096;71.611,0.376;0.191;0.309,2954;2943;2182,146.534;146.729;147.089,156.793;156.855;156.735
5-44,1468,2048,open,3,146.755,156.800,57.115;67.096;71.611,0.376;0.191;0.309,2954;2943;2182,146.534;146.729;147.089,156.793;156.855;156.735
5-45,1468,2048,open,2,146.156,155.570,67.341;79.160,0.292;0.207,2893;2960,145.852;146.453,155.581;155.558
5-46,1468,2048,open,2,146.156,155.570,67.341;79.160,0.292;0.207,2893;2960,145.852;146.453,155.581;155.558
5-47,1468,2048,open,3,146.755,156.800,57.115;67.096;71.611,0.376;0.191;0.309,2954;2943;2182,146.534;146.729;147.089,156.793;156.855;156.735
5-48,1468,2048,open,3,146.755,156.800,57.115;67.096;71.611,0.376;0.191;0.309,2954;2943;2182,146.534;146.729;147.089,156.793;156.855;156.735
5-49,1468,2048,open,2,146.156,155.570,67.341;79.160,0.292;0.207,2893;2960,145.852;146.453,155.581;155.558
5-5-D23,1468,2048,open,3,146.663,156.744,57.222;67.181;71.656,0.304;0.232;0.132,1179;1382;1097,146.584;146.606;146.821,156.735;156.786;156.701
5-5-P2,1468,2048,open,2,146.156,155.570,67.341;79.160,0.292;0.207,2893;2960,145.852;146.453,155.581;155.558
5-5,1468,2048,open,3,146.755,156.800,57.115;67.096;71.611,0.376;0.191;0.309,2954;2943;2182,146.534;146.729;147.089,156.793;156.855;156.735
5-50,1468,2048,open,2,146.156,155.570,67.341;79.160,0.292;0.207,2893;2960,145.852;146.453,155.581;155.558
5-51,1468,2048,open,3,146.755,156.800,57.115;67.096;71.611,0.376;0.191;0.309,2954;2943;2182,146.534;146.729;147.089,156.793;156.855;156.735
5-52,1468,2048,open,3,146.755,156.800,57.115;67.096;71.611,0.376;0.191;0.309,2954;2943;2182,146.534;146.729;147.089,156.793;156.855;156.735
5-53,1468,2048,open,3,146.755,156.800,57.115;67.096;71.611,0.376;0.191;0.309,2954;2943;2182,146.534;146.729;147.089,156.793;156.855;156.735
5-54,1468,2048,open,3,146.755,156.800,57.115;67.096;71.611,0.376;0.191;0.309,2954;2943;2182,146.534;146.729;147.089,156.793;156.855;156.735
5-55,1468,2048,open,2,146.156,155.570,67.341;79.160,0.292;0.207,2893;2960,145.852;146.453,155.581;155.558
5-56,1468,2048,open,2,146.156,155.570,67.341;79.160,0.292;0.207,2893;2960,145.852;146.453,155.581;155.558
5-57,1468,2048,open,3,146.755,156.800,57.115;67.096;71.611,0.376;0.191;0.309,2954;2943;2182,146.534;146.729;147.089,156.793;156.855;156.735
5-58,1468,2048,open,3,146.661,156.796,57.737;66.615;72.167,0.193;0.163;0.176,2784;2938;1932,146.550;146.533;147.015,156.805;156.792;156.790
5-59,1468,2048,open,3,146.755,156.800,57.115;67.096;71.611,0.376;0.191;0.309,2954;2943;2182,146.534;146.729;147.089,156.793;156.855;156.735
5-6-C1,1468,2048,open,4,146.292,155.340,67.430;78.942;88.145;90.327,0.341;0.248;1.278;1.469,806;827;523;402,146.131;146.482;146.573;145.860,155.557;155.524;154.967;155.013
5-6-P2,1468,2048,open,2,146.156,155.570,67.341;79.160,0.292;0.207,2893;2960,145.852;146.453,155.581;155.558
5-6-P3,1468,2048,open,3,146.585,156.749,57.738;66.596;72.024,0.193;0.156;0.361,2761;2912;1925,146.558;146.532;146.705,156.749;156.720;156.794
5-6,1468,2048,open,3,146.755,156.800,57.115;67.096;71.611,0.376;0.191;0.309,2954;2943;2182,146.534;146.729;147.089,156.793;156.855;156.735
5-60,1468,2048,open,3,146.762,156.791,57.114;67.097;71.611,0.377;0.191;0.315,2953;2943;2186,146.539;146.731;147.105,156.796;156.851;156.705
5-61,1468,2048,open,3,146.755,156.800,57.115;67.096;71.611,0.376;0.191;0.309,2954;2943;2182,146.534;146.729;147.089,156.793;156.855;156.735
5-62,1468,2048,open,2,146.156,155.570,67.341;79.160,0.292;0.207,2893;2960,145.852;146.453,155.581;155.558
5-63,1468,2048,open,3,146.755,156.800,57.115;67.096;71.611,0.376;0.191;0.309,2954;2943;2182,146.534;146.729;147.089,156.793;156.855;156.735
5-64,1468,2048,open,3,146.762,156.697,57.102;67.149;71.638,0.368;0.199;0.301,2936;2964;2314,146.522;146.736;147.099,156.706;156.758;156.606
5-65,1468,2048,open,2,146.145,155.589,67.337;79.156,0.283;0.212,2892;2955,145.838;146.444,155.604;155.574
5-66,1468,2048,open,3,146.749,156.729,57.109;67.109;71.620,0.374;0.196;0.317,2952;2922;2157,146.528;146.716;147.097,156.736;156.795;156.631
5-67,1468,2048,open,2,146.156,155.570,67.341;79.160,0.292;0.207,2893;2960,145.852;146.453,155.581;155.558
5-68,1468,2048,open,3,146.762,156.791,57.114;67.097;71.611,0.377;0.191;0.315,2953;2943;2186,146.539;146.731;147.105,156.796;156.851;156.705
5-69,1468,2048,open,2,146.156,155.570,67.341;79.160,0.292;0.207,2893;2960,145.852;146.453,155.581;155.558
5-7-C1,1468,2048,open,3,146.358,155.460,67.433;78.913;88.061,0.351;0.241;1.360,891;911;355,146.121;146.509;146.565,155.589;155.549;154.907
5-7-P2,1468,2048,open,3,146.573,156.741,57.234;67.142;71.684,0.292;0.265;0.141,1376;1443;1127,146.464;146.465;146.846,156.742;156.768;156.705
5-7,1468,2048,open,3,146.755,156.800,57.115;67.096;71.611,0.376;0.191;0.309,2954;2943;2182,146.534;146.729;147.089,156.793;156.855;156.735
5-70,1468,2048,open,3,146.755,156.800,57.115;67.096;71.611,0.376;0.191;0.309,2954;2943;2182,146.534;146.729;147.089,156.793;156.855;156.735
5-71,1468,2048,open,3,146.755,156.800,57.115;67.096;71.611,0.376;0.191;0.309,2954;2943;2182,146.534;146.729;147.089,156.793;156.855;156.735
5-72,1468,2048,open,3,146.755,156.800,57.115;67.096;71.611,0.376;0.191;0.309,2954;2943;2182,146.534;146.729;147.089,156.793;156.855;156.735
5-73,1468,2048,open,3,146.762,156.791,57.114;67.097;71.611,0.377;0.191;0.315,2953;2943;2186,146.539;146.731;147.105,156.796;156.851;156.705
5-74,1468,2048,open,2,146.156,155.570,67.341;79.160,0.292;0.207,2893;2960,145.852;146.453,155.581;155.558
5-75,1468,2048,open,3,146.755,156.800,57.115;67.096;71.611,0.376;0.191;0.309,2954;2943;2182,146.534;146.729;147.089,156.793;156.855;156.735
5-76,1468,2048,open,3,146.755,156.800,57.115;67.096;71.611,0.376;0.191;0.309,2954;2943;2182,146.534;146.729;147.089,156.793;156.855;156.735
5-77,1468,2048,open,3,146.755,156.800,57.115;67.096;71.611,0.376;0.191;0.309,2954;2943;2182,146.534;146.729;147.089,156.793;156.855;156.735
5-78,1468,2048,open,3,146.755,156.800,57.115;67.096;71.611,0.376;0.191;0.309,2954;2943;2182,146.534;146.729;147.089,156.793;156.855;156.735
5-79,1468,2048,open,3,146.755,156.800,57.115;67.096;71.611,0.376;0.191;0.309,2954;2943;2182,146.534;146.729;147.089,156.793;156.855;156.735
5-8,1468,2048,open,3,146.755,156.800,57.115;67.096;71.611,0.376;0.191;0.309,2954;2943;2182,146.534;146.729;147.089,156.793;156.855;156.735
5-80,1468,2048,open,2,146.156,155.570,67.341;79.160,0.292;0.207,2893;2960,145.852;146.453,155.581;155.558
5-81,1468,2048,open,2,146.156,155.570,67.341;79.160,0.292;0.207,2893;2960,145.852;146.453,155.581;155.558
5-82,1468,2048,open,2,146.156,155.570,67.341;79.160,0.292;0.207,2893;2960,145.852;146.453,155.581;155.558
5-83,1468,2048,open,3,146.755,156.800,57.115;67.096;71.611,0.376;0.191;0.309,2954;2943;2182,146.534;146.729;147.089,156.793;156.855;156.735
5-84,1468,2048,open,3,146.755,156.800,57.115;67.096;71.611,0.376;0.191;0.309,2954;2943;2182,146.534;146.729;147.089,156.793;156.855;156.735
5-85,1468,2048,open,2,146.156,155.570,67.341;79.160,0.292;0.207,2893;2960,145.852;146.453,155.581;155.558
5-86,1468,2048,open,3,146.755,156.800,57.115;67.096;71.611,0.376;0.191;0.309,2954;2943;2182,146.534;146.729;147.089,156.793;156.855;156.735
5-87,1468,2048,open,3,146.755,156.800,57.115;67.096;71.611,0.376;0.191;0.309,2954;2943;2182,146.534;146.729;147.089,156.793;156.855;156.735
5-88,1468,2048,open,3,146.755,156.800,57.115;67.096;71.611,0.376;0.191;0.309,2954;2943;2182,146.534;146.729;147.089,156.793;156.855;156.735
5-89,1468,2048,open,3,146.755,156.800,57.115;67.096;71.611,0.376;0.191;0.309,2954;2943;2182,146.534;146.729;147.089,156.793;156.855;156.735
5-9,1468,2048,open,3,146.755,156.800,57.115;67.096;71.611,0.376;0.191;0.309,2954;2943;2182,146.534;146.729;147.089,156.793;156.855;156.735
5-90,1468,2048,open,3,146.755,156.800,57.115;67.096;71.611,0.376;0.191;0.309,2954;2943;2182,146.534;146.729;147.089,156.793;156.855;156.735
5-91,1468,2048,open,3,146.755,156.800,57.115;67.096;71.611,0.376;0.191;0.309,2954;2943;2182,146.534;146.729;147.089,156.793;156.855;156.735
5-92,1468,2048,open,3,146.755,156.800,57.115;67.096;71.611,0.376;0.191;0.309,2954;2943;2182,146.534;146.729;147.089,156.793;156.855;156.735
5-93,1468,2048,open,3,146.755,156.800,57.115;67.096;71.611,0.376;0.191;0.309,2954;2943;2182,146.534;146.729;147.089,156.793;156.855;156.735
5-94,1468,2048,open,3,146.755,156.800,57.115;67.096;71.611,0.376;0.191;0.309,2954;2943;2182,146.534;146.729;147.089,156.793;156.855;156.735
5-95,1468,2048,open,3,146.762,156.791,57.114;67.097;71.611,0.377;0.191;0.315,2953;2943;2186,146.539;146.731;147.105,156.796;156.851;156.705
5-96,1468,2048,open,3,146.755,156.800,57.115;67.096;71.611,0.376;0.191;0.309,2954;2943;2182,146.534;146.729;147.089,156.793;156.855;156.735
5-97,1468,2048,open,2,146.156,155.570,67.341;79.160,0.292;0.207,2893;2960,145.852;146.453,155.581;155.558
5-98,1468,2048,open,3,146.762,156.697,57.102;67.149;71.638,0.368;0.199;0.301,2936;2964;2314,146.522;146.736;147.099,156.706;156.758;156.606
5-99,1468,2048,open,3,146.749,156.729,57.109;67.109;71.620,0.374;0.196;0.317,2952;2922;2157,146.528;146.716;147.097,156.736;156.795;156.631
6-1,1468,2048,open,3,146.598,156.802,57.734;66.619;72.023,0.193;0.151;0.363,2784;2926;1930,146.558;146.560;146.711,156.797;156.778;156.845
6-10-P2,1468,2048,open,3,146.755,156.768,57.107;67.107;71.617,0.371;0.194;0.319,2952;2936;2167,146.527;146.726;147.106,156.770;156.826;156.687
6-10,1468,2048,open,3,146.598,156.802,57.734;66.619;72.023,0.193;0.151;0.363,2784;2926;1930,146.558;146.560;146.711,156.797;156.778;156.845
6-100,1468,2048,open,3,146.654,156.723,57.736;66.597;72.157,0.192;0.156;0.172,2748;2913;1929,146.547;146.525;147.001,156.733;156.715;156.722
6-101,1468,2048,open,3,146.598,156.802,57.734;66.619;72.023,0.193;0.151;0.363,2784;2926;1930,146.558;146.560;146.711,156.797;156.778;156.845
6-102,1468,2048,open,2,146.303,155.565,67.721;78.564,0.203;0.116,2892;2904,146.178;146.427,155.540;155.589
6-103,1468,2048,open,3,146.598,156.802,57.734;66.619;72.023,0.193;0.151;0.363,2784;2926;1930,146.558;146.560;146.711,156.797;156.778;156.845
6-104,1468,2048,open,2,146.303,155.565,67.721;78.564,0.203;0.116,2892;2904,146.178;146.427,155.540;155.589
6-105,1468,2048,open,3,146.598,156.802,57.734;66.619;72.023,0.193;0.151;0.363,2784;2926;1930,146.558;146.560;146.711,156.797;156.778;156.845
6-106,1468,2048,open,3,146.598,156.802,57.734;66.619;72.023,0.193;0.151;0.363,2784;2926;1930,146.558;146.560;146.711,156.797;156.778;156.845
6-107,1468,2048,open,3,146.598,156.802,57.734;66.619;72.023,0.193;0.151;0.363,2784;2926;1930,146.558;146.560;146.711,156.797;156.778;156.845
6-108,1468,2048,open,2,146.303,155.565,67.721;78.564,0.203;0.116,2892;2904,146.178;146.427,155.540;155.589
6-109,1468,2048,open,2,146.303,155.565,67.721;78.564,0.203;0.116,2892;2904,146.178;146.427,155.540;155.589
6-11-P2,1468,2048,open,3,146.755,156.768,57.107;67.107;71.617,0.371;0.194;0.319,2952;2936;2167,146.527;146.726;147.106,156.770;156.826;156.687
6-11,1468,2048,open,3,146.598,156.802,57.734;66.619;72.023,0.193;0.151;0.363,2784;2926;1930,146.558;146.560;146.711,156.797;156.778;156.845
6-110,1468,2048,open,3,146.598,156.802,57.734;66.619;72.023,0.193;0.151;0.363,2784;2926;1930,146.558;146.560;146.711,156.797;156.778;156.845
6-111,1468,2048,open,3,146.598,156.802,57.734;66.619;72.023,0.193;0.151;0.363,2784;2926;1930,146.558;146.560;146.711,156.797;156.778;156.845
6-112,1468,2048,open,3,146.598,156.802,57.734;66.619;72.023,0.193;0.151;0.363,2784;2926;1930,146.558;146.560;146.711,156.797;156.778;156.845
6-113,1468,2048,open,3,146.598,156.802,57.734;66.619;72.023,0.193;0.151;0.363,2784;2926;1930,146.558;146.560;146.711,156.797;156.778;156.845
6-114,1468,2048,open,2,146.303,155.565,67.721;78.564,0.203;0.116,2892;2904,146.178;146.427,155.540;155.589
6-115,1468,2048,open,3,146.598,156.802,57.734;66.619;72.023,0.193;0.151;0.363,2784;2926;1930,146.558;146.560;146.711,156.797;156.778;156.845
6-116,1468,2048,open,3,146.598,156.802,57.734;66.619;72.023,0.193;0.151;0.363,2784;2926;1930,146.558;146.560;146.711,156.797;156.778;156.845
6-117,1468,2048,open,3,146.598,156.802,57.734;66.619;72.023,0.193;0.151;0.363,2784;2926;1930,146.558;146.560;146.711,156.797;156.778;156.845
6-118,1468,2048,open,3,146.598,156.802,57.734;66.619;72.023,0.193;0.151;0.363,2784;2926;1930,146.558;146.560;146.711,156.797;156.778;156.845
6-119,1468,2048,open,3,146.598,156.802,57.734;66.619;72.023,0.193;0.151;0.363,2784;2926;1930,146.558;146.560;146.711,156.797;156.778;156.845
6-12-P2,1468,2048,open,2,146.153,155.543,67.351;79.157,0.284;0.207,2921;2953,145.850;146.453,155.543;155.544
6-12,1468,2048,open,3,146.598,156.802,57.734;66.619;72.023,0.193;0.151;0.363,2784;2926;1930,146.558;146.560;146.711,156.797;156.778;156.845
6-120,1468,2048,open,2,146.303,155.565,67.721;78.564,0.203;0.116,2892;2904,146.178;146.427,155.540;155.589
6-121,1468,2048,open,3,146.598,156.802,57.734;66.619;72.023,0.193;0.151;0.363,2784;2926;1930,146.558;146.560;146.711,156.797;156.778;156.845
6-122,1468,2048,open,3,146.598,156.802,57.734;66.619;72.023,0.193;0.151;0.363,2784;2926;1930,146.558;146.560;146.711,156.797;156.778;156.845
6-123,1468,2048,open,2,146.303,155.565,67.721;78.564,0.203;0.116,2892;2904,146.178;146.427,155.540;155.589
6-124,1468,2048,open,3,146.598,156.802,57.734;66.619;72.023,0.193;0.151;0.363,2784;2926;1930,146.558;146.560;146.711,156.797;156.778;156.845
6-125,1468,2048,open,2,146.303,155.565,67.721;78.564,0.203;0.116,2892;2904,146.178;146.427,155.540;155.589
6-126,1468,2048,open,3,146.598,156.802,57.734;66.619;72.023,0.193;0.151;0.363,2784;2926;1930,146.558;146.560;146.711,156.797;156.778;156.845
6-127,1468,2048,open,2,146.303,155.565,67.721;78.564,0.203;0.116,2892;2904,146.178;146.427,155.540;155.589
6-128,1468,2048,open,3,146.598,156.802,57.734;66.619;72.023,0.193;0.151;0.363,2784;2926;1930,146.558;146.560;146.711,156.797;156.778;156.845
6-129,1468,2048,open,3,146.598,156.802,57.734;66.619;72.023,0.193;0.151;0.363,2784;2926;1930,146.558;146.560;146.711,156.797;156.778;156.845
6-13-P2,1468,2048,open,3,146.755,156.768,57.107;67.107;71.617,0.371;0.194;0.319,2952;2936;2167,146.527;146.726;147.106,156.770;156.826;156.687
6-13-P3,1468,2048,open,3,146.473,156.854,57.759;66.639;72.036,0.206;0.164;0.352,2782;2949;2021,146.439;146.431;146.581,156.841;156.842;156.891
6-13,1468,2048,open,3,146.598,156.802,57.734;66.619;72.023,0.193;0.151;0.363,2784;2926;1930,146.558;146.560;146.711,156.797;156.778;156.845
6-130,1468,2048,open,2,146.303,155.565,67.721;78.564,0.203;0.116,2892;2904,146.178;146.427,155.540;155.589
6-131,1468,2048,open,2,146.303,155.565,67.721;78.564,0.203;0.116,2892;2904,146.178;146.427,155.540;155.589
6-132,1468,2048,open,2,146.303,155.565,67.721;78.564,0.203;0.116,2892;2903,146.178;146.427,155.540;155.590
6-133,1468,2048,open,3,146.654,156.723,57.736;66.597;72.157,0.192;0.156;0.172,2748;2913;1929,146.547;146.525;147.001,156.733;156.715;156.722
6-134,1468,2048,open,3,146.654,156.723,57.736;66.597;72.157,0.192;0.156;0.172,2748;2913;1929,146.547;146.525;147.001,156.733;156.715;156.722
6-135,1468,2048,open,2,146.303,155.565,67.721;78.564,0.203;0.116,2892;2904,146.178;146.427,155.540;155.589
6-136,1468,2048,open,3,146.598,156.802,57.734;66.619;72.023,0.193;0.151;0.363,2784;2926;1930,146.558;146.560;146.711,156.797;156.778;156.845
6-137,1468,2048,open,3,146.598,156.802,57.734;66.619;72.023,0.193;0.151;0.363,2784;2926;1930,146.558;146.560;146.711,156.797;156.778;156.845
6-138,1468,2048,open,3,146.598,156.802,57.734;66.619;72.023,0.193;0.151;0.363,2784;2926;1930,146.558;146.560;146.711,156.797;156.778;156.845
6-139,1468,2048,open,3,146.598,156.802,57.734;66.619;72.023,0.193;0.151;0.363,2784;2926;1930,146.558;146.560;146.711,156.797;156.778;156.845
6-14-P2,1468,2048,open,2,146.304,155.572,67.737;78.539,0.196;0.121,2081;2149,146.182;146.422,155.547;155.596
6-14-P3,1468,2048,open,3,146.473,156.854,57.759;66.639;72.036,0.206;0.164;0.352,2782;2949;2021,146.439;146.431;146.581,156.841;156.842;156.891
6-14,1468,2048,open,2,146.303,155.565,67.721;78.564,0.203;0.116,2892;2904,146.178;146.427,155.540;155.589
6-140,1468,2048,open,3,146.598,156.802,57.734;66.619;72.023,0.193;0.151;0.363,2784;2926;1930,146.558;146.560;146.711,156.797;156.778;156.845
6-141,1468,2048,open,3,146.598,156.802,57.734;66.619;72.023,0.193;0.151;0.363,2784;2926;1930,146.558;146.560;146.711,156.797;156.778;156.845
6-142,1468,2048,open,2,146.303,155.565,67.721;78.564,0.203;0.116,2892;2904,146.178;146.427,155.540;155.589
6-143,1468,2048,open,3,146.598,156.802,57.734;66.619;72.023,0.193;0.151;0.363,2784;2926;1930,146.558;146.560;146.711,156.797;156.778;156.845
6-144,1468,2048,open,3,146.598,156.802,57.734;66.619;72.023,0.193;0.151;0.363,2784;2926;1930,146.558;146.560;146.711,156.797;156.778;156.845
6-145,1468,2048,open,3,146.598,156.802,57.734;66.619;72.023,0.193;0.151;0.363,2784;2926;1930,146.558;146.560;146.711,156.797;156.778;156.845
6-146,1468,2048,open,3,146.598,156.802,57.734;66.619;72.023,0.193;0.151;0.363,2784;2926;1930,146.558;146.560;146.711,156.797;156.778;156.845
6-147,1468,2048,open,3,146.598,156.802,57.734;66.619;72.023,0.193;0.151;0.363,2784;2926;1930,146.558;146.560;146.711,156.797;156.778;156.845
6-148,1468,2048,open,3,146.598,156.802,57.734;66.619;72.023,0.193;0.151;0.363,2784;2926;1930,146.558;146.560;146.711,156.797;156.778;156.845
6-149,1468,2048,open,3,146.598,156.802,57.734;66.619;72.023,0.193;0.151;0.363,2784;2926;1930,146.558;146.560;146.711,156.797;156.778;156.845
6-15,1468,2048,open,3,146.598,156.802,57.734;66.619;72.023,0.193;0.151;0.363,2784;2926;1930,146.558;146.560;146.711,156.797;156.778;156.845
6-150,1468,2048,open,3,146.598,156.802,57.734;66.619;72.023,0.193;0.151;0.363,2784;2926;1930,146.558;146.560;146.711,156.797;156.778;156.845
6-151,1468,2048,open,3,146.598,156.802,57.734;66.619;72.023,0.193;0.151;0.363,2784;2926;1930,146.558;146.560;146.711,156.797;156.778;156.845
6-152,1468,2048,open,3,146.598,156.802,57.734;66.619;72.023,0.193;0.151;0.363,2784;2926;1930,146.558;146.560;146.711,156.797;156.778;156.845
6-153,1468,2048,open,3,146.598,156.802,57.734;66.619;72.023,0.193;0.151;0.363,2784;2926;1930,146.558;146.560;146.711,156.797;156.778;156.845
6-154,1468,2048,open,3,146.598,156.802,57.734;66.619;72.023,0.193;0.151;0.363,2784;2926;1930,146.558;146.560;146.711,156.797;156.778;156.845
6-155,1468,2048,open,2,146.156,155.570,67.341;79.160,0.292;0.207,2893;2960,145.852;146.453,155.581;155.558
6-156,1468,2048,open,3,146.598,156.802,57.734;66.619;72.023,0.193;0.151;0.363,2784;2926;1930,146.558;146.560;146.711,156.797;156.778;156.845
6-157,1468,2048,open,3,146.598,156.802,57.734;66.619;72.023,0.193;0.151;0.363,2784;2926;1930,146.558;146.560;146.711,156.797;156.778;156.845
6-158,1468,2048,open,3,146.598,156.802,57.734;66.619;72.023,0.193;0.151;0.363,2784;2926;1930,146.558;146.560;146.711,156.797;156.778;156.845
6-159,1468,2048,open,2,146.303,155.565,67.721;78.564,0.203;0.116,2892;2904,146.178;146.427,155.540;155.589
6-16-P3,1468,2048,open,3,146.473,156.854,57.759;66.639;72.036,0.206;0.164;0.352,2782;2949;2021,146.439;146.431;146.581,156.841;156.842;156.891
6-16,1468,2048,open,2,146.303,155.565,67.721;78.564,0.203;0.116,2892;2904,146.178;146.427,155.540;155.589
6-160,1468,2048,open,3,146.598,156.802,57.734;66.619;72.023,0.193;0.151;0.363,2784;2926;1930,146.558;146.560;146.711,156.797;156.778;156.845
6-161,1468,2048,open,2,146.303,155.565,67.721;78.564,0.203;0.116,2892;2904,146.178;146.427,155.540;155.589
6-162,1468,2048,open,3,146.598,156.802,57.734;66.619;72.023,0.193;0.151;0.363,2784;2926;1930,146.558;146.560;146.711,156.797;156.778;156.845
6-163,1468,2048,open,3,146.598,156.802,57.736;66.617;72.024,0.193;0.151;0.351,2783;2926;1932,146.558;146.562;146.711,156.797;156.779;156.845
6-164,1468,2048,open,2,146.303,155.565,67.721;78.564,0.203;0.116,2892;2904,146.178;146.427,155.540;155.589
6-165,1468,2048,open,3,146.598,156.802,57.734;66.619;72.023,0.193;0.151;0.363,2784;2926;1930,146.558;146.560;146.711,156.797;156.778;156.845
6-166,1468,2048,open,3,146.654,156.723,57.736;66.597;72.157,0.192;0.156;0.172,2748;2913;1929,146.547;146.525;147.001,156.733;156.715;156.722
6-167,1468,2048,open,3,146.654,156.723,57.736;66.597;72.157,0.192;0.156;0.172,2748;2913;1929,146.547;146.525;147.001,156.733;156.715;156.722
6-168,1468,2048,open,2,146.303,155.565,67.721;78.564,0.203;0.116,2892;2903,146.178;146.427,155.540;155.590
6-169,1468,2048,open,3,146.598,156.802,57.734;66.619;72.023,0.193;0.151;0.363,2784;2926;1930,146.558;146.560;146.711,156.797;156.778;156.845
6-17-P3,1468,2048,open,2,146.177,155.638,67.795;78.560,0.150;0.151,2861;2710,146.055;146.306,155.591;155.688
6-17,1468,2048,open,3,146.598,156.802,57.734;66.619;72.023,0.193;0.151;0.363,2784;2926;1930,146.558;146.560;146.711,156.797;156.778;156.845
6-170,1468,2048,open,3,146.598,156.802,57.734;66.619;72.023,0.193;0.151;0.363,2784;2926;1930,146.558;146.560;146.711,156.797;156.778;156.845
6-171,1468,2048,open,2,146.303,155.565,67.721;78.564,0.203;0.116,2892;2904,146.178;146.427,155.540;155.589
6-172,1468,2048,open,2,146.303,155.565,67.721;78.564,0.203;0.116,2892;2904,146.178;146.427,155.540;155.589
6-173,1468,2048,open,3,146.598,156.802,57.734;66.619;72.023,0.193;0.151;0.363,2784;2926;1930,146.558;146.560;146.711,156.797;156.778;156.845
6-174,1468,2048,open,2,146.303,155.565,67.721;78.564,0.203;0.116,2892;2904,146.178;146.427,155.540;155.589
6-175,1468,2048,open,3,146.598,156.802,57.734;66.619;72.023,0.193;0.151;0.363,2784;2926;1930,146.558;146.560;146.711,156.797;156.778;156.845
6-176,1468,2048,open,2,146.303,155.565,67.721;78.564,0.203;0.116,2892;2904,146.178;146.427,155.540;155.589
6-177,1468,2048,open,3,146.598,156.802,57.734;66.619;72.023,0.193;0.151;0.363,2784;2926;1930,146.558;146.560;146.711,156.797;156.778;156.845
6-178,1468,2048,open,3,146.598,156.802,57.734;66.619;72.023,0.193;0.151;0.363,2784;2926;1930,146.558;146.560;146.711,156.797;156.778;156.845
6-179,1468,2048,open,3,146.598,156.802,57.734;66.619;72.023,0.193;0.151;0.363,2784;2926;1930,146.558;146.560;146.711,156.797;156.778;156.845
6-18-P2,1468,2048,open,3,146.757,156.741,57.107;67.120;71.629,0.375;0.197;0.291,2949;2925;2150,146.535;146.695;147.145,156.736;156.799;156.669
6-18,1468,2048,open,3,146.598,156.802,57.734;66.619;72.023,0.193;0.151;0.363,2784;2926;1930,146.558;146.560;146.711,156.797;156.778;156.845
6-180,1468,2048,open,3,146.598,156.802,57.734;66.619;72.023,0.193;0.151;0.363,2784;2926;1930,146.558;146.560;146.711,156.797;156.778;156.845
6-181,1468,2048,open,3,146.598,156.802,57.734;66.619;72.023,0.193;0.151;0.363,2784;2926;1930,146.558;146.560;146.711,156.797;156.778;156.845
6-182,1468,2048,open,3,146.598,156.802,57.734;66.619;72.023,0.193;0.151;0.363,2784;2926;1930,146.558;146.560;146.711,156.797;156.778;156.845
6-183,1468,2048,open,2,146.303,155.565,67.721;78.564,0.203;0.116,2892;2904,146.178;146.427,155.540;155.589
6-184,1468,2048,open,3,146.598,156.802,57.734;66.619;72.023,0.193;0.151;0.363,2784;2926;1930,146.558;146.560;146.711,156.797;156.778;156.845
6-185,1468,2048,open,3,146.598,156.802,57.734;66.619;72.023,0.193;0.151;0.363,2784;2926;1930,146.558;146.560;146.711,156.797;156.778;156.845
6-186,1468,2048,open,3,146.598,156.802,57.734;66.619;72.023,0.193;0.151;0.363,2784;2926;1930,146.558;146.560;146.711,156.797;156.778;156.845
6-187,1468,2048,open,3,146.598,156.802,57.734;66.619;72.023,0.193;0.151;0.363,2784;2926;1930,146.558;146.560;146.711,156.797;156.778;156.845
6-188,1468,2048,open,3,146.598,156.802,57.734;66.619;72.023,0.193;0.151;0.363,2784;2926;1930,146.558;146.560;146.711,156.797;156.778;156.845
6-189,1468,2048,open,3,146.598,156.802,57.734;66.619;72.023,0.193;0.151;0.363,2784;2926;1930,146.558;146.560;146.711,156.797;156.778;156.845
6-19,1468,2048,open,3,146.598,156.802,57.734;66.619;72.023,0.193;0.151;0.363,2784;2926;1930,146.558;146.560;146.711,156.797;156.778;156.845
6-190,1468,2048,open,2,146.303,155.565,67.721;78.564,0.203;0.116,2892;2904,146.178;146.427,155.540;155.589
6-191,1468,2048,open,2,146.303,155.565,67.721;78.564,0.203;0.116,2892;2904,146.178;146.427,155.540;155.589
6-192,1468,2048,open,3,146.598,156.802,57.734;66.619;72.023,0.193;0.151;0.363,2784;2926;1930,146.558;146.560;146.711,156.797;156.778;156.845
6-193,1468,2048,open,2,146.303,155.565,67.721;78.564,0.203;0.116,2892;2904,146.178;146.427,155.540;155.589
6-194,1468,2048,open,3,146.598,156.802,57.734;66.619;72.023,0.193;0.151;0.363,2784;2926;1930,146.558;146.560;146.711,156.797;156.778;156.845
6-195,1468,2048,open,3,146.598,156.802,57.734;66.619;72.023,0.193;0.151;0.363,2784;2926;1930,146.558;146.560;146.711,156.797;156.778;156.845
6-196,1468,2048,open,3,146.598,156.802,57.734;66.619;72.023,0.193;0.151;0.363,2784;2926;1930,146.558;146.560;146.711,156.797;156.778;156.845
6-197,1468,2048,open,2,146.303,155.565,67.721;78.564,0.203;0.116,2892;2904,146.178;146.427,155.540;155.589
6-198,1468,2048,open,2,146.303,155.565,67.721;78.564,0.203;0.116,2892;2904,146.178;146.427,155.540;155.589
6-199,1468,2048,open,3,146.598,156.802,57.734;66.619;72.023,0.193;0.151;0.363,2784;2926;1930,146.558;146.560;146.711,156.797;156.778;156.845
6-2,1468,2048,open,3,146.598,156.802,57.734;66.619;72.023,0.193;0.151;0.363,2784;2926;1930,146.558;146.560;146.711,156.797;156.778;156.845
6-20,1468,2048,open,2,146.303,155.565,67.721;78.564,0.203;0.116,2892;2904,146.178;146.427,155.540;155.589
6-200,1468,2048,open,3,146.654,156.723,57.736;66.597;72.157,0.192;0.156;0.172,2748;2913;1929,146.547;146.525;147.001,156.733;156.715;156.722
6-201,1468,2048,open,3,146.654,156.723,57.736;66.597;72.157,0.192;0.156;0.172,2748;2913;1929,146.547;146.525;147.001,156.733;156.715;156.722
6-202,1468,2048,open,3,146.654,156.723,57.736;66.597;72.157,0.192;0.156;0.172,2748;2913;1929,146.547;146.525;147.001,156.733;156.715;156.722
6-203,1468,2048,open,2,146.303,155.565,67.721;78.564,0.203;0.116,2892;2904,146.178;146.427,155.540;155.589
6-204,1468,2048,open,3,146.598,156.802,57.734;66.619;72.023,0.193;0.151;0.363,2784;2926;1930,146.558;146.560;146.711,156.797;156.778;156.845
6-205,1468,2048,open,2,146.427,155.554,67.615;78.542,0.069;0.132,1577;1590,146.435;146.419,155.548;155.560
6-206,1468,2048,open,2,146.427,155.558,67.612;78.542,0.071;0.124,1583;1623,146.434;146.419,155.547;155.569
6-207,1468,2048,open,2,146.425,155.562,67.623;78.537,0.075;0.126,1836;1889,146.428;146.422,155.548;155.576
6-208,1468,2048,open,2,146.428,155.560,67.621;78.541,0.076;0.124,1690;1740,146.429;146.428,155.551;155.568
6-209,1468,2048,open,3,146.610,156.746,57.766;66.591;72.057,0.200;0.153;0.386,1502;1617;1077,146.556;146.568;146.748,156.745;156.733;156.768
6-21,1468,2048,open,2,146.303,155.565,67.721;78.564,0.203;0.116,2892;2904,146.178;146.427,155.540;155.589
6-210,1468,2048,open,3,146.684,156.716,57.773;66.565;72.205,0.202;0.139;0.180,2021;2216;1460,146.565;146.566;147.025,156.720;156.707;156.725
6-211,1468,2048,open,3,146.601,156.745,57.756;66.595;72.033,0.196;0.155;0.380,1465;1568;1043,146.555;146.571;146.713,156.733;156.743;156.764
6-212,1468,2048,open,3,146.600,156.731,57.761;66.597;72.033,0.199;0.151;0.351,1325;1435;963,146.558;146.560;146.716,156.724;156.720;156.759
6-213,1468,2048,open,2,146.429,155.556,67.612;78.546,0.067;0.125,1547;1570,146.434;146.423,155.546;155.566
6-214,1468,2048,open,3,146.602,156.742,57.761;66.589;72.045,0.197;0.156;0.350,1475;1562;1052,146.549;146.570;146.723,156.728;156.731;156.777
6-215,1468,2048,open,3,146.603,156.748,57.758;66.592;72.033,0.191;0.148;0.353,1686;1838;1219,146.555;146.566;146.727,156.728;156.743;156.785
6-216,1468,2048,open,2,146.433,155.562,67.616;78.539,0.073;0.120,1549;1585,146.435;146.431,155.549;155.575
6-217,1468,2048,open,3,146.611,156.745,57.761;66.594;72.055,0.199;0.154;0.387,1544;1641;1089,146.557;146.569;146.751,156.744;156.734;156.764
6-218,1468,2048,open,3,146.605,156.731,57.765;66.572;72.043,0.202;0.136;0.347,1999;2147;1438,146.562;146.562;146.728,156.717;156.715;156.776
6-219,1468,2048,open,3,146.602,156.744,57.757;66.598;72.031,0.195;0.159;0.365,1374;1475;978,146.554;146.573;146.714,156.728;156.741;156.770
6-22,1468,2048,open,3,146.598,156.802,57.734;66.619;72.023,0.193;0.151;0.363,2784;2926;1930,146.558;146.560;146.711,156.797;156.778;156.845
6-220,1468,2048,open,3,146.426,155.469,67.612;78.542;87.968,0.078;0.126;1.261,1537;1540;584,146.437;146.423;146.406,155.543;155.568;155.012
6-221,1468,2048,open,3,146.606,156.743,57.764;66.597;72.042,0.198;0.157;0.355,1403;1515;1006,146.558;146.566;146.733,156.739;156.737;156.756
6-222,1468,2048,open,2,146.432,155.560,67.610;78.541,0.067;0.120,1699;1736,146.439;146.424,155.543;155.578
6-23,1468,2048,open,3,146.598,156.802,57.734;66.619;72.023,0.193;0.151;0.363,2784;2926;1930,146.558;146.560;146.711,156.797;156.778;156.845
6-24,1468,2048,open,3,146.598,156.802,57.734;66.619;72.023,0.193;0.151;0.363,2784;2926;1930,146.558;146.560;146.711,156.797;156.778;156.845
6-25-P2,1468,2048,open,3,146.599,156.738,57.738;66.603;72.018,0.193;0.147;0.346,2762;2906;1915,146.564;146.555;146.716,156.739;156.712;156.779
6-25,1468,2048,open,3,146.598,156.802,57.734;66.619;72.023,0.193;0.151;0.363,2784;2926;1930,146.558;146.560;146.711,156.797;156.778;156.845
6-26,1468,2048,open,3,146.598,156.802,57.734;66.619;72.023,0.193;0.151;0.363,2784;2926;1930,146.558;146.560;146.711,156.797;156.778;156.845
6-27,1468,2048,open,3,146.598,156.802,57.734;66.619;72.023,0.193;0.151;0.363,2784;2926;1930,146.558;146.560;146.711,156.797;156.778;156.845
6-28,1468,2048,open,3,146.598,156.802,57.734;66.619;72.023,0.193;0.151;0.363,2784;2926;1930,146.558;146.560;146.711,156.797;156.778;156.845
6-29,1468,2048,open,3,146.598,156.802,57.734;66.619;72.023,0.193;0.151;0.363,2784;2926;1930,146.558;146.560;146.711,156.797;156.778;156.845
6-3,1468,2048,open,2,146.303,155.565,67.721;78.564,0.203;0.116,2892;2904,146.178;146.427,155.540;155.589
6-30,1468,2048,open,2,146.303,155.565,67.721;78.564,0.203;0.116,2892;2904,146.178;146.427,155.540;155.589
6-31,1468,2048,open,3,146.654,156.723,57.736;66.597;72.157,0.192;0.156;0.172,2748;2913;1929,146.547;146.525;147.001,156.733;156.715;156.722
6-32,1468,2048,open,2,146.303,155.565,67.721;78.564,0.203;0.116,2892;2903,146.178;146.427,155.540;155.590
6-33,1468,2048,open,3,146.654,156.723,57.736;66.597;72.157,0.192;0.156;0.172,2748;2913;1929,146.547;146.525;147.001,156.733;156.715;156.722
6-34,1468,2048,open,3,146.598,156.802,57.734;66.619;72.023,0.193;0.151;0.363,2784;2926;1930,146.558;146.560;146.711,156.797;156.778;156.845
6-35,1468,2048,open,2,146.303,155.565,67.721;78.564,0.203;0.116,2892;2904,146.178;146.427,155.540;155.589
6-36,1468,2048,open,2,146.303,155.565,67.721;78.564,0.203;0.116,2892;2904,146.178;146.427,155.540;155.589
6-37,1468,2048,open,3,146.598,156.802,57.734;66.619;72.023,0.193;0.151;0.363,2784;2926;1930,146.558;146.560;146.711,156.797;156.778;156.845
6-38,1468,2048,open,3,146.598,156.802,57.734;66.619;72.023,0.193;0.151;0.363,2784;2926;1930,146.558;146.560;146.711,156.797;156.778;156.845
6-39,1468,2048,open,3,146.598,156.802,57.734;66.619;72.023,0.193;0.151;0.363,2784;2926;1930,146.558;146.560;146.711,156.797;156.778;156.845
6-4-C2,1468,2048,open,3,146.341,155.567,67.726;78.551;85.256,0.205;0.117;0.153,2949;2957;2552,146.180;146.423;146.432,155.537;155.587;155.580
6-4,1468,2048,open,3,146.598,156.802,57.734;66.619;72.023,0.193;0.151;0.363,2784;2926;1930,146.558;146.560;146.711,156.797;156.778;156.845
6-40,1468,2048,open,3,146.598,156.802,57.734;66.619;72.023,0.193;0.151;0.363,2784;2926;1930,146.558;146.560;146.711,156.797;156.778;156.845
6-41,1468,2048,open,3,146.598,156.802,57.734;66.619;72.023,0.193;0.151;0.363,2784;2926;1930,146.558;146.560;146.711,156.797;156.778;156.845
6-42,1468,2048,open,3,146.598,156.802,57.734;66.619;72.023,0.193;0.151;0.363,2784;2926;1930,146.558;146.560;146.711,156.797;156.778;156.845
6-43,1468,2048,open,3,146.598,156.802,57.734;66.619;72.023,0.193;0.151;0.363,2784;2926;1930,146.558;146.560;146.711,156.797;156.778;156.845
6-44,1468,2048,open,3,146.598,156.802,57.734;66.619;72.023,0.193;0.151;0.363,2784;2926;1930,146.558;146.560;146.711,156.797;156.778;156.845
6-45,1468,2048,open,3,146.598,156.802,57.734;66.619;72.023,0.193;0.151;0.363,2784;2926;1930,146.558;146.560;146.711,156.797;156.778;156.845
6-46,1468,2048,open,3,146.598,156.802,57.734;66.619;72.023,0.193;0.151;0.363,2784;2926;1930,146.558;146.560;146.711,156.797;156.778;156.845
6-47,1468,2048,open,2,146.303,155.565,67.721;78.564,0.203;0.116,2892;2904,146.178;146.427,155.540;155.589
6-48,1468,2048,open,3,146.598,156.802,57.734;66.619;72.023,0.193;0.151;0.363,2784;2926;1930,146.558;146.560;146.711,156.797;156.778;156.845
6-49,1468,2048,open,3,146.598,156.802,57.734;66.619;72.023,0.193;0.151;0.363,2784;2926;1930,146.558;146.560;146.711,156.797;156.778;156.845
6-5,1468,2048,open,3,146.598,156.802,57.734;66.619;72.023,0.193;0.151;0.363,2784;2926;1930,146.558;146.560;146.711,156.797;156.778;156.845
6-50,1468,2048,open,3,146.598,156.802,57.734;66.619;72.023,0.193;0.151;0.363,2784;2926;1930,146.558;146.560;146.711,156.797;156.778;156.845
6-51,1468,2048,open,3,146.598,156.802,57.734;66.619;72.023,0.193;0.151;0.363,2784;2926;1930,146.558;146.560;146.711,156.797;156.778;156.845
6-52,1468,2048,open,2,146.303,155.565,67.721;78.564,0.203;0.116,2892;2904,146.178;146.427,155.540;155.589
6-53,1468,2048,open,2,146.303,155.565,67.721;78.564,0.203;0.116,2892;2904,146.178;146.427,155.540;155.589
6-54,1468,2048,open,2,146.303,155.565,67.721;78.564,0.203;0.116,2892;2904,146.178;146.427,155.540;155.589
6-55,1468,2048,open,2,146.303,155.565,67.721;78.564,0.203;0.116,2892;2904,146.178;146.427,155.540;155.589
6-56,1468,2048,open,3,146.598,156.802,57.734;66.619;72.023,0.193;0.151;0.363,2784;2926;1930,146.558;146.560;146.711,156.797;156.778;156.845
6-57,1468,2048,open,2,146.303,155.565,67.721;78.564,0.203;0.116,2892;2904,146.178;146.427,155.540;155.589
6-58,1468,2048,open,2,146.303,155.565,67.721;78.564,0.203;0.116,2892;2904,146.178;146.427,155.540;155.589
6-59,1468,2048,open,3,146.598,156.802,57.734;66.619;72.023,0.193;0.151;0.363,2784;2926;1930,146.558;146.560;146.711,156.797;156.778;156.845
6-6-D23,1468,2048,open,2,146.354,155.572,67.257;78.903,0.207;0.260,1597;1655,146.200;146.503,155.586;155.558
6-6,1468,2048,open,3,146.598,156.802,57.734;66.619;72.023,0.193;0.151;0.363,2784;2926;1930,146.558;146.560;146.711,156.797;156.778;156.845
6-60,1468,2048,open,3,146.598,156.802,57.734;66.619;72.023,0.193;0.151;0.363,2784;2926;1930,146.558;146.560;146.711,156.797;156.778;156.845
6-61,1468,2048,open,3,146.574,156.715,57.674;66.588;72.054,0.176;0.151;0.491,2274;2324;1402,146.519;146.525;146.748,156.693;156.724;156.738
6-62,1468,2048,open,3,146.598,156.802,57.734;66.619;72.023,0.193;0.151;0.363,2784;2926;1930,146.558;146.560;146.711,156.797;156.778;156.845
6-63,1468,2048,open,3,146.598,156.802,57.734;66.619;72.023,0.193;0.151;0.363,2784;2926;1930,146.558;146.560;146.711,156.797;156.778;156.845
6-64,1468,2048,open,2,146.303,155.565,67.721;78.564,0.203;0.116,2892;2904,146.178;146.427,155.540;155.589
6-65,1468,2048,open,3,146.654,156.723,57.736;66.597;72.157,0.192;0.156;0.172,2748;2913;1929,146.547;146.525;147.001,156.733;156.715;156.722
6-66,1468,2048,open,3,146.654,156.723,57.736;66.597;72.157,0.192;0.156;0.172,2748;2913;1929,146.547;146.525;147.001,156.733;156.715;156.722
6-67,1468,2048,open,2,146.303,155.565,67.721;78.564,0.203;0.116,2892;2903,146.178;146.427,155.540;155.590
6-68,1468,2048,open,3,146.598,156.802,57.734;66.619;72.023,0.193;0.151;0.363,2784;2926;1930,146.558;146.560;146.711,156.797;156.778;156.845
6-69,1468,2048,open,3,146.598,156.802,57.734;66.619;72.023,0.193;0.151;0.363,2784;2926;1930,146.558;146.560;146.711,156.797;156.778;156.845
6-7,1468,2048,open,3,146.598,156.802,57.734;66.619;72.023,0.193;0.151;0.363,2784;2926;1930,146.558;146.560;146.711,156.797;156.778;156.845
6-70,1468,2048,open,3,146.598,156.802,57.734;66.619;72.023,0.193;0.151;0.363,2784;2926;1930,146.558;146.560;146.711,156.797;156.778;156.845
6-71,1468,2048,open,3,146.598,156.802,57.734;66.619;72.023,0.193;0.151;0.363,2784;2926;1930,146.558;146.560;146.711,156.797;156.778;156.845
6-72,1468,2048,open,2,146.303,155.565,67.721;78.564,0.203;0.116,2892;2904,146.178;146.427,155.540;155.589
6-73,1468,2048,open,3,146.598,156.802,57.734;66.619;72.023,0.193;0.151;0.363,2784;2926;1930,146.558;146.560;146.711,156.797;156.778;156.845
6-74,1468,2048,open,3,146.598,156.802,57.734;66.619;72.023,0.193;0.151;0.363,2784;2926;1930,146.558;146.560;146.711,156.797;156.778;156.845
6-75,1468,2048,open,3,146.598,156.802,57.734;66.619;72.023,0.193;0.151;0.363,2784;2926;1930,146.558;146.560;146.711,156.797;156.778;156.845
6-76,1468,2048,open,3,146.598,156.802,57.734;66.619;72.023,0.193;0.151;0.363,2784;2926;1930,146.558;146.560;146.711,156.797;156.778;156.845
6-77,1468,2048,open,3,146.598,156.802,57.734;66.619;72.023,0.193;0.151;0.363,2784;2926;1930,146.558;146.560;146.711,156.797;156.778;156.845
6-78,1468,2048,open,3,146.598,156.802,57.734;66.619;72.023,0.193;0.151;0.363,2784;2926;1930,146.558;146.560;146.711,156.797;156.778;156.845
6-79,1468,2048,open,3,146.598,156.802,57.734;66.619;72.023,0.193;0.151;0.363,2784;2926;1930,146.558;146.560;146.711,156.797;156.778;156.845
6-8-C2,1468,2048,open,3,146.341,155.567,67.726;78.551;85.256,0.205;0.117;0.153,2949;2957;2552,146.180;146.423;146.432,155.537;155.587;155.580
6-8-P2,1468,2048,open,2,146.288,155.537,67.721;78.561,0.203;0.125,2895;2899,146.178;146.397,155.524;155.550
6-8,1468,2048,open,3,146.598,156.802,57.734;66.619;72.023,0.193;0.151;0.363,2784;2926;1930,146.558;146.560;146.711,156.797;156.778;156.845
6-80,1468,2048,open,3,146.598,156.802,57.734;66.619;72.023,0.193;0.151;0.363,2784;2926;1930,146.558;146.560;146.711,156.797;156.778;156.845
6-81,1468,2048,open,3,146.598,156.802,57.734;66.619;72.023,0.193;0.151;0.363,2784;2926;1930,146.558;146.560;146.711,156.797;156.778;156.845
6-82,1468,2048,open,3,146.598,156.802,57.734;66.619;72.023,0.193;0.151;0.363,2784;2926;1930,146.558;146.560;146.711,156.797;156.778;156.845
6-83,1468,2048,open,3,146.598,156.802,57.734;66.619;72.023,0.193;0.151;0.363,2784;2926;1930,146.558;146.560;146.711,156.797;156.778;156.845
6-84,1468,2048,open,3,146.598,156.802,57.734;66.619;72.023,0.193;0.151;0.363,2784;2926;1930,146.558;146.560;146.711,156.797;156.778;156.845
6-85,1468,2048,open,3,146.598,156.802,57.734;66.619;72.023,0.193;0.151;0.363,2784;2926;1930,146.558;146.560;146.711,156.797;156.778;156.845
6-86,1468,2048,open,2,146.296,155.559,67.721;78.558,0.203;0.121,2892;2755,146.178;146.420,155.540;155.579
6-87,1468,2048,open,3,146.598,156.802,57.734;66.619;72.023,0.193;0.151;0.363,2784;2926;1930,146.558;146.560;146.711,156.797;156.778;156.845
6-88,1468,2048,open,3,146.598,156.802,57.734;66.619;72.023,0.193;0.151;0.363,2784;2926;1930,146.558;146.560;146.711,156.797;156.778;156.845
6-89,1468,2048,open,3,146.598,156.802,57.734;66.619;72.023,0.193;0.151;0.363,2784;2926;1930,146.558;146.560;146.711,156.797;156.778;156.845
6-9-C1,1468,2048,open,3,146.566,156.768,57.344;67.009;71.627,0.122;0.270;0.257,2068;1949;1442,146.512;146.500;146.731,156.768;156.800;156.723
6-9-P2,1468,2048,open,3,146.762,156.791,57.114;67.097;71.611,0.377;0.191;0.315,2953;2943;2186,146.539;146.731;147.105,156.796;156.851;156.705
6-9,1468,2048,open,3,146.598,156.802,57.734;66.619;72.023,0.193;0.151;0.363,2784;2926;1930,146.558;146.560;146.711,156.797;156.778;156.845
6-90,1468,2048,open,2,146.303,155.565,67.721;78.564,0.203;0.116,2892;2904,146.178;146.427,155.540;155.589
6-91,1468,2048,open,3,146.598,156.802,57.734;66.619;72.023,0.193;0.151;0.363,2784;2926;1930,146.558;146.560;146.711,156.797;156.778;156.845
6-92,1468,2048,open,2,146.303,155.565,67.721;78.564,0.203;0.116,2892;2904,146.178;146.427,155.540;155.589
6-93,1468,2048,open,2,146.303,155.565,67.721;78.564,0.203;0.116,2892;2904,146.178;146.427,155.540;155.589
6-94,1468,2048,open,3,146.598,156.802,57.734;66.619;72.023,0.193;0.151;0.363,2784;2926;1930,146.558;146.560;146.711,156.797;156.778;156.845
6-95,1468,2048,open,3,146.598,156.802,57.734;66.619;72.023,0.193;0.151;0.363,2784;2926;1930,146.558;146.560;146.711,156.797;156.778;156.845
6-96,1468,2048,open,3,146.598,156.802,57.734;66.619;72.023,0.193;0.151;0.363,2784;2926;1930,146.558;146.560;146.711,156.797;156.778;156.845
6-97,1468,2048,open,2,146.303,155.565,67.721;78.564,0.203;0.116,2892;2904,146.178;146.427,155.540;155.589
6-98,1468,2048,open,2,146.303,155.565,67.721;78.564,0.203;0.116,2892;2903,146.178;146.427,155.540;155.590
6-99,1468,2048,open,2,146.303,155.565,67.721;78.564,0.203;0.116,2892;2903,146.178;146.427,155.540;155.590
7-1,1468,2048,open,2,146.156,155.570,67.341;79.160,0.292;0.207,2893;2960,145.852;146.453,155.581;155.558
7-10,1468,2048,open,3,146.762,156.791,57.114;67.097;71.611,0.377;0.191;0.315,2953;2943;2186,146.539;146.731;147.105,156.796;156.851;156.705
7-100,1468,2048,open,2,146.156,155.570,67.341;79.160,0.292;0.207,2893;2960,145.852;146.453,155.581;155.558
7-101,1468,2048,open,3,146.762,156.791,57.114;67.097;71.611,0.377;0.191;0.315,2953;2943;2186,146.539;146.731;147.105,156.796;156.851;156.705
7-102,1468,2048,open,3,146.762,156.791,57.114;67.097;71.611,0.377;0.191;0.315,2953;2943;2186,146.539;146.731;147.105,156.796;156.851;156.705
7-103,1468,2048,open,3,146.598,156.802,57.736;66.617;72.024,0.193;0.151;0.351,2783;2926;1932,146.558;146.562;146.711,156.797;156.779;156.845
7-104,1468,2048,open,2,146.156,155.570,67.341;79.160,0.292;0.207,2893;2960,145.852;146.453,155.581;155.558
7-105,1468,2048,open,3,146.762,156.791,57.114;67.097;71.611,0.377;0.191;0.315,2953;2943;2186,146.539;146.731;147.105,156.796;156.851;156.705
7-106,1468,2048,open,3,146.762,156.791,57.114;67.097;71.611,0.377;0.191;0.315,2953;2943;2186,146.539;146.731;147.105,156.796;156.851;156.705
7-107,1468,2048,open,2,146.156,155.570,67.341;79.160,0.292;0.207,2893;2960,145.852;146.453,155.581;155.558
7-108,1468,2048,open,2,146.156,155.570,67.341;79.160,0.292;0.207,2893;2960,145.852;146.453,155.581;155.558
7-109,1468,2048,open,3,146.598,156.802,57.736;66.617;72.024,0.193;0.151;0.351,2783;2926;1932,146.558;146.562;146.711,156.797;156.779;156.845
7-11,1468,2048,open,3,146.762,156.791,57.114;67.097;71.611,0.377;0.191;0.315,2953;2943;2186,146.539;146.731;147.105,156.796;156.851;156.705
7-110,1468,2048,open,3,146.762,156.791,57.114;67.097;71.611,0.377;0.191;0.315,2953;2943;2186,146.539;146.731;147.105,156.796;156.851;156.705
7-111,1468,2048,open,2,146.156,155.570,67.341;79.160,0.292;0.207,2893;2960,145.852;146.453,155.581;155.558
7-112,1468,2048,open,3,146.762,156.791,57.114;67.097;71.611,0.377;0.191;0.315,2953;2943;2186,146.539;146.731;147.105,156.796;156.851;156.705
7-113,1468,2048,open,3,146.762,156.791,57.114;67.097;71.611,0.377;0.191;0.315,2953;2943;2186,146.539;146.731;147.105,156.796;156.851;156.705
7-114,1468,2048,open,3,146.762,156.791,57.114;67.097;71.611,0.377;0.191;0.315,2953;2943;2186,146.539;146.731;147.105,156.796;156.851;156.705
7-115,1468,2048,open,2,146.156,155.570,67.341;79.160,0.292;0.207,2893;2960,145.852;146.453,155.581;155.558
7-116,1468,2048,open,3,146.762,156.791,57.114;67.097;71.611,0.377;0.191;0.315,2953;2943;2186,146.539;146.731;147.105,156.796;156.851;156.705
7-117,1468,2048,open,3,146.762,156.791,57.114;67.097;71.611,0.377;0.191;0.315,2953;2943;2186,146.539;146.731;147.105,156.796;156.851;156.705
7-118,1468,2048,open,3,146.762,156.791,57.114;67.097;71.611,0.377;0.191;0.315,2953;2943;2186,146.539;146.731;147.105,156.796;156.851;156.705
7-119,1468,2048,open,2,146.156,155.570,67.341;79.160,0.292;0.207,2893;2960,145.852;146.453,155.581;155.558
7-12,1468,2048,open,3,146.762,156.791,57.114;67.097;71.611,0.377;0.191;0.315,2953;2943;2186,146.539;146.731;147.105,156.796;156.851;156.705
7-120,1468,2048,open,2,146.156,155.570,67.341;79.160,0.292;0.207,2893;2960,145.852;146.453,155.581;155.558
7-121,1468,2048,open,3,146.762,156.791,57.114;67.097;71.611,0.377;0.191;0.315,2953;2943;2186,146.539;146.731;147.105,156.796;156.851;156.705
7-122,1468,2048,open,3,146.762,156.791,57.114;67.097;71.611,0.377;0.191;0.315,2953;2943;2186,146.539;146.731;147.105,156.796;156.851;156.705
7-123,1468,2048,open,3,146.762,156.791,57.114;67.097;71.611,0.377;0.191;0.315,2953;2943;2186,146.539;146.731;147.105,156.796;156.851;156.705
7-124,1468,2048,open,3,146.762,156.791,57.114;67.097;71.611,0.377;0.191;0.315,2953;2943;2186,146.539;146.731;147.105,156.796;156.851;156.705
7-125,1468,2048,open,2,146.156,155.570,67.341;79.160,0.292;0.207,2893;2960,145.852;146.453,155.581;155.558
7-126,1468,2048,open,3,146.762,156.791,57.114;67.097;71.611,0.377;0.191;0.315,2953;2943;2186,146.539;146.731;147.105,156.796;156.851;156.705
7-127,1468,2048,open,3,146.762,156.791,57.114;67.097;71.611,0.377;0.191;0.315,2953;2943;2186,146.539;146.731;147.105,156.796;156.851;156.705
7-128,1468,2048,open,3,146.762,156.791,57.114;67.097;71.611,0.377;0.191;0.315,2953;2943;2186,146.539;146.731;147.105,156.796;156.851;156.705
7-129,1468,2048,open,3,146.762,156.791,57.114;67.097;71.611,0.377;0.191;0.315,2953;2943;2186,146.539;146.731;147.105,156.796;156.851;156.705
7-13,1468,2048,open,3,146.762,156.791,57.114;67.097;71.611,0.377;0.191;0.315,2953;2943;2186,146.539;146.731;147.105,156.796;156.851;156.705
7-130,1468,2048,open,3,146.762,156.791,57.114;67.097;71.611,0.377;0.191;0.315,2953;2943;2186,146.539;146.731;147.105,156.796;156.851;156.705
7-131,1468,2048,open,2,146.156,155.570,67.341;79.160,0.292;0.207,2893;2960,145.852;146.453,155.581;155.558
7-132,1468,2048,open,3,146.762,156.791,57.114;67.097;71.611,0.377;0.191;0.315,2953;2943;2186,146.539;146.731;147.105,156.796;156.851;156.705
7-133,1468,2048,open,2,146.156,155.570,67.341;79.160,0.292;0.207,2893;2960,145.852;146.453,155.581;155.558
7-134,1468,2048,open,3,146.762,156.791,57.114;67.097;71.611,0.377;0.191;0.315,2953;2943;2186,146.539;146.731;147.105,156.796;156.851;156.705
7-135,1468,2048,open,2,146.156,155.570,67.341;79.160,0.292;0.207,2893;2960,145.852;146.453,155.581;155.558
7-136,1468,2048,open,2,146.156,155.570,67.341;79.160,0.292;0.207,2893;2960,145.852;146.453,155.581;155.558
7-137,1468,2048,open,3,146.762,156.791,57.114;67.097;71.611,0.377;0.191;0.315,2953;2943;2186,146.539;146.731;147.105,156.796;156.851;156.705
7-138,1468,2048,open,3,146.762,156.791,57.114;67.097;71.611,0.377;0.191;0.315,2953;2943;2186,146.539;146.731;147.105,156.796;156.851;156.705
7-139,1468,2048,open,3,146.762,156.791,57.114;67.097;71.611,0.377;0.191;0.315,2953;2943;2186,146.539;146.731;147.105,156.796;156.851;156.705
7-14,1468,2048,open,3,146.762,156.791,57.114;67.097;71.611,0.377;0.191;0.315,2953;2943;2186,146.539;146.731;147.105,156.796;156.851;156.705
7-140,1468,2048,open,3,146.762,156.791,57.114;67.097;71.611,0.377;0.191;0.315,2953;2943;2186,146.539;146.731;147.105,156.796;156.851;156.705
7-141,1468,2048,open,3,146.762,156.791,57.114;67.097;71.611,0.377;0.191;0.315,2953;2943;2186,146.539;146.731;147.105,156.796;156.851;156.705
7-142,1468,2048,open,2,146.156,155.570,67.341;79.160,0.292;0.207,2893;2960,145.852;146.453,155.581;155.558
7-143,1468,2048,open,3,146.762,156.791,57.114;67.097;71.611,0.377;0.191;0.315,2953;2943;2186,146.539;146.731;147.105,156.796;156.851;156.705
7-144,1468,2048,open,3,146.762,156.791,57.114;67.097;71.611,0.377;0.191;0.315,2953;2943;2186,146.539;146.731;147.105,156.796;156.851;156.705
7-145,1468,2048,open,3,146.762,156.791,57.114;67.097;71.611,0.377;0.191;0.315,2953;2943;2186,146.539;146.731;147.105,156.796;156.851;156.705
7-146,1468,2048,open,3,146.762,156.791,57.114;67.097;71.611,0.377;0.191;0.315,2953;2943;2186,146.539;146.731;147.105,156.796;156.851;156.705
7-147,1468,2048,open,2,146.156,155.570,67.341;79.160,0.292;0.207,2893;2960,145.852;146.453,155.581;155.558
7-148,1468,2048,open,3,146.762,156.791,57.114;67.097;71.611,0.377;0.191;0.315,2953;2943;2186,146.539;146.731;147.105,156.796;156.851;156.705
7-149,1468,2048,open,3,146.749,156.729,57.109;67.109;71.620,0.374;0.196;0.317,2952;2922;2157,146.528;146.716;147.097,156.736;156.795;156.631
7-15,1468,2048,open,3,146.762,156.791,57.114;67.097;71.611,0.377;0.191;0.315,2953;2943;2186,146.539;146.731;147.105,156.796;156.851;156.705
7-150,1468,2048,open,3,146.749,156.729,57.109;67.109;71.620,0.374;0.196;0.317,2952;2922;2157,146.528;146.716;147.097,156.736;156.795;156.631
7-151,1468,2048,open,3,146.749,156.729,57.109;67.109;71.620,0.374;0.196;0.317,2952;2922;2157,146.528;146.716;147.097,156.736;156.795;156.631
7-152,1468,2048,open,3,146.653,156.724,57.738;66.596;72.160,0.193;0.155;0.177,2749;2914;1930,146.547;146.526;146.997,156.734;156.714;156.726
7-153,1468,2048,open,3,146.762,156.791,57.114;67.097;71.611,0.377;0.191;0.315,2953;2943;2186,146.539;146.731;147.105,156.796;156.851;156.705
7-154,1468,2048,open,3,146.762,156.791,57.114;67.097;71.611,0.377;0.191;0.315,2953;2943;2186,146.539;146.731;147.105,156.796;156.851;156.705
7-155,1468,2048,open,3,146.762,156.791,57.114;67.097;71.611,0.377;0.191;0.315,2953;2943;2186,146.539;146.731;147.105,156.796;156.851;156.705
7-156,1468,2048,open,3,146.762,156.791,57.114;67.097;71.611,0.377;0.191;0.315,2953;2943;2186,146.539;146.731;147.105,156.796;156.851;156.705
7-157,1468,2048,open,3,146.762,156.791,57.114;67.097;71.611,0.377;0.191;0.315,2953;2943;2186,146.539;146.731;147.105,156.796;156.851;156.705
7-158,1468,2048,open,3,146.762,156.791,57.114;67.097;71.611,0.377;0.191;0.315,2953;2943;2186,146.539;146.731;147.105,156.796;156.851;156.705
7-159,1468,2048,open,3,146.762,156.791,57.114;67.097;71.611,0.377;0.191;0.315,2953;2943;2186,146.539;146.731;147.105,156.796;156.851;156.705
7-16-D23,1468,2048,open,3,146.601,156.798,57.760;66.591;72.051,0.196;0.144;0.352,2917;3000;2220,146.559;146.563;146.708,156.792;156.765;156.850
7-16,1468,2048,open,3,146.762,156.791,57.114;67.097;71.611,0.377;0.191;0.315,2953;2943;2186,146.539;146.731;147.105,156.796;156.851;156.705
7-160,1468,2048,open,2,146.156,155.570,67.341;79.160,0.292;0.207,2893;2960,145.852;146.453,155.581;155.558
7-161,1468,2048,open,2,146.156,155.570,67.341;79.160,0.292;0.207,2893;2960,145.852;146.453,155.581;155.558
7-162,1468,2048,open,3,146.762,156.791,57.114;67.097;71.611,0.377;0.191;0.315,2953;2943;2186,146.539;146.731;147.105,156.796;156.851;156.705
7-163,1468,2048,open,3,146.762,156.791,57.114;67.097;71.611,0.377;0.191;0.315,2953;2943;2186,146.539;146.731;147.105,156.796;156.851;156.705
7-164,1468,2048,open,3,146.762,156.791,57.114;67.097;71.611,0.377;0.191;0.315,2953;2943;2186,146.539;146.731;147.105,156.796;156.851;156.705
7-165,1468,2048,open,3,146.762,156.791,57.114;67.097;71.611,0.377;0.191;0.315,2953;2943;2186,146.539;146.731;147.105,156.796;156.851;156.705
7-166,1468,2048,open,3,146.762,156.791,57.114;67.097;71.611,0.377;0.191;0.315,2953;2943;2186,146.539;146.731;147.105,156.796;156.851;156.705
7-167,1468,2048,open,3,146.762,156.791,57.114;67.097;71.611,0.377;0.191;0.315,2953;2943;2186,146.539;146.731;147.105,156.796;156.851;156.705
7-168,1468,2048,open,3,146.762,156.791,57.114;67.097;71.611,0.377;0.191;0.315,2953;2943;2186,146.539;146.731;147.105,156.796;156.851;156.705
7-169,1468,2048,open,3,146.762,156.791,57.114;67.097;71.611,0.377;0.191;0.315,2953;2943;2186,146.539;146.731;147.105,156.796;156.851;156.705
7-17,1468,2048,open,3,146.762,156.791,57.114;67.097;71.611,0.377;0.191;0.315,2953;2943;2186,146.539;146.731;147.105,156.796;156.851;156.705
7-170,1468,2048,open,3,146.762,156.791,57.114;67.097;71.611,0.377;0.191;0.315,2953;2943;2186,146.539;146.731;147.105,156.796;156.851;156.705
7-171,1468,2048,open,3,146.762,156.791,57.114;67.097;71.611,0.377;0.191;0.315,2953;2943;2186,146.539;146.731;147.105,156.796;156.851;156.705
7-172,1468,2048,open,3,146.762,156.791,57.114;67.097;71.611,0.377;0.191;0.315,2953;2943;2186,146.539;146.731;147.105,156.796;156.851;156.705
7-173,1468,2048,open,2,146.156,155.570,67.341;79.160,0.292;0.207,2893;2960,145.852;146.453,155.581;155.558
7-174,1468,2048,open,3,146.762,156.791,57.114;67.097;71.611,0.377;0.191;0.315,2953;2943;2186,146.539;146.731;147.105,156.796;156.851;156.705
7-175,1468,2048,open,3,146.762,156.791,57.114;67.097;71.611,0.377;0.191;0.315,2953;2943;2186,146.539;146.731;147.105,156.796;156.851;156.705
7-176,1468,2048,open,3,146.598,156.802,57.736;66.617;72.024,0.193;0.151;0.351,2783;2926;1932,146.558;146.562;146.711,156.797;156.779;156.845
7-177,1468,2048,open,2,146.156,155.570,67.341;79.160,0.292;0.207,2893;2960,145.852;146.453,155.581;155.558
7-178,1468,2048,open,3,146.762,156.791,57.114;67.097;71.611,0.377;0.191;0.315,2953;2943;2186,146.539;146.731;147.105,156.796;156.851;156.705
7-179,1468,2048,open,3,146.749,156.729,57.109;67.109;71.620,0.374;0.196;0.317,2952;2922;2157,146.528;146.716;147.097,156.736;156.795;156.631
7-18,1468,2048,open,3,146.762,156.791,57.114;67.097;71.611,0.377;0.191;0.315,2953;2943;2186,146.539;146.731;147.105,156.796;156.851;156.705
7-180,1468,2048,open,3,146.749,156.729,57.109;67.109;71.620,0.374;0.196;0.317,2952;2922;2157,146.528;146.716;147.097,156.736;156.795;156.631
7-181,1468,2048,open,3,146.762,156.791,57.114;67.097;71.611,0.377;0.191;0.315,2953;2943;2186,146.539;146.731;147.105,156.796;156.851;156.705
7-182,1468,2048,open,3,146.762,156.791,57.114;67.097;71.611,0.377;0.191;0.315,2953;2943;2186,146.539;146.731;147.105,156.796;156.851;156.705
7-183,1468,2048,open,2,146.156,155.570,67.341;79.160,0.292;0.207,2893;2960,145.852;146.453,155.581;155.558
7-184,1468,2048,open,3,146.762,156.791,57.114;67.097;71.611,0.377;0.191;0.315,2953;2943;2186,146.539;146.731;147.105,156.796;156.851;156.705
7-185,1468,2048,open,3,146.762,156.791,57.114;67.097;71.611,0.377;0.191;0.315,2953;2943;2186,146.539;146.731;147.105,156.796;156.851;156.705
7-186,1468,2048,open,3,146.762,156.791,57.114;67.097;71.611,0.377;0.191;0.315,2953;2943;2186,146.539;146.731;147.105,156.796;156.851;156.705
7-187,1468,2048,open,2,146.156,155.570,67.341;79.160,0.292;0.207,2893;2960,145.852;146.453,155.581;155.558
7-188,1468,2048,open,3,146.762,156.791,57.114;67.097;71.611,0.377;0.191;0.315,2953;2943;2186,146.539;146.731;147.105,156.796;156.851;156.705
7-189,1468,2048,open,3,146.762,156.791,57.114;67.097;71.611,0.377;0.191;0.315,2953;2943;2186,146.539;146.731;147.105,156.796;156.851;156.705
7-19-P2,1468,2048,open,3,146.598,156.802,57.736;66.617;72.024,0.193;0.151;0.351,2783;2926;1932,146.558;146.562;146.711,156.797;156.779;156.845
7-19,1468,2048,open,2,146.156,155.570,67.341;79.160,0.292;0.207,2893;2960,145.852;146.453,155.581;155.558
7-190,1468,2048,open,3,146.762,156.791,57.114;67.097;71.611,0.377;0.191;0.315,2953;2943;2186,146.539;146.731;147.105,156.796;156.851;156.705
7-191,1468,2048,open,3,146.762,156.791,57.114;67.097;71.611,0.377;0.191;0.315,2953;2943;2186,146.539;146.731;147.105,156.796;156.851;156.705
7-192,1468,2048,open,3,146.762,156.791,57.114;67.097;71.611,0.377;0.191;0.315,2953;2943;2186,146.539;146.731;147.105,156.796;156.851;156.705
7-193,1468,2048,open,3,146.762,156.791,57.114;67.097;71.611,0.377;0.191;0.315,2953;2943;2186,146.539;146.731;147.105,156.796;156.851;156.705
7-194,1468,2048,open,3,146.762,156.791,57.114;67.097;71.611,0.377;0.191;0.315,2953;2943;2186,146.539;146.731;147.105,156.796;156.851;156.705
7-195,1468,2048,open,3,146.762,156.791,57.114;67.097;71.611,0.377;0.191;0.315,2953;2943;2186,146.539;146.731;147.105,156.796;156.851;156.705
7-196,1468,2048,open,3,146.762,156.791,57.114;67.097;71.611,0.377;0.191;0.315,2953;2943;2186,146.539;146.731;147.105,156.796;156.851;156.705
7-197,1468,2048,open,2,146.156,155.570,67.341;79.160,0.292;0.207,2893;2960,145.852;146.453,155.581;155.558
7-198,1468,2048,open,3,146.762,156.791,57.114;67.097;71.611,0.377;0.191;0.315,2953;2943;2186,146.539;146.731;147.105,156.796;156.851;156.705
7-199,1468,2048,open,2,146.156,155.570,67.341;79.160,0.292;0.207,2893;2960,145.852;146.453,155.581;155.558
7-2-C2,1468,2048,open,2,146.302,155.562,67.726;78.556,0.205;0.119,2949;2956,146.180;146.423,155.537;155.588
7-2,1468,2048,open,3,146.762,156.791,57.114;67.097;71.611,0.377;0.191;0.315,2953;2943;2186,146.539;146.731;147.105,156.796;156.851;156.705
7-20-P2,1468,2048,open,2,146.156,155.570,67.341;79.160,0.292;0.207,2893;2960,145.852;146.453,155.581;155.558
7-20,1468,2048,open,2,146.156,155.570,67.341;79.160,0.292;0.207,2893;2960,145.852;146.453,155.581;155.558
7-200,1468,2048,open,2,146.156,155.570,67.341;79.160,0.292;0.207,2893;2960,145.852;146.453,155.581;155.558
7-201,1468,2048,open,2,146.156,155.570,67.341;79.160,0.292;0.207,2893;2960,145.852;146.453,155.581;155.558
7-202,1468,2048,open,3,146.762,156.791,57.114;67.097;71.611,0.377;0.191;0.315,2953;2943;2186,146.539;146.731;147.105,156.796;156.851;156.705
7-203,1468,2048,open,2,146.156,155.570,67.341;79.160,0.292;0.207,2893;2960,145.852;146.453,155.581;155.558
7-204,1468,2048,open,3,146.749,156.729,57.109;67.109;71.620,0.374;0.196;0.317,2952;2922;2157,146.528;146.716;147.097,156.736;156.795;156.631
7-205,1468,2048,open,3,146.717,156.746,57.341;67.168;71.621,0.152;0.211;0.283,2030;2098;1629,146.538;146.691;146.973,156.746;156.787;156.694
7-206,1468,2048,open,3,146.674,156.758,57.351;67.115;71.664,0.142;0.202;0.175,2413;2345;1722,146.524;146.713;146.832,156.743;156.794;156.727
7-207,1468,2048,open,3,146.676,156.746,57.233;67.112;71.615,0.303;0.197;0.310,1822;1741;1279,146.427;146.718;146.975,156.733;156.792;156.702
7-208,1468,2048,open,2,146.247,155.571,67.345;79.030,0.319;0.258,2032;2046,146.073;146.420,155.584;155.558
7-209,1468,2048,open,2,146.256,155.560,67.341;78.949,0.317;0.257,2284;2333,146.032;146.474,155.567;155.552
7-21-P2,1468,2048,open,3,146.762,156.791,57.114;67.097;71.611,0.377;0.191;0.315,2953;2943;2186,146.539;146.731;147.105,156.796;156.851;156.705
7-21,1468,2048,open,3,146.762,156.791,57.114;67.097;71.611,0.377;0.191;0.315,2953;2943;2186,146.539;146.731;147.105,156.796;156.851;156.705
7-210,1468,2048,open,3,146.655,156.742,57.350;67.042;71.615,0.151;0.270;0.304,2046;1955;1390,146.543;146.586;146.917,156.740;156.779;156.692
7-211,1468,2048,open,2,146.419,155.564,67.263;79.015,0.218;0.249,2709;2814,146.217;146.614,155.569;155.558
7-212,1468,2048,open,3,146.656,156.746,57.149;67.163;71.592,0.350;0.244;0.329,2411;2510;1921,146.456;146.605;146.973,156.757;156.781;156.686
7-213,1468,2048,open,3,146.603,156.748,57.134;67.063;71.555,0.364;0.266;0.312,2677;2566;1828,146.587;146.451;146.842,156.725;156.787;156.726
7-214,1468,2048,open,3,146.618,156.741,57.225;67.087;71.594,0.307;0.290;0.306,1605;1698;1316,146.552;146.472;146.886,156.740;156.778;156.696
7-215,1468,2048,open,3,146.550,156.751,57.276;67.008;71.574,0.244;0.278;0.299,1959;1952;1459,146.394;146.535;146.781,156.727;156.787;156.734
7-216,1468,2048,open,3,146.584,156.742,57.206;67.012;71.589,0.316;0.267;0.313,2886;2836;2096,146.356;146.581;146.902,156.728;156.789;156.699
7-217,1468,2048,open,3,146.623,156.731,57.216;67.149;71.608,0.298;0.248;0.310,2729;2785;2177,146.357;146.605;146.977,156.737;156.778;156.662
7-218,1468,2048,open,3,146.595,156.753,57.777;66.578;72.071,0.203;0.144;0.393,2184;2382;1619,146.560;146.558;146.697,156.727;156.741;156.804
7-219,1468,2048,open,3,146.673,156.753,57.243;67.145;71.619,0.276;0.207;0.314,2292;2159;1563,146.436;146.667;147.031,156.757;156.791;156.696
7-22-P2,1468,2048,open,2,146.156,155.570,67.341;79.160,0.292;0.207,2893;2960,145.852;146.453,155.581;155.558
7-22,1468,2048,open,3,146.762,156.791,57.114;67.097;71.611,0.377;0.191;0.315,2953;2943;2186,146.539;146.731;147.105,156.796;156.851;156.705
7-220,1468,2048,open,3,146.691,156.753,57.352;67.090;71.629,0.142;0.169;0.252,2532;2478;1827,146.526;146.773;146.808,156.742;156.796;156.711
7-221,1468,2048,open,2,146.298,155.579,67.394;78.980,0.340;0.253,1509;1583,145.975;146.607,155.594;155.564
7-222,1468,2048,open,2,146.308,155.560,67.469;78.923,0.345;0.253,2190;2338,146.113;146.490,155.576;155.544
7-223,1468,2048,open,3,146.608,156.801,57.740;66.617;72.028,0.201;0.170;0.374,2712;2845;1932,146.557;146.571;146.734,156.804;156.779;156.828
7-224,1468,2048,open,2,146.307,155.542,67.710;78.589,0.221;0.126,2833;2190,146.189;146.460,155.529;155.558
7-23-P2,1468,2048,open,3,146.762,156.791,57.114;67.097;71.611,0.377;0.191;0.315,2953;2943;2186,146.539;146.731;147.105,156.796;156.851;156.705
7-23,1468,2048,open,3,146.762,156.791,57.114;67.097;71.611,0.377;0.191;0.315,2953;2943;2186,146.539;146.731;147.105,156.796;156.851;156.705
7-24-P2-A,1468,2048,open,3,146.587,156.777,57.740;66.606;72.025,0.193;0.163;0.350,2774;2932;1933,146.556;146.538;146.707,156.773;156.755;156.816
7-24-P2-B,1468,2048,open,3,146.588,156.713,57.766;66.553;72.050,0.201;0.153;0.358,1851;1969;1319,146.555;146.545;146.700,156.713;156.677;156.767
7-24,1468,2048,open,2,146.156,155.570,67.341;79.160,0.292;0.207,2893;2960,145.852;146.453,155.581;155.558
7-25,1468,2048,open,2,146.156,155.570,67.341;79.160,0.292;0.207,2893;2960,145.852;146.453,155.581;155.558
7-26-P2-1663,1468,2048,open,3,146.589,156.778,57.734;66.606;72.022,0.193;0.164;0.361,2768;2920;1911,146.561;146.535;146.712,156.780;156.748;156.820
7-26-P2,1468,2048,open,3,146.587,156.777,57.740;66.606;72.025,0.193;0.163;0.350,2774;2932;1933,146.556;146.538;146.707,156.773;156.755;156.816
7-26,1468,2048,open,3,146.762,156.791,57.114;67.097;71.611,0.377;0.191;0.315,2953;2943;2186,146.539;146.731;147.105,156.796;156.851;156.705
7-27,1468,2048,open,3,146.762,156.791,57.114;67.097;71.611,0.377;0.191;0.315,2953;2943;2186,146.539;146.731;147.105,156.796;156.851;156.705
7-28,1468,2048,open,2,146.156,155.570,67.341;79.160,0.292;0.207,2893;2960,145.852;146.453,155.581;155.558
7-29,1468,2048,open,2,146.156,155.570,67.341;79.160,0.292;0.207,2893;2960,145.852;146.453,155.581;155.558
7-3,1468,2048,open,3,146.762,156.791,57.114;67.097;71.611,0.377;0.191;0.315,2953;2943;2186,146.539;146.731;147.105,156.796;156.851;156.705
7-30,1468,2048,open,3,146.762,156.791,57.114;67.097;71.611,0.377;0.191;0.315,2953;2943;2186,146.539;146.731;147.105,156.796;156.851;156.705
7-31,1468,2048,open,2,146.156,155.570,67.341;79.160,0.292;0.207,2893;2960,145.852;146.453,155.581;155.558
7-32,1468,2048,open,3,146.762,156.791,57.114;67.097;71.611,0.377;0.191;0.315,2953;2943;2186,146.539;146.731;147.105,156.796;156.851;156.705
7-33,1468,2048,open,3,146.762,156.791,57.114;67.097;71.611,0.377;0.191;0.315,2953;2943;2186,146.539;146.731;147.105,156.796;156.851;156.705
7-34,1468,2048,open,3,146.762,156.791,57.114;67.097;71.611,0.377;0.191;0.315,2953;2943;2186,146.539;146.731;147.105,156.796;156.851;156.705
7-35,1468,2048,open,3,146.762,156.791,57.114;67.097;71.611,0.377;0.191;0.315,2953;2943;2186,146.539;146.731;147.105,156.796;156.851;156.705
7-36,1468,2048,open,3,146.762,156.791,57.114;67.097;71.611,0.377;0.191;0.315,2953;2943;2186,146.539;146.731;147.105,156.796;156.851;156.705
7-37-P3,1468,2048,open,3,146.762,156.791,57.114;67.097;71.611,0.377;0.191;0.315,2953;2943;2186,146.539;146.731;147.105,156.796;156.851;156.705
7-37,1468,2048,open,3,146.762,156.791,57.114;67.097;71.611,0.377;0.191;0.315,2953;2943;2186,146.539;146.731;147.105,156.796;156.851;156.705
7-38-P3,1468,2048,open,3,146.762,156.791,57.114;67.097;71.611,0.377;0.191;0.315,2953;2943;2186,146.539;146.731;147.105,156.796;156.851;156.705
7-38,1468,2048,open,3,146.762,156.791,57.114;67.097;71.611,0.377;0.191;0.315,2953;2943;2186,146.539;146.731;147.105,156.796;156.851;156.705
7-39,1468,2048,open,3,146.762,156.791,57.114;67.097;71.611,0.377;0.191;0.315,2953;2943;2186,146.539;146.731;147.105,156.796;156.851;156.705
7-4,1468,2048,open,3,146.762,156.791,57.114;67.097;71.611,0.377;0.191;0.315,2953;2943;2186,146.539;146.731;147.105,156.796;156.851;156.705
7-40,1468,2048,open,3,146.762,156.791,57.114;67.097;71.611,0.377;0.191;0.315,2953;2943;2186,146.539;146.731;147.105,156.796;156.851;156.705
7-41,1468,2048,open,3,146.749,156.729,57.109;67.109;71.620,0.374;0.196;0.317,2952;2922;2157,146.528;146.716;147.097,156.736;156.795;156.631
7-42,1468,2048,open,2,146.156,155.570,67.341;79.160,0.292;0.207,2893;2960,145.852;146.453,155.581;155.558
7-43,1468,2048,open,3,146.749,156.729,57.109;67.109;71.620,0.374;0.196;0.317,2952;2922;2157,146.528;146.716;147.097,156.736;156.795;156.631
7-44,1468,2048,open,2,146.156,155.570,67.341;79.160,0.292;0.207,2893;2960,145.852;146.453,155.581;155.558
7-45,1468,2048,open,2,146.156,155.570,67.341;79.160,0.292;0.207,2893;2960,145.852;146.453,155.581;155.558
7-46,1468,2048,open,3,146.762,156.791,57.114;67.097;71.611,0.377;0.191;0.315,2953;2943;2186,146.539;146.731;147.105,156.796;156.851;156.705
7-47,1468,2048,open,3,146.762,156.791,57.114;67.097;71.611,0.377;0.191;0.315,2953;2943;2186,146.539;146.731;147.105,156.796;156.851;156.705
7-48,1468,2048,open,3,146.762,156.791,57.114;67.097;71.611,0.377;0.191;0.315,2953;2943;2186,146.539;146.731;147.105,156.796;156.851;156.705
7-49,1468,2048,open,3,146.762,156.791,57.114;67.097;71.611,0.377;0.191;0.315,2953;2943;2186,146.539;146.731;147.105,156.796;156.851;156.705
7-5,1468,2048,open,3,146.762,156.791,57.114;67.097;71.611,0.377;0.191;0.315,2953;2943;2186,146.539;146.731;147.105,156.796;156.851;156.705
7-50,1468,2048,open,2,146.156,155.570,67.341;79.160,0.292;0.207,2893;2960,145.852;146.453,155.581;155.558
7-51,1468,2048,open,3,146.762,156.791,57.114;67.097;71.611,0.377;0.191;0.315,2953;2943;2186,146.539;146.731;147.105,156.796;156.851;156.705
7-52,1468,2048,open,2,146.156,155.570,67.341;79.160,0.292;0.207,2893;2960,145.852;146.453,155.581;155.558
7-53,1468,2048,open,3,146.762,156.791,57.114;67.097;71.611,0.377;0.191;0.315,2953;2943;2186,146.539;146.731;147.105,156.796;156.851;156.705
7-54,1468,2048,open,3,146.762,156.791,57.114;67.097;71.611,0.377;0.191;0.315,2953;2943;2186,146.539;146.731;147.105,156.796;156.851;156.705
7-55,1468,2048,open,3,146.762,156.791,57.114;67.097;71.611,0.377;0.191;0.315,2953;2943;2186,146.539;146.731;147.105,156.796;156.851;156.705
7-56,1468,2048,open,3,146.762,156.791,57.114;67.097;71.611,0.377;0.191;0.315,2953;2943;2186,146.539;146.731;147.105,156.796;156.851;156.705
7-57,1468,2048,open,3,146.762,156.791,57.114;67.097;71.611,0.377;0.191;0.315,2953;2943;2186,146.539;146.731;147.105,156.796;156.851;156.705
7-58,1468,2048,open,3,146.762,156.791,57.114;67.097;71.611,0.377;0.191;0.315,2953;2943;2186,146.539;146.731;147.105,156.796;156.851;156.705
7-59,1468,2048,open,3,146.762,156.791,57.114;67.097;71.611,0.377;0.191;0.315,2953;2943;2186,146.539;146.731;147.105,156.796;156.851;156.705
7-6-C2,1468,2048,open,2,146.302,155.562,67.726;78.556,0.205;0.119,2949;2956,146.180;146.423,155.537;155.588
7-6,1468,2048,open,3,146.762,156.791,57.114;67.097;71.611,0.377;0.191;0.315,2953;2943;2186,146.539;146.731;147.105,156.796;156.851;156.705
7-60,1468,2048,open,3,146.762,156.791,57.114;67.097;71.611,0.377;0.191;0.315,2953;2943;2186,146.539;146.731;147.105,156.796;156.851;156.705
7-61,1468,2048,open,3,146.762,156.791,57.114;67.097;71.611,0.377;0.191;0.315,2953;2943;2186,146.539;146.731;147.105,156.796;156.851;156.705
7-62,1468,2048,open,3,146.762,156.791,57.114;67.097;71.611,0.377;0.191;0.315,2953;2943;2186,146.539;146.731;147.105,156.796;156.851;156.705
7-63,1468,2048,open,2,146.156,155.570,67.341;79.160,0.292;0.207,2893;2960,145.852;146.453,155.581;155.558
7-64,1468,2048,open,3,146.762,156.791,57.114;67.097;71.611,0.377;0.191;0.315,2953;2943;2186,146.539;146.731;147.105,156.796;156.851;156.705
7-65,1468,2048,open,3,146.762,156.791,57.114;67.097;71.611,0.377;0.191;0.315,2953;2943;2186,146.539;146.731;147.105,156.796;156.851;156.705
7-66,1468,2048,open,3,146.762,156.791,57.114;67.097;71.611,0.377;0.191;0.315,2953;2943;2186,146.539;146.731;147.105,156.796;156.851;156.705
7-67,1468,2048,open,3,146.762,156.791,57.114;67.097;71.611,0.377;0.191;0.315,2953;2943;2186,146.539;146.731;147.105,156.796;156.851;156.705
7-68,1468,2048,open,3,146.762,156.791,57.114;67.097;71.611,0.377;0.191;0.315,2953;2943;2186,146.539;146.731;147.105,156.796;156.851;156.705
7-69,1468,2048,open,2,146.156,155.570,67.341;79.160,0.292;0.207,2893;2960,145.852;146.453,155.581;155.558
7-7,1468,2048,open,3,146.762,156.791,57.114;67.097;71.611,0.377;0.191;0.315,2953;2943;2186,146.539;146.731;147.105,156.796;156.851;156.705
7-70,1468,2048,open,3,146.762,156.791,57.114;67.097;71.611,0.377;0.191;0.315,2953;2943;2186,146.539;146.731;147.105,156.796;156.851;156.705
7-71,1468,2048,open,2,146.156,155.570,67.341;79.160,0.292;0.207,2893;2960,145.852;146.453,155.581;155.558
7-72,1468,2048,open,3,146.762,156.791,57.114;67.097;71.611,0.377;0.191;0.315,2953;2943;2186,146.539;146.731;147.105,156.796;156.851;156.705
7-73,1468,2048,open,2,146.156,155.570,67.341;79.160,0.292;0.207,2893;2960,145.852;146.453,155.581;155.558
7-74,1468,2048,open,3,146.762,156.791,57.114;67.097;71.611,0.377;0.191;0.315,2953;2943;2186,146.539;146.731;147.105,156.796;156.851;156.705
7-75,1468,2048,open,3,146.762,156.791,57.114;67.097;71.611,0.377;0.191;0.315,2953;2943;2186,146.539;146.731;147.105,156.796;156.851;156.705
7-76,1468,2048,open,3,146.762,156.791,57.114;67.097;71.611,0.377;0.191;0.315,2953;2943;2186,146.539;146.731;147.105,156.796;156.851;156.705
7-77,1468,2048,open,3,146.762,156.791,57.114;67.097;71.611,0.377;0.191;0.315,2953;2943;2186,146.539;146.731;147.105,156.796;156.851;156.705
7-78,1468,2048,open,3,146.762,156.791,57.114;67.097;71.611,0.377;0.191;0.315,2953;2943;2186,146.539;146.731;147.105,156.796;156.851;156.705
7-79,1468,2048,open,3,146.762,156.791,57.114;67.097;71.611,0.377;0.191;0.315,2953;2943;2186,146.539;146.731;147.105,156.796;156.851;156.705
7-8,1468,2048,open,3,146.762,156.791,57.114;67.097;71.611,0.377;0.191;0.315,2953;2943;2186,146.539;146.731;147.105,156.796;156.851;156.705
7-80,1468,2048,open,3,146.762,156.791,57.114;67.097;71.611,0.377;0.191;0.315,2953;2943;2186,146.539;146.731;147.105,156.796;156.851;156.705
7-81,1468,2048,open,2,146.156,155.570,67.341;79.160,0.292;0.207,2893;2960,145.852;146.453,155.581;155.558
7-82,1468,2048,open,2,146.156,155.570,67.341;79.160,0.292;0.207,2893;2960,145.852;146.453,155.581;155.558
7-83,1468,2048,open,2,146.156,155.570,67.341;79.160,0.292;0.207,2893;2960,145.852;146.453,155.581;155.558
7-84,1468,2048,open,2,146.156,155.570,67.341;79.160,0.292;0.207,2893;2960,145.852;146.453,155.581;155.558
7-85,1468,2048,open,3,146.762,156.791,57.114;67.097;71.611,0.377;0.191;0.315,2953;2943;2186,146.539;146.731;147.105,156.796;156.851;156.705
7-86,1468,2048,open,3,146.762,156.791,57.114;67.097;71.611,0.377;0.191;0.315,2953;2943;2186,146.539;146.731;147.105,156.796;156.851;156.705
7-87,1468,2048,open,3,146.762,156.791,57.114;67.097;71.611,0.377;0.191;0.315,2953;2943;2186,146.539;146.731;147.105,156.796;156.851;156.705
7-88,1468,2048,open,3,146.762,156.791,57.114;67.097;71.611,0.377;0.191;0.315,2953;2943;2186,146.539;146.731;147.105,156.796;156.851;156.705
7-89,1468,2048,open,3,146.762,156.791,57.114;67.097;71.611,0.377;0.191;0.315,2953;2943;2186,146.539;146.731;147.105,156.796;156.851;156.705
7-9,1468,2048,open,2,146.303,155.565,67.722;78.564,0.203;0.117,2893;2903,146.178;146.426,155.540;155.590
7-90,1468,2048,open,3,146.762,156.791,57.114;67.097;71.611,0.377;0.191;0.315,2953;2943;2186,146.539;146.731;147.105,156.796;156.851;156.705
7-91,1468,2048,open,3,146.762,156.791,57.114;67.097;71.611,0.377;0.191;0.315,2953;2943;2186,146.539;146.731;147.105,156.796;156.851;156.705
7-92,1468,2048,open,2,146.156,155.570,67.341;79.160,0.292;0.207,2893;2960,145.852;146.453,155.581;155.558
7-93,1468,2048,open,3,146.762,156.791,57.114;67.097;71.611,0.377;0.191;0.315,2953;2943;2186,146.539;146.731;147.105,156.796;156.851;156.705
7-94,1468,2048,open,3,146.762,156.791,57.114;67.097;71.611,0.377;0.191;0.315,2953;2943;2186,146.539;146.731;147.105,156.796;156.851;156.705
7-95,1468,2048,open,2,146.156,155.570,67.341;79.160,0.292;0.207,2893;2960,145.852;146.453,155.581;155.558
7-96,1468,2048,open,3,146.762,156.791,57.114;67.097;71.611,0.377;0.191;0.315,2953;2943;2186,146.539;146.731;147.105,156.796;156.851;156.705
7-97,1468,2048,open,3,146.762,156.791,57.114;67.097;71.611,0.377;0.191;0.315,2953;2943;2186,146.539;146.731;147.105,156.796;156.851;156.705
7-98,1468,2048,open,2,146.156,155.570,67.341;79.160,0.292;0.207,2893;2960,145.852;146.453,155.581;155.558
7-99,1468,2048,open,3,146.762,156.791,57.114;67.097;71.611,0.377;0.191;0.315,2953;2943;2186,146.539;146.731;147.105,156.796;156.851;156.705
8-1,1468,2048,open,3,146.598,156.802,57.736;66.617;72.024,0.193;0.151;0.351,2783;2926;1932,146.558;146.562;146.711,156.797;156.779;156.845
8-10,1468,2048,open,3,146.598,156.802,57.736;66.617;72.024,0.193;0.151;0.351,2783;2926;1932,146.558;146.562;146.711,156.797;156.779;156.845
8-100,1468,2048,open,3,146.598,156.802,57.736;66.617;72.024,0.193;0.151;0.351,2783;2926;1932,146.558;146.562;146.711,156.797;156.779;156.845
8-101,1468,2048,open,3,146.598,156.802,57.736;66.617;72.024,0.193;0.151;0.351,2783;2926;1932,146.558;146.562;146.711,156.797;156.779;156.845
8-102,1468,2048,open,2,146.303,155.565,67.722;78.564,0.203;0.117,2893;2903,146.178;146.426,155.540;155.590
8-103,1468,2048,open,3,146.598,156.802,57.736;66.617;72.024,0.193;0.151;0.351,2783;2926;1932,146.558;146.562;146.711,156.797;156.779;156.845
8-104,1468,2048,open,3,146.598,156.802,57.736;66.617;72.024,0.193;0.151;0.351,2783;2926;1932,146.558;146.562;146.711,156.797;156.779;156.845
8-105,1468,2048,open,3,146.598,156.802,57.736;66.617;72.024,0.193;0.151;0.351,2783;2926;1932,146.558;146.562;146.711,156.797;156.779;156.845
8-106,1468,2048,open,3,146.598,156.802,57.736;66.617;72.024,0.193;0.151;0.351,2783;2926;1932,146.558;146.562;146.711,156.797;156.779;156.845
8-107,1468,2048,open,2,146.302,155.565,67.722;78.563,0.203;0.117,2893;2903,146.178;146.426,155.540;155.589
8-108,1468,2048,open,2,146.303,155.565,67.722;78.564,0.203;0.117,2893;2903,146.178;146.426,155.540;155.590
8-109,1468,2048,open,3,146.598,156.802,57.736;66.617;72.024,0.193;0.151;0.351,2783;2926;1932,146.558;146.562;146.711,156.797;156.779;156.845
8-11,1468,2048,open,3,146.598,156.802,57.736;66.617;72.024,0.193;0.151;0.351,2783;2926;1932,146.558;146.562;146.711,156.797;156.779;156.845
8-110,1468,2048,open,3,146.598,156.802,57.736;66.617;72.024,0.193;0.151;0.351,2783;2926;1932,146.558;146.562;146.711,156.797;156.779;156.845
8-111,1468,2048,open,3,146.598,156.802,57.736;66.617;72.024,0.193;0.151;0.351,2783;2926;1932,146.558;146.562;146.711,156.797;156.779;156.845
8-112,1468,2048,open,3,146.598,156.802,57.736;66.617;72.024,0.193;0.151;0.351,2783;2926;1932,146.558;146.562;146.711,156.797;156.779;156.845
8-113,1468,2048,open,3,146.598,156.802,57.736;66.617;72.024,0.193;0.151;0.351,2783;2926;1932,146.558;146.562;146.711,156.797;156.779;156.845
8-114,1468,2048,open,3,146.598,156.802,57.736;66.617;72.024,0.193;0.151;0.351,2783;2926;1932,146.558;146.562;146.711,156.797;156.779;156.845
8-115,1468,2048,open,3,146.598,156.802,57.736;66.617;72.024,0.193;0.151;0.351,2783;2926;1932,146.558;146.562;146.711,156.797;156.779;156.845
8-116,1468,2048,open,3,146.598,156.802,57.736;66.617;72.024,0.193;0.151;0.351,2783;2926;1932,146.558;146.562;146.711,156.797;156.779;156.845
8-117,1468,2048,open,3,146.598,156.802,57.736;66.617;72.024,0.193;0.151;0.351,2783;2926;1932,146.558;146.562;146.711,156.797;156.779;156.845
8-118,1468,2048,open,2,146.303,155.565,67.722;78.564,0.203;0.117,2893;2903,146.178;146.426,155.540;155.590
8-119,1468,2048,open,3,146.653,156.724,57.738;66.596;72.160,0.193;0.155;0.177,2749;2914;1930,146.547;146.526;146.997,156.734;156.714;156.726
8-12,1468,2048,open,3,146.598,156.802,57.736;66.617;72.024,0.193;0.151;0.351,2783;2926;1932,146.558;146.562;146.711,156.797;156.779;156.845
8-120,1468,2048,open,3,146.653,156.724,57.738;66.596;72.160,0.193;0.155;0.177,2749;2914;1930,146.547;146.526;146.997,156.734;156.714;156.726
8-121,1468,2048,open,3,146.598,156.802,57.736;66.617;72.024,0.193;0.151;0.351,2783;2926;1932,146.558;146.562;146.711,156.797;156.779;156.845
8-122,1468,2048,open,3,146.598,156.802,57.736;66.617;72.024,0.193;0.151;0.351,2783;2926;1932,146.558;146.562;146.711,156.797;156.779;156.845
8-123,1468,2048,open,3,146.598,156.802,57.736;66.617;72.024,0.193;0.151;0.351,2783;2926;1932,146.558;146.562;146.711,156.797;156.779;156.845
8-124,1468,2048,open,3,146.598,156.802,57.736;66.617;72.024,0.193;0.151;0.351,2783;2926;1932,146.558;146.562;146.711,156.797;156.779;156.845
8-125,1468,2048,open,3,146.598,156.802,57.736;66.617;72.024,0.193;0.151;0.351,2783;2926;1932,146.558;146.562;146.711,156.797;156.779;156.845
8-126,1468,2048,open,3,146.598,156.802,57.736;66.617;72.024,0.193;0.151;0.351,2783;2926;1932,146.558;146.562;146.711,156.797;156.779;156.845
8-127,1468,2048,open,3,146.598,156.802,57.736;66.617;72.024,0.193;0.151;0.351,2783;2926;1932,146.558;146.562;146.711,156.797;156.779;156.845
8-128,1468,2048,open,3,146.598,156.802,57.736;66.617;72.024,0.193;0.151;0.351,2783;2926;1932,146.558;146.562;146.711,156.797;156.779;156.845
8-129,1468,2048,open,3,146.598,156.802,57.736;66.617;72.024,0.193;0.151;0.351,2783;2926;1932,146.558;146.562;146.711,156.797;156.779;156.845
8-13,1468,2048,open,3,146.598,156.802,57.736;66.617;72.024,0.193;0.151;0.351,2783;2926;1932,146.558;146.562;146.711,156.797;156.779;156.845
8-130,1468,2048,open,3,146.598,156.802,57.736;66.617;72.024,0.193;0.151;0.351,2783;2926;1932,146.558;146.562;146.711,156.797;156.779;156.845
8-131,1468,2048,open,3,146.598,156.802,57.736;66.617;72.024,0.193;0.151;0.351,2783;2926;1932,146.558;146.562;146.711,156.797;156.779;156.845
8-132,1468,2048,open,3,146.598,156.802,57.736;66.617;72.024,0.193;0.151;0.351,2783;2926;1932,146.558;146.562;146.711,156.797;156.779;156.845
8-133,1468,2048,open,3,146.598,156.802,57.736;66.617;72.024,0.193;0.151;0.351,2783;2926;1932,146.558;146.562;146.711,156.797;156.779;156.845
8-134,1468,2048,open,3,146.598,156.802,57.736;66.617;72.024,0.193;0.151;0.351,2783;2926;1932,146.558;146.562;146.711,156.797;156.779;156.845
8-135,1468,2048,open,3,146.598,156.802,57.736;66.617;72.024,0.193;0.151;0.351,2783;2926;1932,146.558;146.562;146.711,156.797;156.779;156.845
8-136,1468,2048,open,3,146.598,156.802,57.736;66.617;72.024,0.193;0.151;0.351,2783;2926;1932,146.558;146.562;146.711,156.797;156.779;156.845
8-137,1468,2048,open,3,146.598,156.802,57.736;66.617;72.024,0.193;0.151;0.351,2783;2926;1932,146.558;146.562;146.711,156.797;156.779;156.845
8-138,1468,2048,open,3,146.598,156.802,57.736;66.617;72.024,0.193;0.151;0.351,2783;2926;1932,146.558;146.562;146.711,156.797;156.779;156.845
8-139,1468,2048,open,3,146.598,156.802,57.736;66.617;72.024,0.193;0.151;0.351,2783;2926;1932,146.558;146.562;146.711,156.797;156.779;156.845
8-14,1468,2048,open,3,146.598,156.802,57.736;66.617;72.024,0.193;0.151;0.351,2783;2926;1932,146.558;146.562;146.711,156.797;156.779;156.845
8-140,1468,2048,open,3,146.598,156.802,57.736;66.617;72.024,0.193;0.151;0.351,2783;2926;1932,146.558;146.562;146.711,156.797;156.779;156.845
8-141,1468,2048,open,2,146.303,155.565,67.722;78.564,0.203;0.117,2893;2903,146.178;146.426,155.540;155.590
8-142,1468,2048,open,3,146.598,156.802,57.736;66.617;72.024,0.193;0.151;0.351,2783;2926;1932,146.558;146.562;146.711,156.797;156.779;156.845
8-143,1468,2048,open,3,146.598,156.802,57.736;66.617;72.024,0.193;0.151;0.351,2783;2926;1932,146.558;146.562;146.711,156.797;156.779;156.845
8-144,1468,2048,open,3,146.598,156.802,57.736;66.617;72.024,0.193;0.151;0.351,2783;2926;1932,146.558;146.562;146.711,156.797;156.779;156.845
8-145,1468,2048,open,2,146.303,155.565,67.722;78.564,0.203;0.117,2893;2903,146.178;146.426,155.540;155.590
8-146,1468,2048,open,2,146.303,155.565,67.722;78.564,0.203;0.117,2893;2903,146.178;146.426,155.540;155.590
8-147,1468,2048,open,3,146.598,156.802,57.736;66.617;72.024,0.193;0.151;0.351,2783;2926;1932,146.558;146.562;146.711,156.797;156.779;156.845
8-148,1468,2048,open,2,146.303,155.565,67.722;78.564,0.203;0.117,2893;2903,146.178;146.426,155.540;155.590
8-149,1468,2048,open,2,146.303,155.565,67.722;78.564,0.203;0.117,2893;2903,146.178;146.426,155.540;155.590
8-15,1468,2048,open,3,146.598,156.802,57.736;66.617;72.024,0.193;0.151;0.351,2783;2926;1932,146.558;146.562;146.711,156.797;156.779;156.845
8-150,1468,2048,open,3,146.598,156.802,57.736;66.617;72.024,0.193;0.151;0.351,2783;2926;1932,146.558;146.562;146.711,156.797;156.779;156.845
8-151,1468,2048,open,2,146.303,155.565,67.722;78.564,0.203;0.117,2893;2903,146.178;146.426,155.540;155.590
8-152,1468,2048,open,3,146.653,156.724,57.738;66.596;72.160,0.193;0.155;0.177,2749;2914;1930,146.547;146.526;146.997,156.734;156.714;156.726
8-153,1468,2048,open,3,146.598,156.802,57.736;66.617;72.024,0.193;0.151;0.351,2783;2926;1932,146.558;146.562;146.711,156.797;156.779;156.845
8-154,1468,2048,open,3,146.598,156.802,57.736;66.617;72.024,0.193;0.151;0.351,2783;2926;1932,146.558;146.562;146.711,156.797;156.779;156.845
8-155,1468,2048,open,3,146.598,156.802,57.736;66.617;72.024,0.193;0.151;0.351,2783;2926;1932,146.558;146.562;146.711,156.797;156.779;156.845
8-156,1468,2048,open,3,146.598,156.802,57.736;66.617;72.024,0.193;0.151;0.351,2783;2926;1932,146.558;146.562;146.711,156.797;156.779;156.845
8-157,1468,2048,open,3,146.598,156.802,57.736;66.617;72.024,0.193;0.151;0.351,2783;2926;1932,146.558;146.562;146.711,156.797;156.779;156.845
8-158,1468,2048,open,3,146.598,156.802,57.736;66.617;72.024,0.193;0.151;0.351,2783;2926;1932,146.558;146.562;146.711,156.797;156.779;156.845
8-159,1468,2048,open,3,146.598,156.802,57.736;66.617;72.024,0.193;0.151;0.351,2783;2926;1932,146.558;146.562;146.711,156.797;156.779;156.845
8-16,1468,2048,open,3,146.598,156.802,57.736;66.617;72.024,0.193;0.151;0.351,2783;2926;1932,146.558;146.562;146.711,156.797;156.779;156.845
8-160,1468,2048,open,3,146.598,156.802,57.736;66.617;72.024,0.193;0.151;0.351,2783;2926;1932,146.558;146.562;146.711,156.797;156.779;156.845
8-161,1468,2048,open,3,146.598,156.802,57.736;66.617;72.024,0.193;0.151;0.351,2783;2926;1932,146.558;146.562;146.711,156.797;156.779;156.845
8-162,1468,2048,open,3,146.598,156.802,57.736;66.617;72.024,0.193;0.151;0.351,2783;2926;1932,146.558;146.562;146.711,156.797;156.779;156.845
8-163,1468,2048,open,3,146.598,156.802,57.736;66.617;72.024,0.193;0.151;0.351,2783;2926;1932,146.558;146.562;146.711,156.797;156.779;156.845
8-164,1468,2048,open,3,146.598,156.802,57.736;66.617;72.024,0.193;0.151;0.351,2783;2926;1932,146.558;146.562;146.711,156.797;156.779;156.845
8-165,1468,2048,open,3,146.598,156.802,57.736;66.617;72.024,0.193;0.151;0.351,2783;2926;1932,146.558;146.562;146.711,156.797;156.779;156.845
8-166,1468,2048,open,2,146.303,155.565,67.722;78.564,0.203;0.117,2893;2903,146.178;146.426,155.540;155.590
8-167,1468,2048,open,3,146.598,156.802,57.736;66.617;72.024,0.193;0.151;0.351,2783;2926;1932,146.558;146.562;146.711,156.797;156.779;156.845
8-168,1468,2048,open,3,146.598,156.802,57.736;66.617;72.024,0.193;0.151;0.351,2783;2926;1932,146.558;146.562;146.711,156.797;156.779;156.845
8-169,1468,2048,open,2,146.303,155.565,67.722;78.564,0.203;0.117,2893;2903,146.178;146.426,155.540;155.590
8-17,1468,2048,open,3,146.598,156.802,57.736;66.617;72.024,0.193;0.151;0.351,2783;2926;1932,146.558;146.562;146.711,156.797;156.779;156.845
8-170,1468,2048,open,3,146.598,156.802,57.736;66.617;72.024,0.193;0.151;0.351,2783;2926;1932,146.558;146.562;146.711,156.797;156.779;156.845
8-171,1468,2048,open,3,146.598,156.802,57.736;66.617;72.024,0.193;0.151;0.351,2783;2926;1932,146.558;146.562;146.711,156.797;156.779;156.845
8-172,1468,2048,open,3,146.598,156.802,57.736;66.617;72.024,0.193;0.151;0.351,2783;2926;1932,146.558;146.562;146.711,156.797;156.779;156.845
8-173,1468,2048,open,3,146.598,156.802,57.736;66.617;72.024,0.193;0.151;0.351,2783;2926;1932,146.558;146.562;146.711,156.797;156.779;156.845
8-174,1468,2048,open,3,146.598,156.802,57.736;66.617;72.024,0.193;0.151;0.351,2783;2926;1932,146.558;146.562;146.711,156.797;156.779;156.845
8-175,1468,2048,open,3,146.598,156.802,57.736;66.617;72.024,0.193;0.151;0.351,2783;2926;1932,146.558;146.562;146.711,156.797;156.779;156.845
8-176,1468,2048,open,3,146.598,156.802,57.736;66.617;72.024,0.193;0.151;0.351,2783;2926;1932,146.558;146.562;146.711,156.797;156.779;156.845
8-177,1468,2048,open,2,146.303,155.565,67.722;78.564,0.203;0.117,2893;2903,146.178;146.426,155.540;155.590
8-178,1468,2048,open,3,146.653,156.724,57.738;66.596;72.160,0.193;0.155;0.177,2749;2914;1930,146.547;146.526;146.997,156.734;156.714;156.726
8-179,1468,2048,open,2,146.303,155.565,67.722;78.564,0.203;0.117,2893;2903,146.178;146.426,155.540;155.590
8-18,1468,2048,open,3,146.598,156.802,57.736;66.617;72.024,0.193;0.151;0.351,2783;2926;1932,146.558;146.562;146.711,156.797;156.779;156.845
8-180,1468,2048,open,3,146.653,156.724,57.738;66.596;72.160,0.193;0.155;0.177,2749;2914;1930,146.547;146.526;146.997,156.734;156.714;156.726
8-181,1468,2048,open,3,146.598,156.802,57.736;66.617;72.024,0.193;0.151;0.351,2783;2926;1932,146.558;146.562;146.711,156.797;156.779;156.845
8-182,1468,2048,open,3,146.598,156.802,57.736;66.617;72.024,0.193;0.151;0.351,2783;2926;1932,146.558;146.562;146.711,156.797;156.779;156.845
8-183,1468,2048,open,3,146.598,156.802,57.736;66.617;72.024,0.193;0.151;0.351,2783;2926;1932,146.558;146.562;146.711,156.797;156.779;156.845
8-184,1468,2048,open,3,146.598,156.802,57.736;66.617;72.024,0.193;0.151;0.351,2783;2926;1932,146.558;146.562;146.711,156.797;156.779;156.845
8-185,1468,2048,open,2,146.303,155.565,67.722;78.564,0.203;0.117,2893;2903,146.178;146.426,155.540;155.590
8-186,1468,2048,open,3,146.598,156.802,57.736;66.617;72.024,0.193;0.151;0.351,2783;2926;1932,146.558;146.562;146.711,156.797;156.779;156.845
8-187,1468,2048,open,3,146.598,156.802,57.736;66.617;72.024,0.193;0.151;0.351,2783;2926;1932,146.558;146.562;146.711,156.797;156.779;156.845
8-188,1468,2048,open,3,146.598,156.802,57.736;66.617;72.024,0.193;0.151;0.351,2783;2926;1932,146.558;146.562;146.711,156.797;156.779;156.845
8-189,1468,2048,open,3,146.598,156.802,57.736;66.617;72.024,0.193;0.151;0.351,2783;2926;1932,146.558;146.562;146.711,156.797;156.779;156.845
8-19,1468,2048,open,3,146.598,156.802,57.736;66.617;72.024,0.193;0.151;0.351,2783;2926;1932,146.558;146.562;146.711,156.797;156.779;156.845
8-190,1468,2048,open,3,146.598,156.802,57.736;66.617;72.024,0.193;0.151;0.351,2783;2926;1932,146.558;146.562;146.711,156.797;156.779;156.845
8-191,1468,2048,open,3,146.598,156.802,57.736;66.617;72.024,0.193;0.151;0.351,2783;2926;1932,146.558;146.562;146.711,156.797;156.779;156.845
8-192,1468,2048,open,3,146.598,156.802,57.736;66.617;72.024,0.193;0.151;0.351,2783;2926;1932,146.558;146.562;146.711,156.797;156.779;156.845
8-193,1468,2048,open,3,146.598,156.802,57.736;66.617;72.024,0.193;0.151;0.351,2783;2926;1932,146.558;146.562;146.711,156.797;156.779;156.845
8-194,1468,2048,open,2,146.303,155.565,67.722;78.564,0.203;0.117,2893;2903,146.178;146.426,155.540;155.590
8-195,1468,2048,open,3,146.598,156.802,57.736;66.617;72.024,0.193;0.151;0.351,2783;2926;1932,146.558;146.562;146.711,156.797;156.779;156.845
8-196,1468,2048,open,3,146.598,156.802,57.736;66.617;72.024,0.193;0.151;0.351,2783;2926;1932,146.558;146.562;146.711,156.797;156.779;156.845
8-197,1468,2048,open,3,146.598,156.802,57.736;66.617;72.024,0.193;0.151;0.351,2783;2926;1932,146.558;146.562;146.711,156.797;156.779;156.845
8-198,1468,2048,open,3,146.598,156.802,57.736;66.617;72.024,0.193;0.151;0.351,2783;2926;1932,146.558;146.562;146.711,156.797;156.779;156.845
8-199,1468,2048,open,2,146.303,155.565,67.722;78.564,0.203;0.117,2893;2903,146.178;146.426,155.540;155.590
8-2,1468,2048,open,3,146.598,156.802,57.736;66.617;72.024,0.193;0.151;0.351,2783;2926;1932,146.558;146.562;146.711,156.797;156.779;156.845
8-20,1468,2048,open,2,146.302,155.565,67.722;78.564,0.203;0.117,2893;2903,146.178;146.426,155.540;155.589
8-200,1468,2048,open,3,146.598,156.802,57.736;66.617;72.024,0.193;0.151;0.351,2783;2926;1932,146.558;146.562;146.711,156.797;156.779;156.845
8-201,1468,2048,open,2,146.303,155.565,67.722;78.564,0.203;0.117,2893;2903,146.178;146.426,155.540;155.590
8-202,1468,2048,open,2,146.303,155.565,67.722;78.564,0.203;0.117,2893;2903,146.178;146.426,155.540;155.590
8-203,1468,2048,open,2,146.303,155.565,67.722;78.564,0.203;0.117,2893;2903,146.178;146.426,155.540;155.590
8-204,1468,2048,open,2,146.303,155.565,67.722;78.564,0.203;0.117,2893;2903,146.178;146.426,155.540;155.590
8-205,1468,2048,open,3,146.599,156.738,57.738;66.603;72.018,0.193;0.147;0.346,2762;2906;1915,146.564;146.555;146.716,156.739;156.712;156.779
8-206,1468,2048,open,2,146.302,155.564,67.722;78.562,0.203;0.116,2893;2898,146.178;146.424,155.540;155.587
8-207,1468,2048,open,3,146.599,156.738,57.738;66.603;72.018,0.193;0.147;0.346,2762;2906;1915,146.564;146.555;146.716,156.739;156.712;156.779
8-208,1468,2048,open,2,146.301,155.564,67.722;78.562,0.203;0.117,2893;2898,146.178;146.424,155.540;155.587
8-209,1468,2048,open,2,146.302,155.564,67.722;78.563,0.203;0.117,2893;2902,146.178;146.425,155.541;155.587
8-21,1468,2048,open,2,146.303,155.565,67.722;78.564,0.203;0.117,2893;2903,146.178;146.426,155.540;155.590
8-210,1468,2048,open,3,146.599,156.738,57.738;66.603;72.018,0.193;0.147;0.346,2762;2906;1915,146.564;146.555;146.716,156.739;156.712;156.779
8-211,1468,2048,open,2,146.301,155.564,67.722;78.562,0.203;0.117,2893;2897,146.178;146.423,155.540;155.587
8-212,1468,2048,open,2,146.302,155.564,67.722;78.563,0.203;0.117,2893;2897,146.178;146.425,155.541;155.588
8-213,1468,2048,open,3,146.599,156.738,57.738;66.603;72.018,0.193;0.147;0.346,2762;2906;1915,146.564;146.555;146.716,156.739;156.712;156.779
8-214,1468,2048,open,3,146.599,156.738,57.738;66.603;72.018,0.193;0.147;0.346,2762;2906;1915,146.564;146.555;146.716,156.739;156.712;156.779
8-215,1468,2048,open,3,146.599,156.738,57.738;66.603;72.018,0.193;0.147;0.346,2762;2906;1915,146.564;146.555;146.716,156.739;156.712;156.779
8-216,1468,2048,open,3,146.599,156.738,57.738;66.603;72.018,0.193;0.147;0.346,2762;2906;1915,146.564;146.555;146.716,156.739;156.712;156.779
8-217,1468,2048,open,3,146.599,156.738,57.738;66.603;72.018,0.193;0.147;0.346,2762;2906;1915,146.564;146.555;146.716,156.739;156.712;156.779
8-218,1468,2048,open,3,146.599,156.738,57.738;66.603;72.018,0.193;0.147;0.346,2762;2906;1915,146.564;146.555;146.716,156.739;156.712;156.779
8-219,1468,2048,open,3,146.473,156.854,57.759;66.639;72.036,0.206;0.164;0.352,2782;2949;2021,146.439;146.431;146.581,156.841;156.842;156.891
8-22,1468,2048,open,3,146.598,156.802,57.736;66.617;72.024,0.193;0.151;0.351,2783;2926;1932,146.558;146.562;146.711,156.797;156.779;156.845
8-220,1468,2048,open,3,146.343,155.456,67.722;78.562;87.800,0.203;0.116;1.199,2893;2897;1034,146.178;146.425;146.575,155.541;155.588;154.849
8-221,1468,2048,open,3,146.599,156.738,57.738;66.603;72.018,0.193;0.147;0.346,2762;2906;1915,146.564;146.555;146.716,156.739;156.712;156.779
8-222,1468,2048,open,2,146.302,155.565,67.722;78.563,0.203;0.117,2893;2895,146.178;146.425,155.541;155.589
8-223,1468,2048,window,3,146.566,156.715,57.695;66.539;71.960,0.187;0.130;0.380,2355;2227;1545,146.508;146.523;146.715,156.719;156.708;156.718
8-224,1468,2048,open,3,146.608,156.801,57.740;66.617;72.028,0.201;0.170;0.374,2712;2845;1932,146.557;146.571;146.734,156.804;156.779;156.828
8-23,1468,2048,open,3,146.598,156.802,57.736;66.617;72.024,0.193;0.151;0.351,2783;2926;1932,146.558;146.562;146.711,156.797;156.779;156.845
8-24,1468,2048,open,2,146.302,155.565,67.722;78.563,0.203;0.117,2893;2903,146.178;146.426,155.540;155.589
8-25,1468,2048,open,2,146.303,155.565,67.722;78.564,0.203;0.117,2893;2903,146.178;146.426,155.540;155.590
8-26,1468,2048,open,3,146.598,156.802,57.736;66.617;72.024,0.193;0.151;0.351,2783;2926;1932,146.558;146.562;146.711,156.797;156.779;156.845
8-27-P2,1468,2048,open,3,146.598,156.802,57.736;66.617;72.024,0.193;0.151;0.351,2783;2926;1932,146.558;146.562;146.711,156.797;156.779;156.845
8-27,1468,2048,open,3,146.598,156.802,57.736;66.617;72.024,0.193;0.151;0.351,2783;2926;1932,146.558;146.562;146.711,156.797;156.779;156.845
8-28-P2,1468,2048,open,3,146.598,156.802,57.736;66.617;72.024,0.193;0.151;0.351,2785;2926;1932,146.558;146.562;146.711,156.796;156.779;156.845
8-28,1468,2048,open,3,146.598,156.802,57.736;66.617;72.024,0.193;0.151;0.351,2783;2926;1932,146.558;146.562;146.711,156.797;156.779;156.845
8-29-P2,1468,2048,open,3,146.598,156.802,57.736;66.617;72.024,0.193;0.151;0.351,2783;2926;1932,146.558;146.562;146.711,156.797;156.779;156.845
8-29,1468,2048,open,3,146.598,156.802,57.736;66.617;72.024,0.193;0.151;0.351,2783;2926;1932,146.558;146.562;146.711,156.797;156.779;156.845
8-3-C2,1468,2048,open,3,146.276,155.562,67.726;78.554;85.108,0.205;0.117;0.153,2949;2956;1762,146.180;146.424;146.190,155.537;155.589;155.559
8-3,1468,2048,open,2,146.303,155.565,67.722;78.564,0.203;0.117,2893;2903,146.178;146.426,155.540;155.590
8-30-P2,1468,2048,open,2,146.303,155.565,67.722;78.564,0.203;0.117,2893;2903,146.178;146.426,155.540;155.590
8-30,1468,2048,open,3,146.598,156.802,57.736;66.617;72.024,0.193;0.151;0.351,2783;2926;1932,146.558;146.562;146.711,156.797;156.779;156.845
8-31-P2,1468,2048,open,3,146.598,156.802,57.736;66.617;72.024,0.193;0.151;0.351,2783;2926;1932,146.558;146.562;146.711,156.797;156.779;156.845
8-31,1468,2048,open,3,146.598,156.802,57.736;66.617;72.024,0.193;0.151;0.351,2783;2926;1932,146.558;146.562;146.711,156.797;156.779;156.845
8-32-P2,1468,2048,open,2,146.303,155.565,67.722;78.564,0.203;0.117,2893;2903,146.178;146.426,155.540;155.590
8-32,1468,2048,open,3,146.598,156.802,57.736;66.617;72.024,0.193;0.151;0.351,2783;2926;1932,146.558;146.562;146.711,156.797;156.779;156.845
8-33-P2,1468,2048,open,2,146.286,155.536,67.722;78.558,0.202;0.124,2894;2897,146.178;146.395,155.525;155.547
8-33,1468,2048,open,3,146.598,156.802,57.736;66.617;72.024,0.193;0.151;0.351,2783;2926;1932,146.558;146.562;146.711,156.797;156.779;156.845
8-34-P2,1468,2048,open,3,146.606,156.808,57.743;66.620;72.024,0.201;0.173;0.356,2731;2847;1941,146.559;146.572;146.720,156.810;156.785;156.840
8-34,1468,2048,open,3,146.598,156.802,57.736;66.617;72.024,0.193;0.151;0.351,2783;2926;1932,146.558;146.562;146.711,156.797;156.779;156.845
8-35-P2,1468,2048,open,3,146.598,156.802,57.736;66.617;72.024,0.193;0.151;0.351,2783;2926;1932,146.558;146.562;146.711,156.797;156.779;156.845
8-35,1468,2048,open,3,146.598,156.802,57.736;66.617;72.024,0.193;0.151;0.351,2783;2926;1932,146.558;146.562;146.711,156.797;156.779;156.845
8-36,1468,2048,open,3,146.598,156.802,57.736;66.617;72.024,0.193;0.151;0.351,2783;2926;1932,146.558;146.562;146.711,156.797;156.779;156.845
8-37,1468,2048,open,3,146.598,156.802,57.736;66.617;72.024,0.193;0.151;0.351,2783;2926;1932,146.558;146.562;146.711,156.797;156.779;156.845
8-38,1468,2048,open,3,146.598,156.802,57.736;66.617;72.024,0.193;0.151;0.351,2783;2926;1932,146.558;146.562;146.711,156.797;156.779;156.845
8-39,1468,2048,open,3,146.598,156.802,57.736;66.617;72.024,0.193;0.151;0.351,2783;2926;1932,146.558;146.562;146.711,156.797;156.779;156.845
8-4,1468,2048,open,3,146.565,156.731,57.696;66.551;71.983,0.182;0.138;0.386,2471;2395;1535,146.516;146.524;146.707,156.721;156.725;156.759
8-40,1468,2048,open,3,146.598,156.802,57.736;66.617;72.024,0.193;0.151;0.351,2783;2926;1932,146.558;146.562;146.711,156.797;156.779;156.845
8-41,1468,2048,open,3,146.598,156.802,57.736;66.617;72.024,0.193;0.151;0.351,2783;2926;1932,146.558;146.562;146.711,156.797;156.779;156.845
8-42,1468,2048,open,2,146.303,155.565,67.722;78.564,0.203;0.117,2893;2903,146.178;146.426,155.540;155.590
8-43,1468,2048,open,3,146.598,156.802,57.736;66.617;72.024,0.193;0.151;0.351,2783;2926;1932,146.558;146.562;146.711,156.797;156.779;156.845
8-44,1468,2048,open,2,146.303,155.565,67.722;78.564,0.203;0.117,2893;2903,146.178;146.426,155.540;155.590
8-45,1468,2048,open,3,146.598,156.802,57.736;66.617;72.024,0.193;0.151;0.351,2783;2926;1932,146.558;146.562;146.711,156.797;156.779;156.845
8-46,1468,2048,open,3,146.598,156.802,57.736;66.617;72.024,0.193;0.151;0.351,2783;2926;1932,146.558;146.562;146.711,156.797;156.779;156.845
8-47,1468,2048,open,3,146.598,156.802,57.736;66.617;72.024,0.193;0.151;0.351,2783;2926;1932,146.558;146.562;146.711,156.797;156.779;156.845
8-48,1468,2048,open,2,146.303,155.565,67.722;78.564,0.203;0.117,2893;2903,146.178;146.426,155.540;155.590
8-49,1468,2048,open,3,146.598,156.802,57.736;66.617;72.024,0.193;0.151;0.351,2783;2926;1932,146.558;146.562;146.711,156.797;156.779;156.845
8-5,1468,2048,open,3,146.598,156.802,57.736;66.617;72.024,0.193;0.151;0.351,2783;2926;1932,146.558;146.562;146.711,156.797;156.779;156.845
8-50,1468,2048,open,3,146.598,156.802,57.736;66.617;72.024,0.193;0.151;0.351,2783;2926;1932,146.558;146.562;146.711,156.797;156.779;156.845
8-51,1468,2048,open,3,146.598,156.802,57.736;66.617;72.024,0.193;0.151;0.351,2783;2926;1932,146.558;146.562;146.711,156.797;156.779;156.845
8-52,1468,2048,open,3,146.598,156.802,57.736;66.617;72.024,0.193;0.151;0.351,2783;2926;1932,146.558;146.562;146.711,156.797;156.779;156.845
8-53,1468,2048,open,3,146.598,156.802,57.736;66.617;72.024,0.193;0.151;0.351,2783;2926;1932,146.558;146.562;146.711,156.797;156.779;156.845
8-54,1468,2048,open,3,146.598,156.802,57.736;66.617;72.024,0.193;0.151;0.351,2783;2926;1932,146.558;146.562;146.711,156.797;156.779;156.845
8-55,1468,2048,open,3,146.598,156.802,57.736;66.617;72.024,0.193;0.151;0.351,2783;2926;1932,146.558;146.562;146.711,156.797;156.779;156.845
8-56,1468,2048,open,3,146.598,156.802,57.736;66.617;72.024,0.193;0.151;0.351,2783;2926;1932,146.558;146.562;146.711,156.797;156.779;156.845
8-57,1468,2048,open,3,146.598,156.802,57.736;66.617;72.024,0.193;0.151;0.351,2783;2926;1932,146.558;146.562;146.711,156.797;156.779;156.845
8-58,1468,2048,open,3,146.598,156.802,57.736;66.617;72.024,0.193;0.151;0.351,2783;2926;1932,146.558;146.562;146.711,156.797;156.779;156.845
8-59,1468,2048,open,3,146.598,156.802,57.736;66.617;72.024,0.193;0.151;0.351,2783;2926;1932,146.558;146.562;146.711,156.797;156.779;156.845
8-6,1468,2048,open,3,146.598,156.802,57.736;66.617;72.024,0.193;0.151;0.351,2783;2926;1932,146.558;146.562;146.711,156.797;156.779;156.845
8-60,1468,2048,open,3,146.598,156.802,57.736;66.617;72.024,0.193;0.151;0.351,2783;2926;1932,146.558;146.562;146.711,156.797;156.779;156.845
8-61,1468,2048,open,3,146.598,156.802,57.736;66.617;72.024,0.193;0.151;0.351,2783;2926;1932,146.558;146.562;146.711,156.797;156.779;156.845
8-62,1468,2048,open,3,146.598,156.802,57.736;66.617;72.024,0.193;0.151;0.351,2783;2926;1932,146.558;146.562;146.711,156.797;156.779;156.845
8-63,1468,2048,open,2,146.303,155.565,67.722;78.564,0.203;0.117,2893;2903,146.178;146.426,155.540;155.590
8-64,1468,2048,open,3,146.598,156.802,57.736;66.617;72.024,0.193;0.151;0.351,2783;2926;1932,146.558;146.562;146.711,156.797;156.779;156.845
8-65,1468,2048,open,2,146.303,155.565,67.722;78.564,0.203;0.117,2893;2903,146.178;146.426,155.540;155.590
8-66,1468,2048,open,2,146.303,155.565,67.722;78.564,0.203;0.117,2893;2903,146.178;146.426,155.540;155.590
8-67,1468,2048,open,3,146.598,156.802,57.736;66.617;72.024,0.193;0.151;0.351,2783;2926;1932,146.558;146.562;146.711,156.797;156.779;156.845
8-68,1468,2048,open,2,146.303,155.565,67.722;78.564,0.203;0.117,2893;2903,146.178;146.426,155.540;155.590
8-69,1468,2048,open,2,146.302,155.565,67.722;78.563,0.203;0.117,2893;2903,146.178;146.426,155.540;155.589
8-7-C2,1468,2048,open,3,146.276,155.562,67.726;78.554;85.108,0.205;0.117;0.153,2949;2956;1762,146.180;146.424;146.190,155.537;155.589;155.559
8-7,1468,2048,open,2,146.303,155.565,67.722;78.564,0.203;0.117,2893;2903,146.178;146.426,155.540;155.590
8-70,1468,2048,open,2,146.303,155.565,67.722;78.564,0.203;0.117,2893;2903,146.178;146.426,155.540;155.590
8-71,1468,2048,open,3,146.598,156.802,57.736;66.617;72.024,0.193;0.151;0.351,2783;2926;1932,146.558;146.562;146.711,156.797;156.779;156.845
8-72,1468,2048,open,3,146.598,156.802,57.736;66.617;72.024,0.193;0.151;0.351,2783;2926;1932,146.558;146.562;146.711,156.797;156.779;156.845
8-73,1468,2048,open,2,146.303,155.565,67.722;78.564,0.203;0.117,2893;2903,146.178;146.426,155.540;155.590
8-74,1468,2048,open,2,146.303,155.565,67.722;78.564,0.203;0.117,2893;2903,146.178;146.426,155.540;155.590
8-75,1468,2048,open,3,146.598,156.802,57.736;66.617;72.024,0.193;0.151;0.351,2783;2926;1932,146.558;146.562;146.711,156.797;156.779;156.845
8-76,1468,2048,open,3,146.598,156.802,57.736;66.617;72.024,0.193;0.151;0.351,2783;2926;1932,146.558;146.562;146.711,156.797;156.779;156.845
8-77,1468,2048,open,3,146.598,156.802,57.736;66.617;72.024,0.193;0.151;0.351,2783;2926;1932,146.558;146.562;146.711,156.797;156.779;156.845
8-78,1468,2048,open,3,146.598,156.802,57.736;66.617;72.024,0.193;0.151;0.351,2783;2926;1932,146.558;146.562;146.711,156.797;156.779;156.845
8-79,1468,2048,open,2,146.303,155.565,67.722;78.564,0.203;0.117,2893;2903,146.178;146.426,155.540;155.590
8-8-D23,1468,2048,open,3,146.596,156.816,57.744;66.628;72.026,0.201;0.164;0.355,2717;2837;1923,146.557;146.555;146.710,156.810;156.798;156.850
8-8,1468,2048,open,3,146.598,156.802,57.736;66.617;72.024,0.193;0.151;0.351,2783;2926;1932,146.558;146.562;146.711,156.797;156.779;156.845
8-80,1468,2048,open,3,146.598,156.802,57.736;66.617;72.024,0.193;0.151;0.351,2783;2926;1932,146.558;146.562;146.711,156.797;156.779;156.845
8-81,1468,2048,open,3,146.598,156.802,57.736;66.617;72.024,0.193;0.151;0.351,2783;2926;1932,146.558;146.562;146.711,156.797;156.779;156.845
8-82,1468,2048,open,3,146.598,156.802,57.736;66.617;72.024,0.193;0.151;0.351,2783;2926;1932,146.558;146.562;146.711,156.797;156.779;156.845
8-83,1468,2048,open,2,146.303,155.565,67.722;78.564,0.203;0.117,2893;2903,146.178;146.426,155.540;155.590
8-84,1468,2048,open,3,146.653,156.724,57.738;66.596;72.160,0.193;0.155;0.177,2749;2914;1930,146.547;146.526;146.997,156.734;156.714;156.726
8-85,1468,2048,open,3,146.598,156.802,57.736;66.617;72.024,0.193;0.151;0.351,2783;2926;1932,146.558;146.562;146.711,156.797;156.779;156.845
8-86,1468,2048,open,3,146.598,156.802,57.736;66.617;72.024,0.193;0.151;0.351,2783;2926;1932,146.558;146.562;146.711,156.797;156.779;156.845
8-87,1468,2048,open,3,146.598,156.802,57.736;66.617;72.024,0.193;0.151;0.351,2783;2926;1932,146.558;146.562;146.711,156.797;156.779;156.845
8-88,1468,2048,open,3,146.598,156.802,57.736;66.617;72.024,0.193;0.151;0.351,2783;2926;1932,146.558;146.562;146.711,156.797;156.779;156.845
8-89,1468,2048,open,3,146.598,156.802,57.736;66.617;72.024,0.193;0.151;0.351,2783;2926;1932,146.558;146.562;146.711,156.797;156.779;156.845
8-9,1468,2048,open,2,146.303,155.565,67.722;78.564,0.203;0.117,2893;2903,146.178;146.426,155.540;155.590
8-90,1468,2048,open,3,146.598,156.802,57.736;66.617;72.024,0.193;0.151;0.351,2783;2926;1932,146.558;146.562;146.711,156.797;156.779;156.845
8-91,1468,2048,open,3,146.598,156.802,57.736;66.617;72.024,0.193;0.151;0.351,2783;2926;1932,146.558;146.562;146.711,156.797;156.779;156.845
8-92,1468,2048,open,3,146.598,156.802,57.736;66.617;72.024,0.193;0.151;0.351,2783;2926;1932,146.558;146.562;146.711,156.797;156.779;156.845
8-93,1468,2048,open,3,146.598,156.802,57.736;66.617;72.024,0.193;0.151;0.351,2783;2926;1932,146.558;146.562;146.711,156.797;156.779;156.845
8-94,1468,2048,open,3,146.598,156.802,57.736;66.617;72.024,0.193;0.151;0.351,2783;2926;1932,146.558;146.562;146.711,156.797;156.779;156.845
8-95,1468,2048,open,3,146.598,156.802,57.736;66.617;72.024,0.193;0.151;0.351,2783;2926;1932,146.558;146.562;146.711,156.797;156.779;156.845
8-96,1468,2048,open,3,146.598,156.802,57.736;66.617;72.024,0.193;0.151;0.351,2783;2926;1932,146.558;146.562;146.711,156.797;156.779;156.845
8-97,1468,2048,open,3,146.598,156.802,57.736;66.617;72.024,0.193;0.151;0.351,2783;2926;1932,146.558;146.562;146.711,156.797;156.779;156.845
8-98,1468,2048,open,3,146.598,156.802,57.736;66.617;72.024,0.193;0.151;0.351,2783;2926;1932,146.558;146.562;146.711,156.797;156.779;156.845
8-99,1468,2048,open,3,146.598,156.802,57.736;66.617;72.024,0.193;0.151;0.351,2783;2926;1932,146.558;146.562;146.711,156.797;156.779;156.845
9-0,1468,2048,open,3,146.598,156.802,57.736;66.617;72.024,0.193;0.151;0.351,2783;2926;1932,146.558;146.562;146.711,156.797;156.779;156.845
9-1-C2,1468,2048,open,3,146.570,156.806,57.745;66.598;72.038,0.192;0.156;0.351,2867;2980;2051,146.534;146.519;146.694,156.805;156.780;156.843
9-1-P3,1468,2048,open,3,146.598,156.802,57.736;66.617;72.024,0.193;0.151;0.351,2783;2926;1932,146.558;146.562;146.711,156.797;156.779;156.845
9-1,1468,2048,open,3,146.598,156.802,57.736;66.617;72.024,0.193;0.151;0.351,2783;2926;1932,146.558;146.562;146.711,156.797;156.779;156.845
9-10,1468,2048,open,3,146.598,156.802,57.736;66.617;72.024,0.193;0.151;0.351,2783;2926;1932,146.558;146.562;146.711,156.797;156.779;156.845
9-100,1468,2048,open,3,146.653,156.724,57.738;66.596;72.160,0.193;0.155;0.177,2749;2914;1930,146.547;146.526;146.997,156.734;156.714;156.726
9-101,1468,2048,open,3,146.653,156.724,57.738;66.596;72.160,0.193;0.155;0.177,2749;2914;1930,146.547;146.526;146.997,156.734;156.714;156.726
9-102,1468,2048,open,3,146.598,156.802,57.736;66.617;72.024,0.193;0.151;0.351,2783;2926;1932,146.558;146.562;146.711,156.797;156.779;156.845
9-103,1468,2048,open,3,146.598,156.802,57.736;66.617;72.024,0.193;0.151;0.351,2783;2926;1932,146.558;146.562;146.711,156.797;156.779;156.845
9-104,1468,2048,open,3,146.598,156.802,57.736;66.617;72.024,0.193;0.151;0.351,2783;2926;1932,146.558;146.562;146.711,156.797;156.779;156.845
9-105,1468,2048,open,2,146.303,155.562,67.721;78.562,0.204;0.118,2894;2904,146.179;146.427,155.538;155.586
9-106,1468,2048,open,3,146.664,156.797,57.738;66.612;72.180,0.194;0.162;0.186,2784;2938;1932,146.550;146.535;147.025,156.804;156.791;156.795
9-107,1468,2048,open,3,146.664,156.797,57.738;66.612;72.180,0.194;0.162;0.186,2784;2938;1932,146.550;146.535;147.025,156.804;156.791;156.795
9-108,1468,2048,open,3,146.598,156.802,57.736;66.617;72.024,0.193;0.151;0.351,2783;2926;1932,146.558;146.562;146.711,156.797;156.779;156.845
9-109,1468,2048,open,3,146.598,156.802,57.736;66.617;72.024,0.193;0.151;0.351,2783;2926;1932,146.558;146.562;146.711,156.797;156.779;156.845
9-11-P3,1468,2048,open,3,146.585,156.749,57.738;66.596;72.024,0.193;0.156;0.361,2761;2912;1925,146.558;146.532;146.705,156.749;156.720;156.794
9-11,1468,2048,open,3,146.598,156.802,57.736;66.617;72.024,0.193;0.151;0.351,2783;2926;1932,146.558;146.562;146.711,156.797;156.779;156.845
9-110,1468,2048,open,3,146.598,156.802,57.736;66.617;72.024,0.193;0.151;0.351,2783;2926;1932,146.558;146.562;146.711,156.797;156.779;156.845
9-111,1468,2048,open,3,146.598,156.802,57.736;66.617;72.024,0.193;0.151;0.351,2783;2926;1932,146.558;146.562;146.711,156.797;156.779;156.845
9-112,1468,2048,open,3,146.599,156.738,57.738;66.603;72.018,0.193;0.147;0.346,2762;2906;1915,146.564;146.555;146.716,156.739;156.712;156.779
9-113,1468,2048,open,3,146.598,156.802,57.736;66.617;72.024,0.193;0.151;0.351,2783;2926;1932,146.558;146.562;146.711,156.797;156.779;156.845
9-114,1468,2048,open,3,146.598,156.802,57.736;66.617;72.024,0.193;0.151;0.351,2783;2926;1932,146.558;146.562;146.711,156.797;156.779;156.845
9-115,1468,2048,open,3,146.598,156.802,57.736;66.617;72.024,0.193;0.151;0.351,2783;2926;1932,146.558;146.562;146.711,156.797;156.779;156.845
9-116,1468,2048,open,3,146.664,156.797,57.738;66.612;72.180,0.194;0.162;0.186,2784;2938;1932,146.550;146.535;147.025,156.804;156.791;156.795
9-117,1468,2048,open,3,146.598,156.802,57.736;66.617;72.024,0.193;0.151;0.351,2783;2926;1932,146.558;146.562;146.711,156.797;156.779;156.845
9-118,1468,2048,open,3,146.598,156.802,57.736;66.617;72.024,0.193;0.151;0.351,2783;2926;1932,146.558;146.562;146.711,156.797;156.779;156.845
9-119,1468,2048,open,2,146.303,155.565,67.722;78.564,0.203;0.117,2893;2903,146.178;146.426,155.540;155.590
9-12-P3,1468,2048,open,3,146.599,156.738,57.738;66.603;72.018,0.193;0.147;0.346,2762;2906;1915,146.564;146.555;146.716,156.739;156.712;156.779
9-12,1468,2048,open,2,146.303,155.562,67.721;78.562,0.204;0.118,2894;2904,146.179;146.427,155.538;155.586
9-120,1468,2048,open,3,146.598,156.802,57.736;66.617;72.024,0.193;0.151;0.351,2783;2926;1932,146.558;146.562;146.711,156.797;156.779;156.845
9-121,1468,2048,open,3,146.598,156.802,57.736;66.617;72.024,0.193;0.151;0.351,2783;2926;1932,146.558;146.562;146.711,156.797;156.779;156.845
9-122,1468,2048,open,3,146.598,156.802,57.736;66.617;72.024,0.193;0.151;0.351,2783;2926;1932,146.558;146.562;146.711,156.797;156.779;156.845
9-123,1468,2048,open,3,146.598,156.802,57.736;66.617;72.024,0.193;0.151;0.351,2783;2926;1932,146.558;146.562;146.711,156.797;156.779;156.845
9-124,1468,2048,open,2,146.303,155.565,67.722;78.564,0.203;0.117,2893;2903,146.178;146.426,155.540;155.590
9-125,1468,2048,open,3,146.598,156.802,57.736;66.617;72.024,0.193;0.151;0.351,2783;2926;1932,146.558;146.562;146.711,156.797;156.779;156.845
9-126,1468,2048,open,3,146.598,156.802,57.736;66.617;72.024,0.193;0.151;0.351,2783;2926;1932,146.558;146.562;146.711,156.797;156.779;156.845
9-127,1468,2048,open,3,146.598,156.802,57.736;66.617;72.024,0.193;0.151;0.351,2783;2926;1932,146.558;146.562;146.711,156.797;156.779;156.845
9-128,1468,2048,open,3,146.598,156.802,57.736;66.617;72.024,0.193;0.151;0.351,2783;2926;1932,146.558;146.562;146.711,156.797;156.779;156.845
9-129,1468,2048,open,3,146.598,156.802,57.736;66.617;72.024,0.193;0.151;0.351,2783;2926;1932,146.558;146.562;146.711,156.797;156.779;156.845
9-13,1468,2048,open,3,146.598,156.802,57.736;66.617;72.024,0.193;0.151;0.351,2783;2926;1932,146.558;146.562;146.711,156.797;156.779;156.845
9-130,1468,2048,open,3,146.598,156.802,57.736;66.617;72.024,0.193;0.151;0.351,2783;2926;1932,146.558;146.562;146.711,156.797;156.779;156.845
9-131,1468,2048,open,3,146.598,156.802,57.736;66.617;72.024,0.193;0.151;0.351,2783;2926;1932,146.558;146.562;146.711,156.797;156.779;156.845
9-132,1468,2048,open,3,146.598,156.802,57.736;66.617;72.024,0.193;0.151;0.351,2783;2926;1932,146.558;146.562;146.711,156.797;156.779;156.845
9-133,1468,2048,open,2,146.303,155.565,67.722;78.564,0.203;0.117,2893;2903,146.178;146.426,155.540;155.590
9-134,1468,2048,open,3,146.653,156.724,57.738;66.596;72.160,0.193;0.155;0.177,2749;2914;1930,146.547;146.526;146.997,156.734;156.714;156.726
9-135,1468,2048,open,2,146.303,155.565,67.722;78.564,0.203;0.117,2893;2903,146.178;146.426,155.540;155.590
9-136,1468,2048,open,3,146.598,156.802,57.736;66.617;72.024,0.193;0.151;0.351,2783;2926;1932,146.558;146.562;146.711,156.797;156.779;156.845
9-137,1468,2048,open,3,146.598,156.802,57.736;66.617;72.024,0.193;0.151;0.351,2783;2926;1932,146.558;146.562;146.711,156.797;156.779;156.845
9-138,1468,2048,open,3,146.664,156.797,57.738;66.612;72.180,0.194;0.162;0.186,2784;2938;1932,146.550;146.535;147.025,156.804;156.791;156.795
9-139,1468,2048,open,3,146.664,156.797,57.738;66.612;72.180,0.194;0.162;0.186,2784;2938;1932,146.550;146.535;147.025,156.804;156.791;156.795
9-14,1468,2048,open,3,146.664,156.797,57.738;66.612;72.180,0.194;0.162;0.186,2784;2938;1932,146.550;146.535;147.025,156.804;156.791;156.795
9-140,1468,2048,open,3,146.664,156.797,57.738;66.612;72.180,0.194;0.162;0.186,2784;2938;1932,146.550;146.535;147.025,156.804;156.791;156.795
9-141,1468,2048,open,3,146.598,156.802,57.736;66.617;72.024,0.193;0.151;0.351,2783;2926;1932,146.558;146.562;146.711,156.797;156.779;156.845
9-142,1468,2048,open,3,146.598,156.802,57.736;66.617;72.024,0.193;0.151;0.351,2783;2926;1932,146.558;146.562;146.711,156.797;156.779;156.845
9-143,1468,2048,open,2,146.299,155.564,67.722;78.563,0.203;0.118,2883;2770,146.178;146.425,155.540;155.589
9-144,1468,2048,open,3,146.598,156.802,57.736;66.617;72.024,0.193;0.151;0.351,2783;2926;1932,146.558;146.562;146.711,156.797;156.779;156.845
9-145,1468,2048,open,3,146.598,156.802,57.736;66.617;72.024,0.193;0.151;0.351,2783;2926;1932,146.558;146.562;146.711,156.797;156.779;156.845
9-146,1468,2048,open,3,146.598,156.802,57.736;66.617;72.024,0.193;0.151;0.351,2783;2926;1932,146.558;146.562;146.711,156.797;156.779;156.845
9-147,1468,2048,open,3,146.598,156.802,57.736;66.617;72.024,0.193;0.151;0.351,2783;2926;1932,146.558;146.562;146.711,156.797;156.779;156.845
9-148,1468,2048,open,3,146.598,156.802,57.736;66.617;72.024,0.193;0.151;0.351,2783;2926;1932,146.558;146.562;146.711,156.797;156.779;156.845
9-149,1468,2048,open,3,146.664,156.797,57.738;66.612;72.180,0.194;0.162;0.186,2784;2938;1932,146.550;146.535;147.025,156.804;156.791;156.795
9-15,1468,2048,open,3,146.598,156.802,57.736;66.617;72.024,0.193;0.151;0.351,2783;2926;1932,146.558;146.562;146.711,156.797;156.779;156.845
9-150,1468,2048,open,2,146.303,155.565,67.722;78.564,0.203;0.117,2893;2903,146.178;146.426,155.540;155.590
9-151,1468,2048,open,2,146.302,155.565,67.722;78.563,0.203;0.117,2893;2903,146.178;146.426,155.540;155.589
9-152,1468,2048,open,2,146.303,155.565,67.722;78.564,0.203;0.117,2893;2903,146.178;146.426,155.540;155.590
9-153,1468,2048,open,3,146.598,156.802,57.736;66.617;72.024,0.193;0.151;0.351,2783;2926;1932,146.558;146.562;146.711,156.797;156.779;156.845
9-154,1468,2048,open,3,146.598,156.802,57.736;66.617;72.024,0.193;0.151;0.351,2783;2926;1932,146.558;146.562;146.711,156.797;156.779;156.845
9-155,1468,2048,open,3,146.598,156.802,57.736;66.617;72.024,0.193;0.151;0.351,2783;2926;1932,146.558;146.562;146.711,156.797;156.779;156.845
9-156,1468,2048,open,3,146.598,156.802,57.736;66.617;72.024,0.193;0.151;0.351,2783;2926;1932,146.558;146.562;146.711,156.797;156.779;156.845
9-157,1468,2048,open,3,146.598,156.802,57.736;66.617;72.024,0.193;0.151;0.351,2783;2926;1932,146.558;146.562;146.711,156.797;156.779;156.845
9-158,1468,2048,open,3,146.664,156.797,57.738;66.612;72.180,0.194;0.162;0.186,2784;2938;1932,146.550;146.535;147.025,156.804;156.791;156.795
9-159,1468,2048,open,3,146.598,156.802,57.736;66.617;72.024,0.193;0.151;0.351,2783;2926;1932,146.558;146.562;146.711,156.797;156.779;156.845
9-16,1468,2048,open,3,146.598,156.802,57.736;66.617;72.024,0.193;0.151;0.351,2783;2926;1932,146.558;146.562;146.711,156.797;156.779;156.845
9-160,1468,2048,open,3,146.598,156.802,57.736;66.617;72.024,0.193;0.151;0.351,2783;2926;1932,146.558;146.562;146.711,156.797;156.779;156.845
9-161,1468,2048,open,3,146.598,156.802,57.736;66.617;72.024,0.193;0.151;0.351,2783;2926;1932,146.558;146.562;146.711,156.797;156.779;156.845
9-162,1468,2048,open,3,146.598,156.802,57.736;66.617;72.024,0.193;0.151;0.351,2783;2926;1932,146.558;146.562;146.711,156.797;156.779;156.845
9-163,1468,2048,open,3,146.598,156.802,57.736;66.617;72.024,0.193;0.151;0.351,2783;2926;1932,146.558;146.562;146.711,156.797;156.779;156.845
9-164,1468,2048,open,3,146.598,156.802,57.736;66.617;72.024,0.193;0.151;0.351,2783;2926;1932,146.558;146.562;146.711,156.797;156.779;156.845
9-165,1468,2048,open,2,146.302,155.565,67.722;78.564,0.203;0.117,2893;2903,146.178;146.426,155.540;155.589
9-166,1468,2048,open,2,146.303,155.565,67.722;78.564,0.203;0.117,2893;2903,146.178;146.426,155.540;155.590
9-167,1468,2048,open,3,146.653,156.725,57.738;66.597;72.160,0.193;0.156;0.177,2749;2915;1933,146.547;146.525;146.997,156.734;156.715;156.725
9-168,1468,2048,open,3,146.653,156.725,57.738;66.597;72.160,0.193;0.156;0.177,2749;2915;1933,146.547;146.525;146.997,156.734;156.715;156.725
9-169,1468,2048,open,3,146.653,156.724,57.738;66.596;72.160,0.193;0.155;0.177,2749;2914;1930,146.547;146.526;146.997,156.734;156.714;156.726
9-17,1468,2048,open,3,146.664,156.797,57.738;66.612;72.180,0.194;0.162;0.186,2784;2938;1932,146.550;146.535;147.025,156.804;156.791;156.795
9-170,1468,2048,open,3,146.598,156.802,57.736;66.617;72.024,0.193;0.151;0.351,2783;2926;1932,146.558;146.562;146.711,156.797;156.779;156.845
9-171,1468,2048,open,3,146.598,156.802,57.736;66.617;72.024,0.193;0.151;0.351,2783;2926;1932,146.558;146.562;146.711,156.797;156.779;156.845
9-172,1468,2048,open,2,146.178,155.638,67.795;78.562,0.150;0.151,2862;2696,146.055;146.310,155.591;155.688
9-173,1468,2048,open,2,146.303,155.565,67.722;78.564,0.203;0.117,2893;2903,146.178;146.426,155.540;155.590
9-174,1468,2048,open,3,146.598,156.802,57.736;66.617;72.024,0.193;0.151;0.351,2783;2926;1932,146.558;146.562;146.711,156.797;156.779;156.845
9-175,1468,2048,open,2,146.303,155.565,67.722;78.564,0.203;0.117,2893;2903,146.178;146.426,155.540;155.590
9-176,1468,2048,open,2,146.303,155.565,67.722;78.564,0.203;0.117,2893;2903,146.178;146.426,155.540;155.590
9-177,1468,2048,open,3,146.664,156.797,57.738;66.612;72.180,0.194;0.162;0.186,2784;2938;1932,146.550;146.535;147.025,156.804;156.791;156.795
9-178,1468,2048,open,3,146.598,156.802,57.736;66.617;72.024,0.193;0.151;0.351,2783;2926;1932,146.558;146.562;146.711,156.797;156.779;156.845
9-179,1468,2048,open,3,146.598,156.802,57.736;66.617;72.024,0.193;0.151;0.351,2783;2926;1932,146.558;146.562;146.711,156.797;156.779;156.845
9-18,1468,2048,open,3,146.598,156.802,57.736;66.617;72.024,0.193;0.151;0.351,2783;2926;1932,146.558;146.562;146.711,156.797;156.779;156.845
9-180,1468,2048,open,3,146.598,156.802,57.736;66.617;72.024,0.193;0.151;0.351,2783;2926;1932,146.558;146.562;146.711,156.797;156.779;156.845
9-181,1468,2048,open,3,146.598,156.802,57.736;66.617;72.024,0.193;0.151;0.351,2783;2926;1932,146.558;146.562;146.711,156.797;156.779;156.845
9-182,1468,2048,open,3,146.598,156.802,57.736;66.617;72.024,0.193;0.151;0.351,2783;2926;1932,146.558;146.562;146.711,156.797;156.779;156.845
9-183,1468,2048,open,3,146.664,156.797,57.738;66.612;72.180,0.194;0.162;0.186,2784;2938;1932,146.550;146.535;147.025,156.804;156.791;156.795
9-184,1468,2048,open,2,146.303,155.565,67.722;78.564,0.203;0.117,2893;2903,146.178;146.426,155.540;155.590
9-185,1468,2048,open,3,146.598,156.802,57.736;66.617;72.024,0.193;0.151;0.351,2783;2926;1932,146.558;146.562;146.711,156.797;156.779;156.845
9-186,1468,2048,open,3,146.598,156.802,57.736;66.617;72.024,0.193;0.151;0.351,2783;2926;1932,146.558;146.562;146.711,156.797;156.779;156.845
9-187,1468,2048,open,3,146.598,156.802,57.736;66.617;72.024,0.193;0.151;0.351,2783;2926;1932,146.558;146.562;146.711,156.797;156.779;156.845
9-188,1468,2048,open,3,146.598,156.802,57.736;66.617;72.024,0.193;0.151;0.351,2783;2926;1932,146.558;146.562;146.711,156.797;156.779;156.845
9-189,1468,2048,open,3,146.598,156.802,57.736;66.617;72.024,0.193;0.151;0.351,2783;2926;1932,146.558;146.562;146.711,156.797;156.779;156.845
9-19,1468,2048,open,3,146.598,156.802,57.736;66.617;72.024,0.193;0.151;0.351,2783;2926;1932,146.558;146.562;146.711,156.797;156.779;156.845
9-190,1468,2048,open,2,146.302,155.565,67.722;78.563,0.203;0.117,2893;2903,146.178;146.426,155.540;155.589
9-191,1468,2048,open,3,146.598,156.802,57.736;66.617;72.024,0.193;0.151;0.351,2783;2926;1932,146.558;146.562;146.711,156.797;156.779;156.845
9-192,1468,2048,open,3,146.664,156.797,57.738;66.612;72.180,0.194;0.162;0.186,2784;2938;1932,146.550;146.535;147.025,156.804;156.791;156.795
9-193,1468,2048,open,3,146.598,156.802,57.736;66.617;72.024,0.193;0.151;0.351,2783;2926;1932,146.558;146.562;146.711,156.797;156.779;156.845
9-194,1468,2048,open,3,146.598,156.802,57.736;66.617;72.024,0.193;0.151;0.351,2783;2926;1932,146.558;146.562;146.711,156.797;156.779;156.845
9-195,1468,2048,open,3,146.598,156.802,57.736;66.617;72.024,0.193;0.151;0.351,2783;2926;1932,146.558;146.562;146.711,156.797;156.779;156.845
9-196,1468,2048,open,3,146.598,156.802,57.736;66.617;72.024,0.193;0.151;0.351,2783;2926;1932,146.558;146.562;146.711,156.797;156.779;156.845
9-197,1468,2048,open,2,146.303,155.565,67.722;78.564,0.203;0.117,2893;2903,146.178;146.426,155.540;155.590
9-198,1468,2048,open,3,146.598,156.802,57.736;66.617;72.024,0.193;0.151;0.351,2783;2926;1932,146.558;146.562;146.711,156.797;156.779;156.845
9-199,1468,2048,open,3,146.598,156.802,57.736;66.617;72.024,0.193;0.151;0.351,2783;2926;1932,146.558;146.562;146.711,156.797;156.779;156.845
9-2-P3,1468,2048,open,3,146.601,156.803,57.732;66.618;72.021,0.192;0.150;0.350,2776;2917;1924,146.564;146.563;146.710,156.798;156.780;156.847
9-2,1468,2048,open,3,146.664,156.797,57.738;66.612;72.180,0.194;0.162;0.186,2784;2938;1932,146.550;146.535;147.025,156.804;156.791;156.795
9-20,1468,2048,open,3,146.598,156.802,57.736;66.617;72.024,0.193;0.151;0.351,2783;2926;1932,146.558;146.562;146.711,156.797;156.779;156.845
9-200,1468,2048,open,2,146.302,155.565,67.722;78.563,0.203;0.117,2893;2903,146.178;146.426,155.540;155.589
9-201,1468,2048,open,3,146.598,156.802,57.736;66.617;72.024,0.193;0.151;0.351,2783;2926;1932,146.558;146.562;146.711,156.797;156.779;156.845
9-202,1468,2048,open,2,146.303,155.565,67.722;78.564,0.203;0.117,2893;2903,146.178;146.426,155.540;155.590
9-203,1468,2048,open,3,146.653,156.724,57.738;66.596;72.160,0.193;0.155;0.177,2749;2914;1930,146.547;146.526;146.997,156.734;156.714;156.726
9-204,1468,2048,open,3,146.598,156.802,57.736;66.617;72.024,0.193;0.151;0.351,2783;2926;1932,146.558;146.562;146.711,156.797;156.779;156.845
9-205,1468,2048,open,3,147.764,156.739,57.759;66.561;72.137,0.211;0.169;0.179,2939;2983;2228,147.670;147.652;148.037,156.736;156.723;156.762
9-206,1468,2048,open,3,146.599,156.744,57.759;66.580;72.042,0.195;0.143;0.359,2898;2998;2220,146.559;146.561;146.704,156.739;156.710;156.797
9-207,1468,2048,open,3,146.599,156.744,57.759;66.580;72.042,0.195;0.143;0.359,2898;2998;2220,146.559;146.561;146.704,156.739;156.710;156.797
9-208,1468,2048,open,2,146.306,155.558,67.730;78.533,0.201;0.118,2990;2994,146.187;146.425,155.537;155.578
9-209,1468,2048,open,3,146.599,156.744,57.759;66.580;72.042,0.195;0.143;0.359,2898;2998;2220,146.559;146.561;146.704,156.739;156.710;156.797
9-21,1468,2048,open,2,146.303,155.562,67.721;78.562,0.204;0.118,2894;2904,146.179;146.427,155.538;155.586
9-210,1468,2048,open,3,146.599,156.744,57.759;66.580;72.042,0.195;0.143;0.359,2898;2998;2220,146.559;146.561;146.704,156.739;156.710;156.797
9-211,1468,2048,open,3,146.599,156.744,57.759;66.580;72.042,0.195;0.143;0.359,2898;2998;2220,146.559;146.561;146.704,156.739;156.710;156.797
9-212,1468,2048,open,3,146.599,156.744,57.759;66.580;72.042,0.195;0.143;0.359,2898;2998;2220,146.559;146.561;146.704,156.739;156.710;156.797
9-213,1468,2048,open,3,146.599,156.744,57.759;66.580;72.042,0.195;0.143;0.359,2898;2998;2220,146.559;146.561;146.704,156.739;156.710;156.797
9-214,1468,2048,open,3,146.599,156.744,57.759;66.580;72.042,0.195;0.143;0.359,2898;2998;2220,146.559;146.561;146.704,156.739;156.710;156.797
9-215,1468,2048,open,3,146.599,156.744,57.759;66.580;72.042,0.195;0.143;0.359,2898;2998;2220,146.559;146.561;146.704,156.739;156.710;156.797
9-216,1468,2048,open,2,146.305,155.560,67.730;78.533,0.201;0.117,2990;2995,146.186;146.424,155.539;155.580
9-217,1468,2048,open,3,146.600,156.744,57.759;66.581;72.042,0.194;0.143;0.359,2898;2998;2220,146.560;146.561;146.704,156.738;156.711;156.797
9-218,1468,2048,open,3,146.599,156.744,57.759;66.580;72.042,0.195;0.143;0.359,2898;2998;2220,146.559;146.561;146.704,156.739;156.710;156.797
9-219,1468,2048,open,3,146.599,156.744,57.759;66.580;72.042,0.195;0.143;0.359,2898;2998;2220,146.559;146.561;146.704,156.739;156.710;156.797
9-22,1468,2048,open,3,146.598,156.802,57.736;66.617;72.024,0.193;0.151;0.351,2783;2926;1932,146.558;146.562;146.711,156.797;156.779;156.845
9-220,1468,2048,open,2,146.305,155.560,67.730;78.533,0.201;0.117,2990;2994,146.186;146.424,155.539;155.581
9-221,1468,2048,open,3,146.599,156.744,57.759;66.580;72.042,0.195;0.143;0.359,2898;2998;2220,146.559;146.561;146.704,156.739;156.710;156.797
9-222,1468,2048,open,2,146.305,155.560,67.730;78.532,0.201;0.116,2990;2995,146.186;146.423,155.539;155.580
9-223,1468,2048,open,3,146.594,156.751,57.719;66.620;72.010,0.183;0.152;0.350,2684;2810;1845,146.562;146.555;146.700,156.747;156.724;156.799
9-224,1468,2048,open,3,146.600,156.750,57.714;66.624;72.008,0.183;0.156;0.343,2585;2729;1777,146.564;146.559;146.716,156.747;156.729;156.786
9-225,1468,2048,open,3,146.595,156.750,57.719;66.620;72.009,0.183;0.154;0.349,2684;2808;1846,146.562;146.557;146.699,156.747;156.721;156.798
9-226,1468,2048,open,3,146.600,156.750,57.714;66.624;72.008,0.183;0.156;0.343,2585;2729;1777,146.564;146.559;146.716,156.747;156.729;156.786
9-227,1468,2048,open,3,146.595,156.750,57.719;66.620;72.009,0.183;0.154;0.349,2684;2808;1846,146.562;146.557;146.699,156.747;156.721;156.798
9-228,1468,2048,open,3,146.595,156.750,57.719;66.620;72.009,0.183;0.154;0.349,2684;2808;1846,146.562;146.557;146.699,156.747;156.721;156.798
9-229,1468,2048,open,3,146.595,156.750,57.719;66.620;72.009,0.183;0.154;0.349,2684;2808;1846,146.562;146.557;146.699,156.747;156.721;156.798
9-23,1468,2048,open,3,146.664,156.797,57.738;66.612;72.180,0.194;0.162;0.186,2784;2938;1932,146.550;146.535;147.025,156.804;156.791;156.795
9-230,1468,2048,open,3,146.600,156.750,57.714;66.624;72.008,0.183;0.156;0.343,2585;2729;1777,146.564;146.559;146.716,156.747;156.729;156.786
9-231,1468,2048,open,3,146.600,156.750,57.714;66.624;72.008,0.183;0.156;0.343,2585;2729;1777,146.564;146.559;146.716,156.747;156.729;156.786
9-232,1468,2048,open,3,146.595,156.750,57.719;66.620;72.009,0.183;0.154;0.349,2684;2808;1846,146.562;146.557;146.699,156.747;156.721;156.798
9-233,1468,2048,open,3,146.600,156.750,57.714;66.624;72.008,0.183;0.156;0.343,2585;2729;1777,146.564;146.559;146.716,156.747;156.729;156.786
9-234,1468,2048,open,3,146.600,156.750,57.714;66.624;72.008,0.183;0.156;0.343,2585;2729;1777,146.564;146.559;146.716,156.747;156.729;156.786
9-235,1468,2048,open,3,146.600,156.750,57.714;66.624;72.008,0.183;0.156;0.343,2585;2729;1777,146.564;146.559;146.716,156.747;156.729;156.786
9-236,1468,2048,open,2,146.426,155.563,67.593;78.571,0.064;0.118,2835;2843,146.431;146.420,155.539;155.586
9-237,1468,2048,open,2,146.426,155.564,67.593;78.573,0.064;0.118,2835;2844,146.431;146.422,155.539;155.589
9-238,1468,2048,open,3,146.595,156.750,57.719;66.620;72.009,0.183;0.154;0.349,2684;2808;1846,146.562;146.557;146.699,156.747;156.721;156.798
9-239,1468,2048,open,2,146.426,155.563,67.593;78.572,0.064;0.118,2835;2845,146.431;146.421,155.539;155.588
9-24,1468,2048,open,3,146.598,156.802,57.736;66.617;72.024,0.193;0.151;0.351,2783;2926;1932,146.558;146.562;146.711,156.797;156.779;156.845
9-240,1468,2048,open,3,146.600,156.750,57.714;66.624;72.008,0.183;0.156;0.343,2585;2729;1777,146.564;146.559;146.716,156.747;156.729;156.786
9-241,1468,2048,window,3,146.728,156.394,58.111;66.091;72.823,0.310;0.229;0.385,2097;2158;1502,146.598;146.525;147.201,156.421;156.405;156.342
9-242,1468,2048,window,3,146.657,156.402,57.950;66.189;72.686,0.280;0.187;0.355,2702;2775;1843,146.504;146.500;147.119,156.410;156.422;156.359
9-25,1468,2048,open,3,146.598,156.802,57.736;66.617;72.024,0.193;0.151;0.351,2783;2926;1932,146.558;146.562;146.711,156.797;156.779;156.845
9-26,1468,2048,open,3,146.599,156.801,57.736;66.616;72.022,0.194;0.151;0.360,2783;2921;1917,146.558;146.562;146.714,156.797;156.778;156.841
9-27,1468,2048,open,3,146.664,156.797,57.738;66.612;72.180,0.194;0.162;0.186,2784;2938;1932,146.550;146.535;147.025,156.804;156.791;156.795
9-28,1468,2048,open,3,146.598,156.802,57.736;66.617;72.024,0.193;0.151;0.351,2783;2926;1932,146.558;146.562;146.711,156.797;156.779;156.845
9-29,1468,2048,open,2,146.303,155.565,67.722;78.564,0.203;0.117,2893;2903,146.178;146.426,155.540;155.590
9-3-P3,1468,2048,open,3,146.598,156.802,57.736;66.617;72.024,0.193;0.151;0.351,2783;2926;1932,146.558;146.562;146.711,156.797;156.779;156.845
9-3,1468,2048,open,3,146.598,156.802,57.736;66.617;72.024,0.193;0.151;0.351,2783;2926;1932,146.558;146.562;146.711,156.797;156.779;156.845
9-30,1468,2048,open,3,146.598,156.802,57.736;66.617;72.024,0.193;0.151;0.351,2783;2926;1932,146.558;146.562;146.711,156.797;156.779;156.845
9-31,1468,2048,open,3,146.598,156.802,57.736;66.617;72.024,0.193;0.151;0.351,2783;2926;1932,146.558;146.562;146.711,156.797;156.779;156.845
9-32,1468,2048,open,2,146.303,155.565,67.722;78.564,0.203;0.117,2893;2903,146.178;146.426,155.540;155.590
9-33,1468,2048,open,2,146.303,155.565,67.722;78.564,0.203;0.117,2893;2903,146.178;146.426,155.540;155.590
9-34,1468,2048,open,3,146.598,156.802,57.736;66.617;72.024,0.193;0.151;0.351,2783;2926;1932,146.558;146.562;146.711,156.797;156.779;156.845
9-35,1468,2048,open,3,146.598,156.802,57.736;66.617;72.024,0.193;0.151;0.351,2783;2926;1932,146.558;146.562;146.711,156.797;156.779;156.845
9-36,1468,2048,open,3,146.664,156.797,57.738;66.612;72.180,0.194;0.162;0.186,2784;2938;1932,146.550;146.535;147.025,156.804;156.791;156.795
9-37,1468,2048,open,2,146.303,155.562,67.721;78.562,0.204;0.118,2894;2904,146.179;146.427,155.538;155.586
9-38,1468,2048,open,3,146.598,156.802,57.736;66.617;72.024,0.193;0.151;0.351,2783;2926;1932,146.558;146.562;146.711,156.797;156.779;156.845
9-39-P3,1468,2048,open,3,146.597,156.740,57.746;66.590;72.027,0.195;0.144;0.347,2817;2965;2024,146.556;146.558;146.710,156.737;156.710;156.786
9-39,1468,2048,open,3,146.598,156.802,57.736;66.617;72.024,0.193;0.151;0.351,2783;2926;1932,146.558;146.562;146.711,156.797;156.779;156.845
9-4-P3,1468,2048,open,3,146.587,156.777,57.740;66.606;72.025,0.193;0.163;0.350,2774;2932;1933,146.556;146.538;146.707,156.773;156.755;156.816
9-4,1468,2048,open,3,146.598,156.802,57.736;66.617;72.024,0.193;0.151;0.351,2783;2926;1932,146.558;146.562;146.711,156.797;156.779;156.845
9-40-P3,1468,2048,open,3,146.647,156.826,57.369;67.129;71.647,0.123;0.230;0.400,2980;2964;2219,146.470;146.599;146.949,156.827;156.877;156.758
9-40,1468,2048,open,3,146.598,156.802,57.736;66.617;72.024,0.193;0.151;0.351,2783;2926;1932,146.558;146.562;146.711,156.797;156.779;156.845
9-41,1468,2048,open,3,146.598,156.802,57.736;66.617;72.024,0.193;0.151;0.351,2783;2926;1932,146.558;146.562;146.711,156.797;156.779;156.845
9-42,1468,2048,open,2,146.303,155.565,67.722;78.564,0.203;0.117,2893;2903,146.178;146.426,155.540;155.590
9-43,1468,2048,open,2,146.302,155.565,67.722;78.563,0.203;0.117,2893;2903,146.178;146.426,155.540;155.589
9-44,1468,2048,open,3,146.598,156.802,57.736;66.617;72.024,0.193;0.151;0.351,2783;2926;1932,146.558;146.562;146.711,156.797;156.779;156.845
9-45,1468,2048,open,3,146.598,156.802,57.736;66.617;72.024,0.193;0.151;0.351,2783;2926;1932,146.558;146.562;146.711,156.797;156.779;156.845
9-46,1468,2048,open,3,146.598,156.802,57.736;66.617;72.024,0.193;0.151;0.351,2783;2926;1932,146.558;146.562;146.711,156.797;156.779;156.845
9-47,1468,2048,open,3,146.598,156.802,57.736;66.617;72.024,0.193;0.151;0.351,2783;2926;1932,146.558;146.562;146.711,156.797;156.779;156.845
9-48,1468,2048,open,3,146.598,156.802,57.736;66.617;72.024,0.193;0.151;0.351,2783;2926;1932,146.558;146.562;146.711,156.797;156.779;156.845
9-49,1468,2048,open,3,146.598,156.802,57.736;66.617;72.024,0.193;0.151;0.351,2783;2926;1932,146.558;146.562;146.711,156.797;156.779;156.845
9-5-C2,1468,2048,open,3,146.570,156.806,57.745;66.598;72.038,0.192;0.156;0.351,2867;2980;2051,146.534;146.519;146.694,156.805;156.780;156.843
9-5-P3,1468,2048,open,3,146.670,156.700,57.755;66.574;72.183,0.199;0.152;0.164,1942;2073;1370,146.555;146.543;147.026,156.709;156.706;156.679
9-5,1468,2048,open,3,146.598,156.802,57.736;66.617;72.024,0.193;0.151;0.351,2783;2926;1932,146.558;146.562;146.711,156.797;156.779;156.845
9-50,1468,2048,open,3,146.598,156.802,57.736;66.617;72.024,0.193;0.151;0.351,2783;2926;1932,146.558;146.562;146.711,156.797;156.779;156.845
9-51,1468,2048,open,3,146.598,156.802,57.736;66.617;72.024,0.193;0.151;0.351,2783;2926;1932,146.558;146.562;146.711,156.797;156.779;156.845
9-52,1468,2048,open,3,146.598,156.802,57.736;66.617;72.024,0.193;0.151;0.351,2783;2926;1932,146.558;146.562;146.711,156.797;156.779;156.845
9-53,1468,2048,open,3,146.598,156.802,57.736;66.617;72.024,0.193;0.151;0.351,2783;2926;1932,146.558;146.562;146.711,156.797;156.779;156.845
9-54,1468,2048,open,2,146.303,155.565,67.722;78.564,0.203;0.117,2893;2903,146.178;146.426,155.540;155.590
9-55,1468,2048,open,3,146.598,156.802,57.736;66.617;72.024,0.193;0.151;0.351,2783;2926;1932,146.558;146.562;146.711,156.797;156.779;156.845
9-56,1468,2048,open,3,146.598,156.802,57.736;66.617;72.024,0.193;0.151;0.351,2783;2926;1932,146.558;146.562;146.711,156.797;156.779;156.845
9-57,1468,2048,open,2,146.303,155.562,67.721;78.562,0.204;0.118,2894;2904,146.179;146.427,155.538;155.586
9-58,1468,2048,open,2,146.303,155.565,67.722;78.564,0.203;0.117,2893;2903,146.178;146.426,155.540;155.590
9-59,1468,2048,open,3,146.664,156.797,57.738;66.612;72.180,0.194;0.162;0.186,2784;2938;1932,146.550;146.535;147.025,156.804;156.791;156.795
9-6,1468,2048,open,3,146.598,156.802,57.736;66.617;72.024,0.193;0.151;0.351,2783;2926;1932,146.558;146.562;146.711,156.797;156.779;156.845
9-60,1468,2048,open,2,146.303,155.565,67.722;78.564,0.203;0.117,2893;2903,146.178;146.426,155.540;155.590
9-61,1468,2048,open,3,146.598,156.802,57.736;66.617;72.024,0.193;0.151;0.351,2783;2926;1932,146.558;146.562;146.711,156.797;156.779;156.845
9-62,1468,2048,open,2,146.303,155.562,67.721;78.562,0.204;0.118,2894;2904,146.179;146.427,155.538;155.586
9-63,1468,2048,open,3,146.598,156.802,57.736;66.617;72.024,0.193;0.151;0.351,2783;2926;1932,146.558;146.562;146.711,156.797;156.779;156.845
9-64,1468,2048,open,3,146.653,156.724,57.738;66.596;72.160,0.193;0.155;0.177,2749;2914;1930,146.547;146.526;146.997,156.734;156.714;156.726
9-65,1468,2048,open,2,146.303,155.565,67.722;78.564,0.203;0.117,2893;2903,146.178;146.426,155.540;155.590
9-66,1468,2048,open,3,146.653,156.724,57.738;66.596;72.160,0.193;0.155;0.177,2749;2914;1930,146.547;146.526;146.997,156.734;156.714;156.726
9-67,1468,2048,open,3,146.653,156.724,57.738;66.596;72.160,0.193;0.155;0.177,2749;2914;1930,146.547;146.526;146.997,156.734;156.714;156.726
9-68,1468,2048,open,3,146.598,156.802,57.736;66.617;72.024,0.193;0.151;0.351,2783;2926;1932,146.558;146.562;146.711,156.797;156.779;156.845
9-69,1468,2048,open,2,146.303,155.565,67.722;78.564,0.203;0.117,2893;2903,146.178;146.426,155.540;155.590
9-7-P3,1468,2048,open,2,146.178,155.638,67.795;78.562,0.150;0.151,2862;2696,146.055;146.310,155.591;155.688
9-7,1468,2048,open,3,146.598,156.802,57.736;66.617;72.024,0.193;0.151;0.351,2783;2926;1932,146.558;146.562;146.711,156.797;156.779;156.845
9-70,1468,2048,open,3,146.664,156.797,57.738;66.612;72.180,0.194;0.162;0.186,2784;2938;1932,146.550;146.535;147.025,156.804;156.791;156.795
9-71,1468,2048,open,2,146.303,155.562,67.721;78.562,0.204;0.118,2894;2904,146.179;146.427,155.538;155.586
9-72,1468,2048,open,2,146.303,155.565,67.722;78.564,0.203;0.117,2893;2903,146.178;146.426,155.540;155.590
9-73,1468,2048,open,3,146.598,156.802,57.736;66.617;72.024,0.193;0.151;0.351,2783;2926;1932,146.558;146.562;146.711,156.797;156.779;156.845
9-74,1468,2048,open,3,146.598,156.802,57.736;66.617;72.024,0.193;0.151;0.351,2783;2926;1932,146.558;146.562;146.711,156.797;156.779;156.845
9-75,1468,2048,open,3,146.598,156.802,57.736;66.617;72.024,0.193;0.151;0.351,2783;2926;1932,146.558;146.562;146.711,156.797;156.779;156.845
9-76,1468,2048,open,3,146.598,156.802,57.736;66.617;72.024,0.193;0.151;0.351,2783;2926;1932,146.558;146.562;146.711,156.797;156.779;156.845
9-77,1468,2048,open,3,146.598,156.802,57.736;66.617;72.024,0.193;0.151;0.351,2783;2926;1932,146.558;146.562;146.711,156.797;156.779;156.845
9-78,1468,2048,open,3,146.598,156.802,57.736;66.617;72.024,0.193;0.151;0.351,2783;2926;1932,146.558;146.562;146.711,156.797;156.779;156.845
9-79,1468,2048,open,3,146.598,156.802,57.736;66.617;72.024,0.193;0.151;0.351,2783;2926;1932,146.558;146.562;146.711,156.797;156.779;156.845
9-8-P3,1468,2048,open,3,146.475,156.910,57.751;66.652;72.042,0.204;0.167;0.358,2818;2970;2035,146.440;146.434;146.583,156.905;156.901;156.929
9-8,1468,2048,open,3,146.598,156.802,57.736;66.617;72.024,0.193;0.151;0.351,2783;2926;1932,146.558;146.562;146.711,156.797;156.779;156.845
9-80,1468,2048,open,3,146.598,156.802,57.736;66.617;72.024,0.193;0.151;0.351,2783;2926;1932,146.558;146.562;146.711,156.797;156.779;156.845
9-81,1468,2048,open,3,146.598,156.802,57.736;66.617;72.024,0.193;0.151;0.351,2783;2926;1932,146.558;146.562;146.711,156.797;156.779;156.845
9-82,1468,2048,open,3,146.598,156.802,57.736;66.617;72.024,0.193;0.151;0.351,2783;2926;1932,146.558;146.562;146.711,156.797;156.779;156.845
9-83,1468,2048,open,3,146.598,156.802,57.736;66.617;72.024,0.193;0.151;0.351,2783;2926;1932,146.558;146.562;146.711,156.797;156.779;156.845
9-84,1468,2048,open,3,146.598,156.802,57.736;66.617;72.024,0.193;0.151;0.351,2783;2926;1932,146.558;146.562;146.711,156.797;156.779;156.845
9-85,1468,2048,open,3,146.598,156.802,57.736;66.617;72.024,0.193;0.151;0.351,2783;2926;1932,146.558;146.562;146.711,156.797;156.779;156.845
9-86,1468,2048,open,3,146.598,156.802,57.736;66.617;72.024,0.193;0.151;0.351,2783;2926;1932,146.558;146.562;146.711,156.797;156.779;156.845
9-87,1468,2048,open,3,146.664,156.797,57.738;66.612;72.180,0.194;0.162;0.186,2784;2938;1932,146.550;146.535;147.025,156.804;156.791;156.795
9-88,1468,2048,open,3,146.598,156.802,57.736;66.617;72.024,0.193;0.151;0.351,2783;2926;1932,146.558;146.562;146.711,156.797;156.779;156.845
9-89,1468,2048,open,3,146.598,156.802,57.736;66.617;72.024,0.193;0.151;0.351,2783;2926;1932,146.558;146.562;146.711,156.797;156.779;156.845
9-9-P3,1468,2048,open,2,146.303,155.565,67.722;78.564,0.203;0.117,2893;2903,146.178;146.426,155.540;155.590
9-9,1468,2048,open,3,146.598,156.802,57.736;66.617;72.024,0.193;0.151;0.351,2783;2926;1932,146.558;146.562;146.711,156.797;156.779;156.845
9-90,1468,2048,open,3,146.664,156.797,57.738;66.612;72.180,0.194;0.162;0.186,2784;2938;1932,146.550;146.535;147.025,156.804;156.791;156.795
9-91,1468,2048,open,3,146.664,156.797,57.738;66.612;72.180,0.194;0.162;0.186,2784;2938;1932,146.550;146.535;147.025,156.804;156.791;156.795
9-92,1468,2048,open,3,146.598,156.802,57.736;66.617;72.024,0.193;0.151;0.351,2783;2926;1932,146.558;146.562;146.711,156.797;156.779;156.845
9-93,1468,2048,open,3,146.598,156.802,57.736;66.617;72.024,0.193;0.151;0.351,2783;2926;1932,146.558;146.562;146.711,156.797;156.779;156.845
9-94,1468,2048,open,3,146.598,156.802,57.736;66.617;72.024,0.193;0.151;0.351,2783;2926;1932,146.558;146.562;146.711,156.797;156.779;156.845
9-95,1468,2048,open,3,146.598,156.802,57.736;66.617;72.024,0.193;0.151;0.351,2783;2926;1932,146.558;146.562;146.711,156.797;156.779;156.845
9-96,1468,2048,open,3,146.598,156.802,57.736;66.617;72.024,0.193;0.151;0.351,2783;2926;1932,146.558;146.562;146.711,156.797;156.779;156.845
9-97,1468,2048,open,2,146.303,155.565,67.722;78.564,0.203;0.117,2893;2903,146.178;146.426,155.540;155.590
9-98,1468,2048,open,2,146.303,155.565,67.722;78.564,0.203;0.117,2893;2903,146.178;146.426,155.540;155.590
9-99,1468,2048,open,2,146.303,155.565,67.722;78.564,0.203;0.117,2893;2903,146.178;146.426,155.540;155.590
Q1-1,1468,2048,open,3,146.696,156.785,57.768;66.571;72.241,0.205;0.134;0.209,2753;2926;1960,146.558;146.568;147.082,156.796;156.770;156.793
Q1-10,1468,2048,open,3,146.696,156.785,57.768;66.571;72.241,0.205;0.134;0.209,2753;2926;1960,146.558;146.568;147.082,156.796;156.770;156.793
Q1-11,1468,2048,open,3,146.696,156.785,57.768;66.571;72.241,0.205;0.134;0.209,2753;2926;1960,146.558;146.568;147.082,156.796;156.770;156.793
Q1-12,1468,2048,open,3,146.696,156.785,57.768;66.571;72.241,0.205;0.134;0.209,2753;2926;1960,146.558;146.568;147.082,156.796;156.770;156.793
Q1-13,1468,2048,open,3,146.696,156.785,57.768;66.571;72.241,0.205;0.134;0.209,2753;2926;1960,146.558;146.568;147.082,156.796;156.770;156.793
Q1-14,1468,2048,open,3,146.696,156.785,57.768;66.571;72.241,0.205;0.134;0.209,2753;2926;1960,146.558;146.568;147.082,156.796;156.770;156.793
Q1-15,1468,2048,open,3,146.696,156.785,57.768;66.571;72.241,0.205;0.134;0.209,2753;2926;1960,146.558;146.568;147.082,156.796;156.770;156.793
Q1-16,1468,2048,open,3,146.696,156.785,57.768;66.571;72.241,0.205;0.134;0.209,2753;2926;1960,146.558;146.568;147.082,156.796;156.770;156.793
Q1-17,1468,2048,open,3,146.696,156.785,57.768;66.571;72.241,0.205;0.134;0.209,2753;2926;1960,146.558;146.568;147.082,156.796;156.770;156.793
Q1-18,1468,2048,open,3,146.696,156.785,57.768;66.571;72.241,0.205;0.134;0.209,2753;2926;1960,146.558;146.568;147.082,156.796;156.770;156.793
Q1-19,1468,2048,open,3,146.696,156.785,57.768;66.571;72.241,0.205;0.134;0.209,2753;2926;1960,146.558;146.568;147.082,156.796;156.770;156.793
Q1-2,1468,2048,open,3,146.696,156.785,57.768;66.571;72.241,0.205;0.134;0.209,2753;2926;1960,146.558;146.568;147.082,156.796;156.770;156.793
Q1-20,1468,2048,open,3,146.696,156.785,57.768;66.571;72.241,0.205;0.134;0.209,2753;2926;1960,146.558;146.568;147.082,156.796;156.770;156.793
Q1-21,1468,2048,open,3,146.696,156.785,57.768;66.571;72.241,0.205;0.134;0.209,2753;2926;1960,146.558;146.568;147.082,156.796;156.770;156.793
Q1-22,1468,2048,open,3,146.696,156.785,57.768;66.571;72.241,0.205;0.134;0.209,2753;2926;1960,146.558;146.568;147.082,156.796;156.770;156.793
Q1-23,1468,2048,open,3,146.696,156.785,57.768;66.571;72.241,0.205;0.134;0.209,2753;2926;1960,146.558;146.568;147.082,156.796;156.770;156.793
Q1-24,1468,2048,open,3,146.696,156.785,57.768;66.571;72.241,0.205;0.134;0.209,2753;2926;1960,146.558;146.568;147.082,156.796;156.770;156.793
Q1-25,1468,2048,open,3,146.696,156.785,57.768;66.571;72.241,0.205;0.134;0.209,2753;2926;1960,146.558;146.568;147.082,156.796;156.770;156.793
Q1-26,1468,2048,open,3,146.696,156.785,57.768;66.571;72.241,0.205;0.134;0.209,2753;2926;1960,146.558;146.568;147.082,156.796;156.770;156.793
Q1-27,1468,2048,open,3,146.696,156.785,57.768;66.571;72.241,0.205;0.134;0.209,2753;2926;1960,146.558;146.568;147.082,156.796;156.770;156.793
Q1-28,1468,2048,open,3,146.696,156.785,57.768;66.571;72.241,0.205;0.134;0.209,2753;2926;1960,146.558;146.568;147.082,156.796;156.770;156.793
Q1-29,1468,2048,open,3,146.696,156.785,57.768;66.571;72.241,0.205;0.134;0.209,2753;2926;1960,146.558;146.568;147.082,156.796;156.770;156.793
Q1-3,1468,2048,open,3,146.696,156.785,57.768;66.571;72.241,0.205;0.134;0.209,2753;2926;1960,146.558;146.568;147.082,156.796;156.770;156.793
Q1-30,1468,2048,open,3,146.696,156.785,57.768;66.571;72.241,0.205;0.134;0.209,2753;2926;1960,146.558;146.568;147.082,156.796;156.770;156.793
Q1-31,1468,2048,open,3,146.696,156.785,57.768;66.571;72.241,0.205;0.134;0.209,2753;2926;1960,146.558;146.568;147.082,156.796;156.770;156.793
Q1-4,1468,2048,open,3,146.696,156.785,57.768;66.571;72.241,0.205;0.134;0.209,2753;2926;1960,146.558;146.568;147.082,156.796;156.770;156.793
Q1-5,1468,2048,open,3,146.696,156.785,57.768;66.571;72.241,0.205;0.134;0.209,2753;2926;1960,146.558;146.568;147.082,156.796;156.770;156.793
Q1-6,1468,2048,open,3,146.696,156.785,57.768;66.571;72.241,0.205;0.134;0.209,2753;2926;1960,146.558;146.568;147.082,156.796;156.770;156.793
Q1-7,1468,2048,open,3,146.696,156.785,57.768;66.571;72.241,0.205;0.134;0.209,2753;2926;1960,146.558;146.568;147.082,156.796;156.770;156.793
Q1-8,1468,2048,open,3,146.696,156.785,57.768;66.571;72.241,0.205;0.134;0.209,2753;2926;1960,146.558;146.568;147.082,156.796;156.770;156.793
Q1-9,1468,2048,open,3,146.696,156.785,57.768;66.571;72.241,0.205;0.134;0.209,2753;2926;1960,146.558;146.568;147.082,156.796;156.770;156.793
Q2-1,1468,2048,open,3,149.569,156.808,57.734;66.606;72.024,0.187;0.158;0.343,2810;2937;2102,149.539;149.514;149.685,156.806;156.778;156.852
Q2-10,1468,2048,open,3,149.569,156.808,57.734;66.606;72.024,0.187;0.158;0.343,2810;2937;2102,149.539;149.514;149.685,156.806;156.778;156.852
Q2-11,1468,2048,open,3,149.569,156.808,57.734;66.606;72.024,0.187;0.158;0.343,2810;2937;2102,149.539;149.514;149.685,156.806;156.778;156.852
Q2-12,1468,2048,open,3,149.569,156.808,57.734;66.606;72.024,0.187;0.158;0.343,2810;2937;2102,149.539;149.514;149.685,156.806;156.778;156.852
Q2-13,1468,2048,open,3,149.569,156.808,57.734;66.606;72.024,0.187;0.158;0.343,2810;2937;2102,149.539;149.514;149.685,156.806;156.778;156.852
Q2-14,1468,2048,open,3,149.569,156.808,57.734;66.606;72.024,0.187;0.158;0.343,2810;2937;2102,149.539;149.514;149.685,156.806;156.778;156.852
Q2-15,1468,2048,open,3,149.569,156.808,57.734;66.606;72.024,0.187;0.158;0.343,2810;2937;2102,149.539;149.514;149.685,156.806;156.778;156.852
Q2-16,1468,2048,open,3,149.569,156.808,57.734;66.606;72.024,0.187;0.158;0.343,2810;2937;2102,149.539;149.514;149.685,156.806;156.778;156.852
Q2-17,1468,2048,open,3,149.569,156.808,57.734;66.606;72.024,0.187;0.158;0.343,2810;2937;2102,149.539;149.514;149.685,156.806;156.778;156.852
Q2-18,1468,2048,open,3,149.569,156.808,57.734;66.606;72.024,0.187;0.158;0.343,2810;2937;2102,149.539;149.514;149.685,156.806;156.778;156.852
Q2-19,1468,2048,open,3,149.569,156.808,57.734;66.606;72.024,0.187;0.158;0.343,2810;2937;2102,149.539;149.514;149.685,156.806;156.778;156.852
Q2-2,1468,2048,open,3,149.569,156.808,57.734;66.606;72.024,0.187;0.158;0.343,2810;2937;2102,149.539;149.514;149.685,156.806;156.778;156.852
Q2-20,1468,2048,open,3,149.569,156.808,57.734;66.606;72.024,0.187;0.158;0.343,2810;2937;2102,149.539;149.514;149.685,156.806;156.778;156.852
Q2-21,1468,2048,open,3,149.569,156.808,57.734;66.606;72.024,0.187;0.158;0.343,2810;2937;2102,149.539;149.514;149.685,156.806;156.778;156.852
Q2-22,1468,2048,open,3,149.569,156.808,57.734;66.606;72.024,0.187;0.158;0.343,2810;2937;2102,149.539;149.514;149.685,156.806;156.778;156.852
Q2-23,1468,2048,open,3,149.569,156.808,57.734;66.606;72.024,0.187;0.158;0.343,2810;2937;2102,149.539;149.514;149.685,156.806;156.778;156.852
Q2-24,1468,2048,open,3,149.569,156.808,57.734;66.606;72.024,0.187;0.158;0.343,2810;2937;2102,149.539;149.514;149.685,156.806;156.778;156.852
Q2-25,1468,2048,open,3,146.653,156.724,57.738;66.596;72.160,0.193;0.155;0.177,2749;2914;1930,146.547;146.526;146.997,156.734;156.714;156.726
Q2-26,1468,2048,open,3,146.653,156.724,57.738;66.596;72.160,0.193;0.155;0.177,2749;2914;1930,146.547;146.526;146.997,156.734;156.714;156.726
Q2-27,1468,2048,open,3,146.653,156.724,57.738;66.596;72.160,0.193;0.155;0.177,2749;2914;1930,146.547;146.526;146.997,156.734;156.714;156.726
Q2-28,1468,2048,open,3,146.475,156.910,57.751;66.652;72.042,0.204;0.167;0.358,2818;2970;2035,146.440;146.434;146.583,156.905;156.901;156.929
Q2-29,1468,2048,open,3,146.475,156.910,57.751;66.652;72.042,0.204;0.167;0.358,2818;2970;2035,146.440;146.434;146.583,156.905;156.901;156.929
Q2-3,1468,2048,open,3,149.569,156.808,57.734;66.606;72.024,0.187;0.158;0.343,2810;2937;2102,149.539;149.514;149.685,156.806;156.778;156.852
Q2-30,1468,2048,open,3,146.475,156.910,57.751;66.652;72.042,0.204;0.167;0.358,2818;2970;2035,146.440;146.434;146.583,156.905;156.901;156.929
Q2-31,1468,2048,open,3,146.475,156.910,57.751;66.652;72.042,0.204;0.167;0.358,2818;2970;2035,146.440;146.434;146.583,156.905;156.901;156.929
Q2-32,1468,2048,open,3,146.475,156.910,57.751;66.652;72.042,0.204;0.167;0.358,2818;2970;2035,146.440;146.434;146.583,156.905;156.901;156.929
Q2-33,1468,2048,open,3,146.475,156.910,57.751;66.652;72.042,0.204;0.167;0.358,2818;2970;2035,146.440;146.434;146.583,156.905;156.901;156.929
Q2-34,1468,2048,open,3,146.475,156.910,57.751;66.652;72.042,0.204;0.167;0.358,2818;2970;2035,146.440;146.434;146.583,156.905;156.901;156.929
Q2-35,1468,2048,open,3,146.475,156.910,57.751;66.652;72.042,0.204;0.167;0.358,2818;2970;2035,146.440;146.434;146.583,156.905;156.901;156.929
Q2-4,1468,2048,open,3,149.569,156.808,57.734;66.606;72.024,0.187;0.158;0.343,2810;2937;2102,149.539;149.514;149.685,156.806;156.778;156.852
Q2-5,1468,2048,open,3,149.569,156.808,57.734;66.606;72.024,0.187;0.158;0.343,2810;2937;2102,149.539;149.514;149.685,156.806;156.778;156.852
Q2-6,1468,2048,open,3,149.569,156.808,57.734;66.606;72.024,0.187;0.158;0.343,2810;2937;2102,149.539;149.514;149.685,156.806;156.778;156.852
Q2-7,1468,2048,open,3,149.569,156.808,57.734;66.606;72.024,0.187;0.158;0.343,2810;2937;2102,149.539;149.514;149.685,156.806;156.778;156.852
Q2-8,1468,2048,open,3,149.569,156.808,57.734;66.606;72.024,0.187;0.158;0.343,2810;2937;2102,149.539;149.514;149.685,156.806;156.778;156.852
Q2-9,1468,2048,open,3,149.569,156.808,57.734;66.606;72.024,0.187;0.158;0.343,2810;2937;2102,149.539;149.514;149.685,156.806;156.778;156.852
